tree
version=v4
num_class=1
num_tree_per_iteration=1
label_index=0
max_feature_idx=26
objective=lambdarank
feature_names=kicks handballs disposals marks goals behinds hitouts tackles clearances contested_possessions contested_marks goal_assists score_involvements intercepts uncontested_possessions effective_disposals disposal_efficiency marks_inside_50 one_percenters centre_clearances metres_gained tackles_inside_50 team_margin position_forward position_midfield position_defender position_ruck
feature_infos=[0:37] [0:35] [0:54] [0:21] [0:13] [0:7] [0:80] [0:20] [0:20] [0:32] [0:9] [0:6] [0:21] [0:22] [0:40] [0:45] [0:100] [0:13] [0:25] [0:12] [0:1169] [0:9] [-171:171] [0:1] [0:1] [0:1] [0:1]
tree_sizes=3421 3428 3419 3435 3425 3441 3422 3440 3432 3448 3436 3449 3449 3428 3451 3436 3435 3434 3438 3447 3440 3451 3460 3455 3462 3457 3454 3424 3451 3447 3465 3468 3426 3444 3460 3447 3457 3441 3446 3481 3448 3459 3428 3469 3445 3463 3445 3452 3461 3424 3454 3465 3435 3428 3441 3424 3451 3442 3417 3442 3420 3434 3425 3421 3434 3448 3448 3417 3434 3427 3414 3435 3454 3467 3401 3388 3436 3443 3440 3420 3440 3409 3433 3433 3417 3461 3406 3418 3444 3447 3409 3431 3406 3379 3395 3399 3401 3438 3404 3384

Tree=0
num_leaves=31
num_cat=0
split_feature=2 4 22 9 22 2 4 2 4 2 3 6 6 9 4 2 2 22 22 22 22 20 22 22 22 6 4 2 22 8
split_gain=5267.17 2295.22 425.599 360.676 198.029 142.138 140.511 140.461 93.1411 89.8899 73.6593 58.1586 52.7307 51.9824 51.9581 46.6312 37.2136 34.7385 34.5535 27.6436 27.5984 24.6817 22.1516 22.1208 19.6817 19.3616 19.2358 18.6341 18.4512 17.4069
threshold=23.500000000000004 2.5000000000000004 -18.499999999999996 8.5000000000000018 -1.0000000180025095e-35 27.500000000000004 3.5000000000000004 31.500000000000004 1.5000000000000002 17.500000000000004 9.5000000000000018 33.500000000000007 25.500000000000004 10.500000000000002 1.5000000000000002 17.500000000000004 19.500000000000004 -1.0000000180025095e-35 1.0000000180025095e-35 -33.499999999999993 1.5000000000000002 365.50000000000006 -8.4999999999999982 -8.4999999999999982 1.5000000000000002 31.500000000000004 1.5000000000000002 26.500000000000004 -1.0000000180025095e-35 6.5000000000000009
decision_type=2 2 2 2 2 2 2 2 2 2 2 2 2 2 2 2 2 2 2 2 2 2 2 2 2 2 2 2 2 2
left_child=1 3 7 10 25 8 9 14 13 17 11 16 15 20 19 -6 -1 -3 -18 -2 -4 26 -12 -8 -13 -5 29 -21 -15 -17
right_child=2 6 5 4 12 -7 23 -9 -10 -11 22 24 -14 28 -16 21 18 -19 -20 27 -22 -23 -24 -25 -26 -27 -28 -29 -30 -31
leaf_value=-0.19010081226314923 -0.16002278981501417 -0.17798148863523242 -0.06574095921132074 -0.168487309026359 -0.12328009358688036 0.17545786149206566 0.052964730050270241 0.10876707043584588 0.17443598677092029 0.13170624994354993 -0.18417667834409862 -0.14828881497507826 0.1166830772023032 0.028121609517632835 0.098245493714002152 -0.063878687354006147 -0.18915426263928228 -0.0063908576283133248 -0.097806413536584827 -0.1368400818499815 0.049072125091317718 0.092260723996378247 0.0028408176445380178 0.17386838354464285 0.052984052514278915 -0.03156590349043277 0.085679838685245965 0.0032280151330456087 0.1336308268282804 0.055799768947154264
leaf_weight=1144.0145975240903 50.90170915798808 16.444830390551942 25.838994906021981 110.54797522530862 32.665390314490651 1012.9001327980295 16.184786243495182 59.239190909778699 126.88119842130436 46.412790107890032 8.1068245682545221 7.4685047525563304 36.297330850060462 19.714808439050103 13.642869476054328 54.36521574993094 76.256368345413648 41.757505371155275 90.615253488338567 15.201670007751089 110.3442908088964 28.802880928378727 28.952985805102799 232.84241700729035 13.901662290823877 11.39184906426817 15.596103978969039 25.313984601671109 104.05795337203017 15.652138170604301
leaf_count=72465 2706 993 1099 6173 1963 7119 365 938 895 705 523 415 664 540 264 2575 4590 1692 4877 820 3317 663 1069 1741 415 420 344 810 1620 386
internal_value=0 -0.106331 0.137893 -0.155216 -0.0569339 0.155765 0.125155 -0.0143658 0.1042 0.0279034 -0.17713 -0.180998 0.00873898 0.0699192 -0.0837954 -0.0178998 -0.183666 -0.0548731 -0.13955 -0.110963 0.0272878 0.0121858 -0.0380692 0.166011 -0.0173573 -0.155696 -0.0147538 -0.0493262 0.116825 -0.037125
internal_weight=0 2028.28 1564.04 1674.64 305.319 1399.74 353.642 164.299 386.837 104.615 1369.32 1332.26 183.379 259.956 105.06 147.082 1310.89 58.2023 166.872 91.4174 136.183 114.416 37.0598 249.027 21.3702 121.94 85.6135 40.5157 123.773 70.0174
internal_count=123166 103038 20128 97542 13188 14590 5496 5538 7471 3390 84354 82762 6595 6576 4600 5931 81932 2685 9467 4336 4416 3968 1592 2106 830 6593 3305 1630 2160 2961
is_linear=0
shrinkage=0.1


Tree=1
num_leaves=31
num_cat=0
split_feature=0 2 4 4 9 9 22 4 9 22 22 2 12 22 4 4 2 9 9 7 2 10 19 2 2 0 8 22 9 22
split_gain=4048.02 1509.55 1372.61 614.369 556.296 472.605 318.321 218.525 231.876 177.472 141.587 135.422 104.61 103.682 79.2193 78.766 93.0249 76.1183 70.3006 69.9417 65.2869 68.5727 61.7752 60.3886 58.4926 56.9094 55.9214 55.5431 55.5387 52.0262
threshold=10.500000000000002 32.500000000000007 1.0000000180025095e-35 4.5000000000000009 10.500000000000002 9.5000000000000018 -1.0000000180025095e-35 4.5000000000000009 9.5000000000000018 -1.4999999999999998 -1.0000000180025095e-35 34.500000000000007 5.5000000000000009 -1.4999999999999998 1.5000000000000002 2.5000000000000004 22.500000000000004 9.5000000000000018 16.500000000000004 9.5000000000000018 30.500000000000004 1.5000000000000002 1.5000000000000002 26.500000000000004 29.500000000000004 13.500000000000002 3.5000000000000004 -12.499999999999998 12.500000000000002 37.500000000000007
decision_type=2 2 2 2 2 2 2 2 2 2 2 2 2 2 2 2 2 2 2 2 2 2 2 2 2 2 2 2 2 2
left_child=3 2 5 4 12 10 17 8 15 -7 -2 13 -1 -3 28 22 29 -4 27 25 21 -12 24 -16 -8 -11 -15 -6 -10 -17
right_child=1 11 6 -5 18 9 7 -9 14 19 20 -13 -14 26 23 16 -18 -19 -20 -21 -22 -23 -24 -25 -26 -27 -28 -29 -30 -31
leaf_value=-0.15584939830310296 -0.14476660332069277 -0.0026109531443784754 -0.068608758864851169 0.10057359648786322 -0.14086088971527691 -0.073989675415564213 -0.038114161851295937 0.14390190838541936 0.024805489220379517 -0.027875779919205451 -0.091306438336212159 0.13419720876775518 -0.097657605789261984 0.044806111634629261 0.072512046092908206 0.062462721760872392 0.12711967508804145 0.015095164108448245 0.048837182021069736 0.10599996507965713 -0.009577434043027331 0.010227815979937604 0.070465960921222426 0.13480374705727483 0.04264388588512185 0.027221549682855707 0.11480207374084739 -0.026758432378509958 0.084360424379198176 -0.034582101197375557
leaf_weight=1551.6804409618489 334.15758792683482 126.97381701134145 198.88530710223131 132.12359970994294 49.910726729314774 264.0369515621569 358.66996273375116 340.7632642313838 261.59639004571363 270.92501424765214 651.14995615230873 1198.8703238060698 385.71559562254697 153.44921165332198 259.76731568574905 122.45588406827301 122.58053193241358 239.43340430129319 109.00785160809755 83.532067205291241 155.75591984763741 74.083815316902474 94.74060049187392 388.21762177720666 119.5913276784122 608.55361073464155 445.53908617794514 293.74364180187695 390.09496560227126 100.6480455682613
leaf_count=64329 10055 472 3855 272 1590 2923 4492 453 1052 1403 9606 1551 8938 228 748 501 188 1741 334 170 277 996 418 417 191 1552 502 2687 741 484
internal_value=0 0.0374467 0.0105149 -0.10934 -0.120944 -0.0451361 0.0558571 0.0693439 0.057891 -0.00135943 -0.0893415 0.113557 -0.144264 0.0794707 0.0850728 0.0194366 0.0571351 -0.0228851 -0.0211349 0.0185542 -0.0683189 -0.0809345 -0.00330641 0.109832 -0.0179203 0.0102487 0.0968705 -0.0433301 0.0604544 0.0186833
internal_weight=0 7364.47 5439.64 2522.18 2390.06 2442.19 2997.44 2559.13 2218.36 1227.05 1215.15 1924.83 1937.4 725.962 1299.68 918.686 345.684 438.319 452.662 963.011 880.99 725.234 573.002 647.985 478.261 879.479 598.988 343.654 651.691 223.104
internal_count=123166 45016 42263 78150 77878 26982 15281 9685 9232 6048 20934 2753 73267 1202 2958 6274 1173 5596 4611 3125 10879 10602 5101 1165 4683 2955 730 4277 1793 985
is_linear=0
shrinkage=0.1


Tree=2
num_leaves=31
num_cat=0
split_feature=2 4 22 9 2 4 22 2 4 22 8 10 4 4 2 19 0 4 2 20 22 8 6 2 6 17 10 15 4 6
split_gain=4650.89 3018.74 419.826 407.997 231.343 230.009 173.52 131.348 130.567 112.643 103.693 98.3055 88.7339 79.9066 71.4923 70.7913 60.189 59.0133 49.1656 42.4799 41.3497 38.663 37.0853 40.2099 35.2538 34.8059 34.7428 31.556 31.1873 30.257
threshold=24.500000000000004 2.5000000000000004 -7.4999999999999991 7.5000000000000009 29.500000000000004 4.5000000000000009 -1.4999999999999998 14.500000000000002 2.5000000000000004 -43.499999999999993 3.5000000000000004 1.5000000000000002 1.5000000000000002 1.0000000180025095e-35 29.500000000000004 1.5000000000000002 16.500000000000004 5.5000000000000009 38.500000000000007 385.50000000000006 -2.4999999999999996 6.5000000000000009 38.500000000000007 21.500000000000004 14.500000000000002 1.0000000180025095e-35 3.5000000000000004 12.500000000000002 1.0000000180025095e-35 49.500000000000007
decision_type=2 2 2 2 2 2 2 2 2 2 2 2 2 2 2 2 2 2 2 2 2 2 2 2 2 2 2 2 2 2
left_child=1 3 9 16 8 7 -5 -3 10 18 -4 15 14 21 -11 22 26 -7 -2 -12 -9 -6 23 -8 27 -18 29 -13 -25 -1
right_child=2 5 4 6 13 17 11 20 -10 12 19 24 -14 -15 -16 -17 25 -19 -20 -21 -22 -23 -24 28 -26 -27 -28 -29 -30 -31
leaf_value=-0.14835450437726597 -0.12838992020191398 -0.053778549091896603 9.6100168484052154e-05 -0.12882528706138838 0.069030648248341195 0.083206773111650811 -0.12277975655899005 -0.053257241917795309 0.12864585696713249 -0.063832252968463135 0.042000870468397983 -0.09430667967156571 0.10407365357939716 0.12142661586603323 0.024833934507270859 -0.013559739900975665 -0.09802291162262583 0.14727356809372763 0.07731149198216504 0.086941140624790553 0.062877222725175139 0.10682822285935289 0.07219325237569682 -0.10482886347754859 0.079049957921629388 0.050252812004105585 -0.0015145463981864737 0.025785554877744022 -0.011355268262301351 0.082629546890997732
leaf_weight=2178.9656383807305 88.36029049102217 159.47523874416947 406.70896480511874 328.46618143375963 654.955999574624 311.18227600306273 204.32747930660844 33.406697861850262 199.94618830084801 139.01769479550421 487.06514898035675 32.388382647186518 89.887720379978418 1254.9817270915955 262.93459464330226 198.49399061547592 61.346338436938822 267.2546073012054 13.378802690654991 370.20569828897715 372.67557579046115 461.18464181572199 13.920359346084295 65.36507200403139 70.870021323673427 21.337550198659301 16.367466680705547 67.439904617145658 78.635312910191715 5.6858287965878835
leaf_count=76725 1931 2678 3465 10599 1641 502 5140 497 229 2516 1994 783 293 1719 1327 2086 1493 273 36 1094 1652 766 101 1109 496 243 319 693 700 66
internal_value=0 -0.0717472 0.0727026 -0.119722 0.0848157 0.06847 -0.0684465 0.0231229 0.0535578 -0.00555849 0.0416797 -0.0413323 0.0142543 0.104114 -0.00583182 -0.0615593 -0.143519 0.112807 -0.10134 0.061408 0.0533233 0.0846484 -0.0878607 -0.094257 0.0251134 -0.0597586 -0.146666 -0.0131773 -0.0537851 -0.147753
internal_weight=0 4487.6 4428.63 3343.61 3835.05 1143.99 1059.91 565.558 1463.93 593.579 1263.98 731.441 491.84 2371.12 401.952 560.742 2283.7 578.437 101.739 857.271 406.082 1116.14 362.248 348.328 170.698 82.6839 2201.02 99.8283 144 2184.65
internal_count=123166 106155 17011 100553 10908 5602 21707 4827 6782 6103 6553 11108 4136 4126 3843 9136 78846 775 1967 3088 2149 2407 7050 6949 1972 1736 77110 1476 1809 76791
is_linear=0
shrinkage=0.1


Tree=3
num_leaves=31
num_cat=0
split_feature=2 4 2 4 9 22 22 8 22 4 10 4 4 2 4 22 0 22 22 8 2 4 7 8 10 6 4 4 6 3
split_gain=3720.05 2242.35 453.004 354.626 238.072 164.642 159.149 128.027 120.469 89.1571 81.1411 80.8697 73.5831 63.0882 56.8591 45.1405 42.7088 41.0885 40.4845 36.1267 33.0823 31.4506 30.6498 30.2267 29.1284 28.0319 27.4307 25.3066 25.1632 24.9595
threshold=22.500000000000004 3.5000000000000004 28.500000000000004 1.5000000000000002 7.5000000000000009 -15.499999999999998 -1.0000000180025095e-35 5.5000000000000009 -1.0000000180025095e-35 5.5000000000000009 1.5000000000000002 2.5000000000000004 1.5000000000000002 35.500000000000007 1.5000000000000002 -31.499999999999996 11.500000000000002 -10.499999999999998 1.0000000180025095e-35 5.5000000000000009 36.500000000000007 3.5000000000000004 8.5000000000000018 2.5000000000000004 2.5000000000000004 35.500000000000007 1.0000000180025095e-35 1.5000000000000002 55.500000000000007 12.500000000000002
decision_type=2 2 2 2 2 2 2 2 2 2 2 2 2 2 2 2 2 2 2 2 2 2 2 2 2 2 2 2 2 2
left_child=1 4 3 5 11 -2 12 22 -6 18 23 28 15 14 19 -4 -13 -5 -3 -8 -17 -19 24 -10 26 -12 -7 -25 29 -1
right_child=2 9 6 17 8 7 13 -9 10 -11 25 16 -14 -15 -16 20 -18 21 -20 -21 -22 -23 -24 27 -26 -27 -28 -29 -30 -31
leaf_value=-0.13690678210558024 -0.1116571533500141 -0.035358335258340992 -0.046418821227713458 -0.016211228320872823 -0.12252559084210615 -0.054995142909821187 0.057065407410242103 0.045439198349751631 -0.10622693035069448 0.13442108324502058 -0.0032145205128485638 -0.10389834083328398 0.11098293653528568 0.12071702079199516 0.11608587022184756 0.015983842764859809 0.006656188334498706 0.077454225476338845 0.068580777505380594 0.089530799087063739 0.086312931696359715 0.13583406956028973 0.054810488676909325 -0.062883790018017291 0.072406766699261979 0.10367794658905016 -0.0085070016280187396 0.017660708233091613 0.12124908195545546 0.033764848210405228
leaf_weight=2006.2359723201953 148.80375962052494 41.084535309113562 89.525792584754527 38.43671755399555 266.44744296884164 352.40796667058021 652.45832136273384 395.21479290165007 130.78301662765443 240.0501772724092 153.41137426998466 84.418866653926671 102.55465164408088 631.75211348757148 421.97972280532122 280.58407638873905 59.622960405424237 399.56452182680368 426.42720265686512 722.10085467994213 87.81819224357605 119.990941375494 42.209067445248365 191.8704163171351 24.861223004758358 29.203684130683541 198.37477588979527 48.963373014703393 3.8043213803321114 8.6054165661334974
leaf_count=75845 4617 470 1243 330 9388 5261 2030 1997 3492 261 1901 2026 242 718 507 1587 445 1140 1341 1336 161 134 255 3630 157 117 1925 459 21 130
internal_value=0 -0.0751668 0.0589205 0.0180318 -0.113126 -0.0134365 0.0824495 0.000990618 -0.067268 0.0848828 -0.0407029 -0.130527 0.0344182 0.0935358 0.0839776 0.0172712 -0.0581367 0.0835562 0.0594467 0.0741205 0.0327486 0.090937 -0.0274413 -0.0675252 -0.0334724 0.0138797 -0.0382516 -0.0465085 -0.135693 -0.136178
internal_weight=0 3690.93 4708.64 1719.86 2983.37 1161.87 2988.77 1013.07 820.679 707.562 554.232 2162.69 560.483 2428.29 1796.54 457.928 144.042 557.992 467.512 1374.56 368.402 519.555 617.853 371.617 575.644 182.615 550.783 240.834 2018.65 2014.84
internal_count=123166 99526 23640 15816 97454 14212 7824 9595 18987 2072 9599 78467 3233 4591 3873 2991 2471 1604 1811 3366 1748 1274 7598 7581 7343 2018 7186 4089 75996 75975
is_linear=0
shrinkage=0.1


Tree=4
num_leaves=31
num_cat=0
split_feature=2 4 2 2 4 22 22 6 2 6 4 4 4 22 19 9 4 22 10 4 9 2 0 2 6 7 3 9 10 6
split_gain=3011.11 1823.07 405.702 189.416 169.706 162.241 147.476 96.4923 95.7774 94.4265 88.4875 72.0203 62.0471 59.9183 58.3819 43.3469 42.922 39.3402 38.1314 30.1114 29.5252 28.7452 28.5743 25.3761 25.2628 23.469 23.3563 22.3979 21.8 21.2968
threshold=25.500000000000004 2.5000000000000004 18.500000000000004 31.500000000000004 4.5000000000000009 -1.0000000180025095e-35 -6.4999999999999991 1.0000000180025095e-35 17.500000000000004 39.500000000000007 1.5000000000000002 1.5000000000000002 1.5000000000000002 -5.4999999999999991 1.5000000000000002 12.500000000000002 3.5000000000000004 -26.499999999999996 2.5000000000000004 5.5000000000000009 16.500000000000004 40.500000000000007 13.500000000000002 16.500000000000004 20.500000000000004 12.500000000000002 3.5000000000000004 5.5000000000000009 1.5000000000000002 23.500000000000004
decision_type=2 2 2 2 2 2 2 2 2 2 2 2 2 2 2 2 2 2 2 2 2 2 2 2 2 2 2 2 2 2
left_child=1 2 9 5 8 17 29 11 16 18 15 14 13 21 25 22 24 -2 -1 23 -15 -5 -7 -6 -3 28 -11 -19 -8 -4
right_child=3 4 6 12 19 10 7 -9 -10 26 -12 -13 -14 20 -16 -17 -18 27 -20 -21 -22 -23 -24 -25 -26 -27 -28 -29 -30 -31
leaf_value=-0.13073928108353958 -0.076865339558579368 -0.077822862536495632 -0.1174911292987811 0.015626229116805623 0.044228463135530381 -0.022359493366504651 -0.087237997782541821 0.045031769758701906 0.059840315582654374 -0.059349696954187542 0.092327810279860797 0.023073759604256745 0.12559350739469097 0.077768269591977315 -0.0089263156939219431 0.063094394086389352 0.011827992985733683 -0.1363466544363473 -0.062458254555346031 0.1245251506499217 0.1118507681321548 0.12035577474145201 0.033590815377419876 0.10842329430984057 0.14387281469151003 0.11387879181946159 0.083711815190193883 0.0074488193116508117 -0.019576782369619617 0.022327241202113129
leaf_weight=1816.3624522732571 89.344313383102417 115.53943623090163 282.93260477622971 184.48632725700736 128.88288067467511 110.98322317097336 408.90308070229366 142.03133397363126 278.69861114304513 21.24809131398797 484.73164077848196 130.57625521533191 360.21788237988949 870.36845546029508 174.08976726606488 502.94756520166993 152.39431703370064 11.363207360729573 85.642941705882549 242.32189497351646 359.0175644364208 30.547001656144857 514.12577816098928 117.91630652826279 5.3793533006682983 6.3716438617557278 24.651978172361851 231.81456619035453 53.894840982276946 11.330235157161949
leaf_count=73746 2293 2658 10619 1139 319 920 10449 1297 1130 458 805 1149 445 1641 1843 1434 1072 239 2364 279 481 65 2813 191 27 35 184 2016 830 225
internal_value=0 -0.0581614 -0.0959939 0.0651288 0.0565947 0.0434818 -0.0505199 -0.0307321 0.0185907 -0.124244 0.056595 -0.044638 0.0884631 0.0792033 -0.0583829 0.0412404 -0.0234718 -0.0201192 -0.127665 0.0994853 0.0877214 0.0305038 0.0236573 0.0748996 -0.0679602 -0.0767343 0.0174857 0.000729547 -0.0793586 -0.112108
internal_weight=0 4199.17 3158.04 3749.95 1041.13 1945.31 1210.13 915.867 552.012 1947.91 1612.79 773.836 1804.64 1444.42 643.259 1128.06 273.313 332.522 1902.01 489.121 1229.39 215.033 625.109 246.799 120.919 469.17 45.9001 243.178 462.798 294.263
internal_count=123166 108875 103199 14291 5676 10520 26447 15603 4887 76752 5972 14306 3771 3326 13157 5167 3757 4548 76110 789 2122 1204 3733 510 2685 11314 642 2255 11279 10844
is_linear=0
shrinkage=0.1


Tree=5
num_leaves=31
num_cat=0
split_feature=0 12 9 4 2 9 4 2 22 4 4 9 22 4 2 22 2 10 0 22 22 4 7 22 22 9 22 2 2 10
split_gain=2457.16 518.166 458.727 324.666 287.911 224.808 164.032 126.906 102.806 100.481 76.348 71.6407 64.5139 54.1208 47.8316 44.6741 44.6004 37.5809 37.4484 36.5864 32.5934 32.5214 31.7882 30.2329 29.5259 27.8286 28.8876 27.331 25.9454 24.6484
threshold=11.500000000000002 6.5000000000000009 9.5000000000000018 1.5000000000000002 26.500000000000004 9.5000000000000018 3.5000000000000004 32.500000000000007 -5.4999999999999991 4.5000000000000009 2.5000000000000004 12.500000000000002 -1.4999999999999998 4.5000000000000009 26.500000000000004 -2.4999999999999996 26.500000000000004 3.5000000000000004 16.500000000000004 1.0000000180025095e-35 -26.499999999999996 1.5000000000000002 5.5000000000000009 -39.499999999999993 -1.4999999999999998 6.5000000000000009 -1.4999999999999998 32.500000000000007 22.500000000000004 3.5000000000000004
decision_type=2 2 2 2 2 2 2 2 2 2 2 2 2 2 2 2 2 2 2 2 2 2 2 2 2 2 2 2 2 2
left_child=1 5 3 4 15 6 25 8 23 11 16 19 -6 18 17 -2 -10 21 24 -3 -9 -7 -18 -4 -5 -1 -27 -14 -17 -21
right_child=2 9 7 13 12 14 -8 20 10 -11 -12 -13 27 -15 -16 28 22 -19 -20 29 -22 -23 -24 -25 -26 26 -28 -29 -30 -31
leaf_value=-0.12825748551497232 -0.11681742178170357 -0.11373753584756474 -0.09844468976118706 -0.071764779563528766 -0.049542439148565057 -0.081564509112865391 0.015717380398817867 0.026185537074284001 0.020234008814105531 0.087840861360843778 0.1064914914282727 0.048064723497307442 0.019071366384054496 0.10461456041243933 0.018701391164323129 -0.081571927312921177 0.046612231022467497 0.075889222527297906 0.080234908687657827 -0.032699238566251225 0.098203348456087386 0.0082283418415842607 0.083863399220511933 0.0029091578626766271 0.031338444292458877 -0.12806941855317222 -0.074350277244019963 0.067997762272917525 -0.031083968929733197 0.085830425983302427
leaf_weight=1253.1812664587051 187.19792079459876 55.048670573625714 35.16518666036427 31.020080201327801 103.62345397053286 215.04530204599723 92.819424133747816 66.817303783260286 369.41019015479833 127.30833389423788 288.77809887565672 132.92886596173048 305.86066019441932 194.77191556431353 129.29274434689432 216.42293712310493 588.9983527995646 20.478002641350031 162.88500930089504 229.00662047835067 1056.2537036836147 49.647631540894508 374.88326054811478 180.47266632318497 265.5295790778473 179.59120453475043 226.17501330329105 182.18046015128493 192.15851754788309 18.999793167226017
leaf_count=56571 7898 2045 1136 726 1596 5589 557 402 2677 245 496 681 1843 286 778 6993 1712 190 477 4381 1655 491 885 2228 1739 8055 7206 359 3139 130
internal_value=0 -0.0757618 0.0430602 0.00387283 -0.027292 -0.0979798 -0.113649 0.0674353 0.0512507 0.00968126 0.0598745 -0.0131415 0.0221194 0.0604399 -0.0317508 -0.0763623 0.0497777 -0.0546251 0.0417126 -0.0399884 0.0939186 -0.0647223 0.0611004 -0.0136191 0.0205535 -0.120888 -0.0981262 0.0373351 -0.0578271 -0.0236187
internal_weight=0 2729.52 4802.43 1841.65 1187.44 2166.23 1751.77 2960.78 1837.71 563.292 1622.07 435.984 591.665 654.207 414.464 595.779 1333.29 285.171 459.435 303.055 1123.07 264.693 963.882 215.638 296.55 1658.95 405.766 488.041 408.581 248.006
internal_count=123166 86919 36247 25056 21828 79437 72389 11191 9134 7482 5770 7237 3798 3228 7048 18030 5274 6270 2942 6556 2057 6080 2597 3364 2465 71832 15261 2202 10132 4511
is_linear=0
shrinkage=0.1


Tree=6
num_leaves=31
num_cat=0
split_feature=2 4 2 4 9 22 4 22 10 8 4 4 2 2 0 22 4 4 6 20 9 22 20 6 20 2 6 13 7 22
split_gain=2052.61 1204.92 251.885 214 156.997 93.8254 91.7419 77.2396 76.4876 70.4942 63.9552 56.7504 41.8074 39.0828 37.3578 34.369 32.6095 30.6673 30.0527 24.9525 23.606 23.5716 22.0484 21.5621 22.5568 21.1349 20.4895 20.7163 20.1412 19.4178
threshold=22.500000000000004 3.5000000000000004 28.500000000000004 1.5000000000000002 7.5000000000000009 -14.499999999999998 1.0000000180025095e-35 -11.499999999999998 1.5000000000000002 6.5000000000000009 5.5000000000000009 2.5000000000000004 37.500000000000007 34.500000000000007 7.5000000000000009 -1.0000000180025095e-35 2.5000000000000004 3.5000000000000004 35.500000000000007 299.50000000000006 6.5000000000000009 -2.4999999999999996 442.50000000000006 36.500000000000007 440.50000000000006 35.500000000000007 49.500000000000007 9.5000000000000018 3.5000000000000004 81.500000000000014
decision_type=2 2 2 2 2 2 2 2 2 2 2 2 2 2 2 2 2 2 2 2 2 2 2 2 2 2 2 2 2 2
left_child=1 4 3 5 11 -2 7 25 15 20 14 26 28 16 -3 -6 -8 -5 21 29 -7 -10 -22 24 -17 -4 27 -1 -9 -16
right_child=2 10 6 17 8 9 13 12 18 -11 -12 -13 -14 -15 19 23 -18 -19 -20 -21 22 -23 -24 -25 -26 -27 -28 -29 -30 -31
leaf_value=-0.11791282651800411 -0.090753977210735873 -0.071409911167787887 -0.050250596947142637 0.055603629071648834 -0.11256811871880662 -0.054232001681249975 0.063216948947974874 0.029104602746080704 -0.095179547699166839 0.043191984998968647 0.11020128379047096 -0.045585135383324676 0.10217958557624401 0.10717114902013303 0.035226358297450348 -0.071805115852679791 0.11762839212563794 0.11719502310137207 0.077307929355970431 0.078547796195343161 -0.020839576898839626 -0.0040885572853699799 0.025760146942130826 0.046615389727519461 0.028161516020886387 0.03033333155723781 0.067857561681905196 -0.012909849147655632 0.058817228926959376 -0.080403371821458666
leaf_weight=1553.9789106710814 131.27695126645267 27.75658424757421 96.509772278834134 385.00944725051522 172.4602341838181 141.17639232799411 769.38484100159258 390.74104463122785 35.395657807588577 264.35927018709481 193.40871208906174 123.63867742475122 157.157350897789 447.87397965416312 213.51850942522287 278.1215791371651 128.54772273264825 102.32777722924948 36.649054650217295 162.99220523424447 369.0056819524616 143.8952237595804 140.07650284748524 18.822685263119638 24.565521769691259 49.107144793495536 6.0422793738543978 19.019201112445444 548.24130209721625 15.583124689757822
leaf_count=75339 4723 260 1464 1453 7748 2769 2129 1430 1436 1276 261 2471 218 661 960 7110 174 151 230 495 4293 1992 1151 198 273 223 66 591 1525 96
internal_value=0 -0.0625416 0.0459235 0.0138053 -0.0943569 -0.0116967 0.0649548 0.0453523 -0.0548504 -0.000349444 0.0626212 -0.110829 0.0544426 0.0830418 0.0407029 -0.0765529 0.0710065 0.0685362 -0.00520517 0.0486394 -0.018051 -0.0220718 -0.00801743 -0.0572341 -0.063692 -0.0230749 -0.115937 -0.116643 0.0464528 0.0273614
internal_weight=0 3025.85 4120.8 1533.23 2412.59 1045.89 2587.56 1241.76 709.91 914.618 613.259 1702.68 1096.14 1345.81 419.85 493.97 897.933 487.337 215.94 392.094 650.259 179.291 509.082 321.51 302.687 145.617 1579.04 1573 938.982 229.102
internal_count=123166 99526 23640 15816 97454 14212 7824 4860 18987 9489 2072 78467 3173 2964 1811 15329 2303 1604 3658 1551 8213 3428 5444 7581 7383 1687 75996 75930 2955 1056
is_linear=0
shrinkage=0.1


Tree=7
num_leaves=31
num_cat=0
split_feature=2 4 2 4 9 4 22 22 6 8 22 2 2 4 4 2 0 8 9 7 7 4 22 3 2 4 22 22 7 19
split_gain=1710.59 1021.49 195.543 164.558 152.345 114.53 103.351 60.9987 59.6856 57.146 43.2838 40.4754 36.9232 32.8589 32.4884 30.4156 28.8555 28.4741 26.1647 24.4536 24.3089 25.8897 23.048 20.6172 20.2747 20.2472 19.0867 18.6965 17.8003 16.9926
threshold=23.500000000000004 2.5000000000000004 31.500000000000004 1.5000000000000002 7.5000000000000009 4.5000000000000009 -14.499999999999998 -4.4999999999999991 23.500000000000004 7.5000000000000009 -1.0000000180025095e-35 14.500000000000002 27.500000000000004 1.5000000000000002 2.5000000000000004 16.500000000000004 10.500000000000002 3.5000000000000004 14.500000000000002 7.5000000000000009 9.5000000000000018 1.0000000180025095e-35 -8.4999999999999982 8.5000000000000018 37.500000000000007 1.5000000000000002 -1.0000000180025095e-35 -37.499999999999993 4.5000000000000009 1.5000000000000002
decision_type=2 2 2 2 2 2 2 2 2 2 2 2 2 2 2 2 2 2 2 2 2 2 2 2 2 2 2 2 2 2
left_child=1 4 3 6 16 11 -2 24 10 12 -6 26 20 18 17 -10 -1 -5 -9 29 21 -8 -18 -7 27 -24 -3 -4 -14 -12
right_child=2 5 7 14 8 23 9 13 15 -11 19 -13 28 -15 -16 -17 22 -19 -20 -21 -22 -23 25 -25 -26 -27 -28 -29 -30 -31
leaf_value=-0.11805817685675989 -0.06800182482535562 -0.11406470960047231 -0.05819041566457607 0.0098550756639206993 -0.10598906907638826 0.062796898988810371 -0.039173941990210605 0.059581003098137977 -0.049482672299733903 0.054834225281714166 -0.07069867609721002 0.02412058092866837 0.0082504711731918017 0.11379957408584458 0.097562730153230248 0.052683702037880732 -0.12301522170033141 0.069428193452461956 0.091645554702833518 0.018595629169130958 0.074923606772347551 0.010215086383526892 -0.081999294002712941 0.11229252836400282 0.073979331272115353 -0.0055933436116550874 -0.022061647156416966 0.025390143992113423 0.042023215880586252 -0.021053431688113494
leaf_weight=1094.3726041400805 157.57253149617463 28.745215688366443 32.17900563403964 116.41968553233892 187.57760753342882 259.75720875710249 274.87463223794475 592.26461317948997 49.328805742785335 316.44777221512049 249.85979110002518 306.01400669524446 373.58619379531592 249.10888986475766 248.19665639474988 71.196364083327353 122.01551387785003 258.11907266639173 446.22040716186166 48.848340645432472 28.641636333428323 172.89725805446506 239.73054921533912 124.49220888596028 70.760037243366241 40.548778897151351 104.6083942190744 159.04161195084453 268.02568017039448 95.22021871432662
leaf_count=59931 4781 1004 434 544 9095 568 4080 1340 1112 1095 6835 2060 1988 326 453 766 6726 684 750 757 144 1560 9883 190 203 1030 1674 718 1028 1407
internal_value=0 -0.0560299 0.0449852 0.0259211 -0.0916116 0.0389575 0.00887329 0.0722332 -0.0531776 0.0173178 -0.0664521 0.00408448 0.00669907 0.0811827 0.0695043 0.0108688 -0.10964 0.0509108 0.0733586 -0.0476257 -0.0143905 -0.0201035 -0.0867381 0.0788329 0.0282477 -0.0709454 -0.0418935 0.011325 0.0223586 -0.0569997
internal_weight=0 3022.32 3764.36 2214.78 2198.7 823.617 1592.05 1549.57 702.031 1434.47 581.506 439.368 1118.03 1287.59 622.735 120.525 1496.67 374.539 1038.49 393.928 476.414 447.772 402.295 384.249 261.981 280.279 133.354 191.221 641.612 345.08
internal_count=123166 103038 20128 16357 97542 5496 14676 3771 19972 9895 18094 4738 8800 2416 1681 1878 77570 1228 2090 8999 5784 5640 17639 758 1355 10913 2678 1152 3016 8242
is_linear=0
shrinkage=0.1


Tree=8
num_leaves=31
num_cat=0
split_feature=2 4 2 4 6 4 22 4 22 9 4 2 2 3 4 10 2 9 2 8 22 22 4 2 22 0 6 22 22 13
split_gain=1440.08 822.392 227.264 190.437 114.766 83.4617 76.343 71.3565 55.9295 55.3237 51.7659 43.4303 40.4518 35.4493 33.209 31.5686 27.7261 25.8315 24.651 23.889 21.6334 24.9973 21.3479 20.0598 19.9327 18.3592 18.0695 17.0249 16.3149 15.036
threshold=21.500000000000004 3.5000000000000004 28.500000000000004 1.5000000000000002 28.500000000000004 1.0000000180025095e-35 -14.499999999999998 1.5000000000000002 -1.4999999999999998 13.500000000000002 5.5000000000000009 17.500000000000004 32.500000000000007 3.5000000000000004 3.5000000000000004 3.5000000000000004 34.500000000000007 17.500000000000004 24.500000000000004 3.5000000000000004 1.0000000180025095e-35 31.500000000000004 2.5000000000000004 34.500000000000007 -12.499999999999998 11.500000000000002 52.500000000000007 -36.499999999999993 58.500000000000007 9.5000000000000018
decision_type=2 2 2 2 2 2 2 2 2 2 2 2 2 2 2 2 2 2 2 2 2 2 2 2 2 2 2 2 2 2
left_child=1 4 3 6 7 8 -2 15 17 18 20 -9 -10 26 24 19 22 23 -8 29 -3 -22 27 -4 -5 -11 -6 -7 -26 -1
right_child=2 10 5 14 13 16 9 11 12 25 -12 -13 -14 -15 -16 -17 -18 -19 -20 -21 21 -23 -24 -25 28 -27 -28 -29 -30 -31
leaf_value=-0.11444521560958956 -0.085355102562511886 -0.04207941991872121 -0.047284493739728491 -0.038007734174558577 -0.077765133170654699 -0.062264016280718149 -0.044334750073564223 -0.083114315149319287 0.027000006786211152 -0.0088549984963995129 0.097903340001231562 -0.010766458257233885 0.069083167509821394 0.0550961533272641 0.10476873158225848 0.0039805369100319636 0.096969652957834496 0.05679057160977409 -0.0055544049812184561 -0.072468882407129273 0.066416289844120194 0.011869672759288913 0.10544114092609125 0.021220755379420735 0.060234233994078235 0.053831541978605159 0.093339332107131051 0.060319877882947973 0.0060338765777855413 -0.045182773368777032
leaf_weight=1242.169117978774 136.71468162396923 37.688224699348211 119.72381945280358 27.352233705110848 46.29676950071007 11.518369358498601 253.21971483738162 222.17495239642449 437.34864072594792 64.333230603020638 158.79475284740329 132.43252497701906 478.11875018104911 64.747583521762863 117.85571452230215 25.605096037499607 397.53042704612017 52.168171795085073 464.7512296224013 166.95255925972015 160.19936424400657 176.66649804497138 111.32753599062562 66.478963073343039 306.73227430740371 170.64951460063457 7.1213233144953838 691.64119094517082 67.815039388369769 32.154128271620721
leaf_count=72238 5913 462 1640 360 1613 225 5874 9046 1718 529 248 1925 970 770 216 580 661 244 4709 6187 543 754 174 288 1078 731 66 1904 327 1173
internal_value=0 -0.0599161 0.0372735 0.00828401 -0.0901553 0.0569942 -0.015473 -0.0963508 0.0377442 -0.00544748 0.0500563 -0.0560951 0.0489787 0.00534646 0.0580907 -0.106082 0.0753202 -0.00540203 -0.0192318 -0.108038 0.0297712 0.0378098 0.0647537 -0.0228264 0.0444026 0.0366693 -0.0549547 0.0583118 0.0504208 -0.112698
internal_weight=0 2473 3975.28 1609.42 1939.65 2365.86 1089.67 1821.49 1153.84 952.954 533.349 354.607 915.467 118.166 519.755 1466.88 1212.02 238.371 717.971 1441.28 374.554 336.866 814.487 186.203 401.9 234.983 53.4181 703.16 374.547 1274.32
internal_count=123166 95605 27561 19737 93598 7824 17756 91149 4860 11843 2007 10971 2688 2449 1981 80178 2964 2172 10583 79598 1759 1297 2303 1928 1765 1260 1679 2129 1405 73411
is_linear=0
shrinkage=0.1


Tree=9
num_leaves=31
num_cat=0
split_feature=0 2 4 12 8 22 2 2 22 4 8 4 4 4 7 9 2 6 6 4 2 22 2 16 22 10 0 19 20 17
split_gain=1206.6 299.325 314.247 210.588 116.953 79.2347 78.6249 59.3996 53.3717 52.5546 52.7651 51.8885 47.1343 35.0441 32.7525 32.6096 32.4711 30.0528 27.6565 35.3564 27.1275 26.0333 21.8078 21.1014 20.2389 19.0957 18.9194 25.4537 19.4058 17.7363
threshold=10.500000000000002 27.500000000000004 2.5000000000000004 5.5000000000000009 3.5000000000000004 -1.4999999999999998 19.500000000000004 34.500000000000007 -12.499999999999998 4.5000000000000009 3.5000000000000004 1.5000000000000002 3.5000000000000004 5.5000000000000009 5.5000000000000009 12.500000000000002 21.500000000000004 38.500000000000007 15.500000000000002 3.5000000000000004 34.500000000000007 -7.4999999999999991 21.500000000000004 70.90000000000002 -13.499999999999998 2.5000000000000004 22.500000000000004 1.0000000180025095e-35 247.50000000000003 1.0000000180025095e-35
decision_type=2 2 2 2 2 2 2 2 2 2 2 2 2 2 2 2 2 2 2 2 2 2 2 2 2 2 2 2 2 2
left_child=3 2 4 6 8 20 12 11 -2 10 18 14 17 22 26 24 25 -1 19 -5 23 -8 -4 -3 -6 -10 27 -7 -29 -26
right_child=1 5 13 9 15 7 21 -9 16 -11 -12 -13 -14 -15 -16 -17 -18 -19 -20 -21 -22 -23 -24 -25 29 -27 -28 28 -30 -31
leaf_value=-0.1116179704856719 -0.10661738096198557 0.018986321474225243 0.02890099122772459 -0.096782637499103499 -0.07986371461542971 -0.0037421704227183351 -0.095764411324254006 0.086867635872179161 -0.077471818547933224 0.060700238332882406 0.013993562685024663 0.083770585908970158 -0.0072073251748906945 0.10284587865585285 0.062714016720509816 0.032621857191304442 -0.021616425787126265 0.0018239868182946277 0.0416035246694108 0.001255531000480356 0.044392090387945636 -0.0095865819240314558 0.071794748835029149 -0.036360772499210318 -0.02547938473858409 0.0086428634857018665 0.068286174974878253 -0.069213598300896781 0.041803847778515334 0.025381383428598348
leaf_weight=972.3214292464545 153.29799291340169 151.0568883609958 320.94055926660076 151.9896491735708 42.158757189055905 266.98921457026154 47.794577036518604 568.79476386681199 230.47333596087992 77.339638648554683 161.23497143900022 323.30214138329029 47.769998952746391 130.40317114070058 362.15226704254746 251.74979062867351 366.4454020333942 23.927426088601351 23.502894211560488 48.531473404727876 170.82759776525199 131.50189476343803 187.93703219667077 126.63015943998471 176.18110141903162 28.98909751791507 91.982817174866796 16.484378430992365 351.13474841974676 112.24712106399238
leaf_count=62075 8968 1365 1831 7385 1778 1362 2296 968 10658 196 2044 600 374 209 984 1842 6352 509 467 452 583 2352 494 1653 2318 540 283 85 1116 1027
internal_value=0 0.0274001 -0.00124184 -0.0720009 -0.0283976 0.0509897 -0.0937345 0.0595833 -0.0537343 -0.0145276 -0.0296293 0.0485927 -0.104241 0.0565946 0.0381466 0.0055047 -0.0407822 -0.108893 -0.0610257 -0.0730548 0.0130364 -0.0325588 0.0447424 -0.00625292 -0.0151456 -0.0678504 0.0259016 0.0197582 0.0368257 -0.00568599
internal_weight=0 4430.18 2000.82 1685.91 1361.54 2429.35 1223.32 1980.84 779.206 462.599 385.259 1412.05 1044.02 639.281 1088.74 582.337 625.908 996.249 224.024 200.521 448.515 179.296 508.878 277.687 330.587 259.462 726.591 634.608 367.619 288.428
internal_count=123166 45016 36017 78150 33483 8999 67606 5398 26518 10544 10348 4430 62958 2534 3830 6965 17550 62584 8304 7837 3601 4648 2325 3018 5123 11198 2846 2563 1201 3345
is_linear=0
shrinkage=0.1


Tree=10
num_leaves=31
num_cat=0
split_feature=0 2 4 9 9 4 4 4 22 6 22 2 2 9 0 7 4 2 22 1 4 22 22 2 8 10 8 6 18 20
split_gain=1005.61 319.581 327.259 131.279 129.516 83.1506 77.8392 63.6152 55.7514 47.1447 45.6725 38.8461 38.6628 36.5387 25.9829 23.5833 21.485 19.3055 18.371 17.7286 17.5461 16.8516 16.6058 16.5454 16.1959 16.4055 15.8494 15.2686 15.6064 15.2454
threshold=9.5000000000000018 28.500000000000004 1.5000000000000002 8.5000000000000018 11.500000000000002 2.5000000000000004 4.5000000000000009 1.5000000000000002 1.0000000180025095e-35 37.500000000000007 -1.0000000180025095e-35 21.500000000000004 18.500000000000004 12.500000000000002 13.500000000000002 5.5000000000000009 1.0000000180025095e-35 33.500000000000007 -10.499999999999998 18.500000000000004 3.5000000000000004 -23.499999999999996 -17.499999999999996 37.500000000000007 6.5000000000000009 3.5000000000000004 10.500000000000002 14.500000000000002 8.5000000000000018 460.50000000000006
decision_type=2 2 2 2 2 2 2 2 2 2 2 2 2 2 2 2 2 2 2 2 2 2 2 2 2 2 2 2 2 2
left_child=4 2 3 11 5 9 12 8 15 19 -5 27 20 17 -12 26 -6 -10 -14 -1 -4 -13 -7 -15 25 -16 -3 28 -2 -20
right_child=1 7 6 10 16 22 -8 -9 13 -11 14 21 18 23 24 -17 -18 -19 29 -21 -22 -23 -24 -25 -26 -27 -28 -29 -30 -31
leaf_value=-0.10825439855563385 -0.099360898173793857 -0.02041674907653801 -0.043036695927738927 -0.052074181800090991 -0.026636071388262229 -0.12581954252176997 0.08358011040516905 0.084852745610891345 0.021069829861011358 0.012202351037434007 -0.015439815785854238 -0.10745599790273708 -0.028898279727332457 0.060014992540502833 0.0013528745544858101 0.040145165755497154 0.048843165344362477 0.058001978271699395 0.032472300160295293 0.014783629603800155 0.015384889694008197 -0.034141789077929849 -0.010775903210707587 0.10140352078273546 0.054580564457802294 0.12612790080540787 0.080717569936587297 0.039462482743348536 0.0017167996675592414 0.074071364143391799
leaf_weight=903.21616403304506 307.72218663967215 209.79401624388993 104.06751381093636 166.17611936968751 85.207300512585789 13.848301020450888 292.60438758973032 426.21610959619284 414.9713456556201 34.632477682083845 272.72731940215454 35.184783691074699 39.49791578296572 575.55647720582783 183.6295872926712 132.66456078365445 67.656379722990096 214.80106266960502 387.21244234452024 11.864902231842278 101.59575933776796 287.8062182830181 133.50541727244854 116.06420659273863 125.46757898572832 11.178899495862423 16.731744974851608 8.7587416823953372 16.07324176793918 114.04712091665715
leaf_count=62934 19497 2058 2980 5250 1478 542 633 860 1718 707 3492 2222 648 1399 1633 812 675 464 2018 165 603 6319 1941 194 484 47 61 227 705 400
internal_value=0 0.0217792 -0.00274971 -0.0340471 -0.0794645 -0.0914804 0.0398644 0.0503476 0.0415967 -0.102325 -0.00574022 -0.0668289 0.0227274 0.0510927 0.00724386 0.00666241 0.0067705 0.0336665 0.036763 -0.106659 -0.014177 -0.0421282 -0.0215877 0.0669606 0.0265599 0.00851297 -0.0129467 -0.0908192 -0.0943434 0.041937
internal_weight=0 4560.55 2453.75 1414.72 1249.93 1097.07 1039.03 2106.8 1680.58 949.714 759.18 655.545 746.421 1321.39 593.003 359.19 152.864 629.772 540.757 915.081 205.663 322.991 147.354 691.621 320.276 194.808 226.526 332.554 323.795 501.26
internal_count=123166 54724 47158 39876 68442 66289 7282 7566 6706 63806 10906 28970 6649 3775 5656 2931 2153 2182 3066 63099 3583 8541 2483 1593 2164 1680 2119 20429 20202 2418
is_linear=0
shrinkage=0.1


Tree=11
num_leaves=31
num_cat=0
split_feature=2 4 2 4 6 4 22 2 2 2 4 6 22 7 22 4 8 22 10 22 7 10 7 20 7 22 9 15 0 20
split_gain=849.871 548.83 189.21 91.033 81.3016 71.0764 63.1251 62.9775 46.6863 37.2825 38.0541 35.8203 34.9147 30.0548 25.7783 24.8491 21.5446 21.4828 21.0993 19.6217 19.5782 19.2117 17.5119 16.9697 15.8269 15.7874 14.9742 16.0531 13.7474 13.3325
threshold=25.500000000000004 2.5000000000000004 16.500000000000004 1.0000000180025095e-35 22.500000000000004 5.5000000000000009 -6.4999999999999991 32.500000000000007 15.500000000000002 34.500000000000007 2.5000000000000004 40.500000000000007 -10.499999999999998 9.5000000000000018 -9.4999999999999982 1.0000000180025095e-35 7.5000000000000009 -19.499999999999996 1.5000000000000002 -11.499999999999998 6.5000000000000009 1.5000000000000002 3.5000000000000004 413.50000000000006 9.5000000000000018 -2.4999999999999996 11.500000000000002 25.500000000000004 23.500000000000004 235.50000000000003
decision_type=2 2 2 2 2 2 2 2 2 2 2 2 2 2 2 2 2 2 2 2 2 2 2 2 2 2 2 2 2 2
left_child=1 2 11 7 6 8 -4 12 25 10 17 -1 -2 15 -9 18 21 -5 22 -10 23 24 -8 -19 -14 -3 27 28 -16 -27
right_child=3 5 4 9 -6 -7 13 14 19 -11 -12 -13 16 -15 26 -17 -18 20 -20 -21 -22 -23 -24 -25 -26 29 -28 -29 -30 -31
leaf_value=-0.10582700277356163 -0.054059342155431393 -0.084120422942879636 -0.094092144942704417 -0.021123451317517632 0.053345740273764132 0.096579644469191289 -0.084627505768323258 -0.0047595961847536061 -0.055218982411422847 0.085634517957010464 0.091395247514406988 0.014087596517466709 -0.0099508347227243062 0.049910775622136597 -0.051603401162102359 -0.018939844926441327 0.041674079339757447 0.02053450443269356 0.0020759921212824268 0.044003482843821412 0.070203586111972069 0.064801669503965473 -0.039734220543515671 0.051890411833310252 0.060050195802802388 -0.032459214601744328 0.069074868477174492 0.051358485909344082 0.071197691486235573 0.020114551626202959
leaf_weight=846.04009063506965 96.812207724666223 31.445682315854356 228.64498819410801 54.735480435425416 86.136760491412133 141.09954594355077 194.77715975150932 83.190695199649781 21.056590413209051 329.91313129849732 167.3469249792397 25.666397421387956 466.64036840153858 40.130370680941269 33.838584439828992 339.09038043674082 164.52653268165886 366.51301611959934 54.863786255242303 372.65085294656456 209.25933997426182 42.656425641849637 156.86917373107281 326.22309605497867 34.700711140409112 102.53835852164775 296.27256295457482 113.28254795446992 12.477855894714592 91.083728907397017
leaf_count=65204 2726 1107 15143 905 972 279 8559 600 338 661 337 475 3642 401 124 6823 596 1625 1158 1723 631 229 4464 1112 119 1476 678 274 32 753
internal_value=0 -0.0396736 -0.067494 0.0387337 -0.0399275 0.0325332 -0.0478479 0.0199767 0.0179286 0.0560768 0.0474018 -0.102296 0.00226914 -0.034391 0.0464311 -0.0389284 0.00996582 0.0397066 -0.0556018 0.0386968 0.043398 0.000375978 -0.0646006 0.0353006 -0.00510566 -0.0184008 0.0557728 0.0310793 -0.0185202 -0.00772746
internal_weight=0 2732.09 1972.22 2798.39 1100.51 759.875 1014.38 1344.4 618.775 1453.99 1124.08 871.706 805.336 785.731 539.062 745.601 708.524 956.731 406.51 393.707 901.995 543.998 351.646 692.736 501.341 225.068 455.872 159.599 46.3164 193.622
internal_count=123166 108875 103199 14291 37520 5676 36548 9020 5397 5271 4610 65679 7312 21405 1708 21004 4586 4273 14181 2061 3368 3990 13023 2737 3761 3336 1108 430 156 2229
is_linear=0
shrinkage=0.1


Tree=12
num_leaves=31
num_cat=0
split_feature=0 12 12 9 9 22 0 4 4 9 4 2 0 22 1 22 9 4 9 10 8 22 2 10 7 10 22 20 18 0
split_gain=728.688 197.62 161.332 140.158 90.5659 80.0858 47.9213 53.1826 47.291 44.9937 44.6203 33.186 29.269 24.8614 24.8051 24.6949 21.8248 21.4881 19.7703 19.0791 18.7839 18.5919 17.2536 17.3914 15.3425 15.3051 15.1999 14.7246 14.322 14.1922
threshold=11.500000000000002 5.5000000000000009 7.5000000000000009 12.500000000000002 9.5000000000000018 -1.4999999999999998 20.500000000000004 1.5000000000000002 4.5000000000000009 14.500000000000002 3.5000000000000004 24.500000000000004 15.500000000000002 -29.499999999999996 20.500000000000004 1.0000000180025095e-35 7.5000000000000009 4.5000000000000009 6.5000000000000009 2.5000000000000004 3.5000000000000004 -3.4999999999999996 32.500000000000007 1.5000000000000002 9.5000000000000018 1.5000000000000002 -42.499999999999993 383.50000000000006 8.5000000000000018 19.500000000000004
decision_type=2 2 2 2 2 2 2 2 2 2 2 2 2 2 2 2 2 2 2 2 2 2 2 2 2 2 2 2 2 2
left_child=1 4 3 5 10 16 7 11 9 15 18 28 17 -5 25 -3 -2 20 -1 -17 -4 -20 23 24 -15 -6 -18 -8 -7 -28
right_child=2 8 12 13 14 6 27 -9 -10 -11 -12 -13 -14 22 -16 19 26 -19 21 -21 -22 -23 -24 -25 -26 -27 29 -29 -30 -31
leaf_value=-0.10836294482348574 -0.080964015741853801 -0.084437382590833929 0.0021766177453703818 -0.028291225536045902 -0.051982068297151199 -0.055766567869797161 0.081976719013117608 0.029510969541825693 0.059530101087853352 0.044594516389356714 -0.0033115360530290047 -0.0040225458359021572 0.068307282452334403 0.020367597705761423 0.051529159301883093 -0.030618839650294855 -0.099164255980627974 0.081546478211653672 -0.11064743097346053 0.043482219852975255 0.044292699217644081 -0.050265421795673282 0.066436133424953858 0.082056547346316747 0.076995553049200929 0.01308088217358086 -0.033653599148558894 0.026625971618737251 0.055330417553421142 0.037364881838424506
leaf_weight=606.95778406714089 143.24936775048263 76.548484215512872 170.43559373356402 45.800325388321653 171.22039005719125 230.71546284621581 80.061613314785063 308.49388923752122 92.666033180430532 91.006746288388968 51.673517984338105 434.1644622925669 697.36245597130619 355.86114622047171 35.864745364058763 265.43376978475135 26.427609691512771 91.322357654571533 82.157353531452827 39.97984686633572 279.66668656235561 134.42907587497029 297.78350282646716 69.53373003564775 55.276549335103482 45.833269273629412 121.76216258388013 120.24465076066554 12.21826876956038 36.596090033650398
leaf_count=53770 7643 4384 1909 784 5070 8449 265 1679 274 490 419 3349 2402 1817 203 7221 1301 202 7056 494 1271 6701 718 253 177 837 2901 592 274 261
internal_value=0 -0.0540338 0.0255861 0.0101278 -0.0782204 -0.00793753 0.00415901 -0.00490331 -0.00579454 -0.0185932 -0.0934516 -0.0205829 0.0547633 0.0433089 -0.0255132 -0.0336484 -0.0516684 0.0373185 -0.0991075 -0.0209187 0.028345 -0.07317 0.0475215 0.0358036 0.0279811 -0.0382433 -0.0289578 0.0487494 -0.050179 -0.0172415
internal_weight=0 1693.77 3576.98 2338.19 1128.14 1513.93 1185.9 985.592 565.635 472.969 875.218 677.098 1238.79 824.255 252.918 381.962 328.035 541.425 823.544 305.414 450.102 216.586 778.455 480.671 411.138 217.054 184.786 200.306 242.934 158.358
internal_count=123166 86919 36247 30463 74056 26714 14608 13751 12863 12589 67946 12072 5784 3749 6110 12099 12106 3382 67527 7715 3180 13757 2965 2247 1994 5907 4463 857 8723 3162
is_linear=0
shrinkage=0.1


Tree=13
num_leaves=31
num_cat=0
split_feature=0 2 4 2 9 4 4 4 6 9 22 2 2 22 10 7 2 7 6 4 8 3 8 6 3 6 8 10 4 19
split_gain=610.947 199.323 195.83 101.824 100.899 65.8528 50.3278 47.3294 43.7506 41.2182 36.3603 34.2298 30.949 30.6436 29.4518 25.0201 22.7167 21.5047 21.3633 19.9952 18.0106 18.0038 14.7839 14.1083 14.0737 13.9581 13.5292 13.1833 12.2655 12.1213
threshold=9.5000000000000018 29.500000000000004 1.5000000000000002 24.500000000000004 13.500000000000002 2.5000000000000004 4.5000000000000009 1.5000000000000002 37.500000000000007 11.500000000000002 -26.499999999999996 20.500000000000004 34.500000000000007 -1.0000000180025095e-35 1.5000000000000002 1.5000000000000002 20.500000000000004 9.5000000000000018 3.5000000000000004 3.5000000000000004 2.5000000000000004 3.5000000000000004 9.5000000000000018 59.500000000000007 11.500000000000002 5.5000000000000009 4.5000000000000009 2.5000000000000004 6.5000000000000009 2.5000000000000004
decision_type=2 2 2 2 2 2 2 2 2 2 2 2 2 2 2 2 2 2 2 2 2 2 2 2 2 2 2 2 2 2
left_child=4 2 3 9 5 8 11 10 16 14 22 19 15 -5 20 -12 -1 18 27 -4 -2 23 -3 -10 -16 -7 -13 29 -8 -15
right_child=1 7 6 13 -6 25 28 -9 21 -11 12 26 -14 17 24 -17 -18 -19 -20 -21 -22 -23 -24 -25 -26 -27 -28 -29 -30 -31
leaf_value=-0.10298045478069731 -0.089625367829920546 -0.049646092184062525 -0.031670473863101588 -0.040230509449615877 0.030249528886081564 -0.025850858185825155 0.061239338377359336 0.080008799842765571 -0.10381597317043814 0.00042686606278363086 -0.021853484068041815 0.023064329922807214 0.061421729225903367 -0.0097164478138863433 -0.027743116454204471 0.034895177359395131 -0.044549959041495391 0.0758361701641284 0.10988735672690748 0.023109496814541858 -0.047719102154387225 0.075538261541532301 0.054945425992659308 0.12698401777316823 0.089038838786205388 0.08529766027076767 0.057820601283500077 0.083577183240872321 0.11723216861693003 0.025171758665316402
leaf_weight=657.42465591337532 296.40346790943295 65.35150197474286 154.01581664860714 153.31970569025725 90.747585685458034 120.75911665847525 205.21632635314018 305.64032849669456 14.500083074206488 117.78482203325257 87.726779597811401 287.23906560381874 450.73368051834404 431.52331055048853 75.970917668309994 679.21975525328889 74.030031775822863 45.440590467303991 18.628608787432313 117.4402142893523 156.81937043764628 20.754495496861637 17.037688726559281 3.2404055371880522 11.941512422403319 12.464647951070218 183.57374925352633 18.749512150883675 48.336774408817291 129.46022413671017
leaf_count=61687 21294 1016 3769 4045 897 2363 537 701 545 1906 502 1659 1082 4025 2843 2623 2588 154 68 708 6033 199 111 16 178 147 672 84 96 618
internal_value=0 0.0172121 -0.000724076 -0.024096 -0.0702666 -0.0803661 0.0334492 0.0446001 -0.0915982 -0.053182 0.0362757 0.0203101 0.0406258 -5.28674e-05 -0.0648506 0.028404 -0.0970667 0.00951533 0.00447881 -0.00797098 -0.0751254 0.0123106 -0.0280171 -0.061659 -0.0118801 -0.0154516 0.0366161 0.00109171 0.0719137 -0.00166517
internal_weight=0 4057.57 2451.86 1456.04 993.921 903.173 995.822 1605.71 769.95 658.92 1300.07 742.269 1217.68 797.122 541.135 766.947 731.455 643.802 598.362 271.456 453.223 38.495 82.3892 17.7405 87.9124 133.224 470.813 579.733 253.553 560.984
internal_count=123166 54724 48689 41248 68442 67545 7441 6035 65035 32254 5334 6808 4207 8994 30348 3125 64275 4949 4795 4477 27327 760 1127 561 3021 2510 2331 4727 633 4643
is_linear=0
shrinkage=0.1


Tree=14
num_leaves=31
num_cat=0
split_feature=0 12 9 12 9 4 22 4 2 4 9 22 2 9 10 3 7 10 2 22 22 6 2 20 22 9 6 20 4 22
split_gain=519.559 184.98 124.219 107.179 83.7516 61.8437 58.5777 40.8246 43.4379 30.6597 24.8541 24.4305 20.667 19.6913 18.74 18.3155 18.6451 18.1022 18.0104 17.3856 16.179 15.101 14.8834 14.5339 14.091 12.9292 12.6118 11.6854 12.9756 10.8541
threshold=12.500000000000002 6.5000000000000009 9.5000000000000018 7.5000000000000009 13.500000000000002 3.5000000000000004 -21.499999999999996 2.5000000000000004 28.500000000000004 5.5000000000000009 6.5000000000000009 -1.0000000180025095e-35 26.500000000000004 16.500000000000004 1.0000000180025095e-35 11.500000000000002 8.5000000000000018 2.5000000000000004 29.500000000000004 1.0000000180025095e-35 -12.499999999999998 19.500000000000004 35.500000000000007 405.50000000000006 -3.4999999999999996 5.5000000000000009 40.500000000000007 335.50000000000006 3.5000000000000004 -14.499999999999998
decision_type=2 2 2 2 2 2 2 2 2 2 2 2 2 2 2 2 2 2 2 2 2 2 2 2 2 2 2 2 2 2
left_child=1 2 5 4 6 10 -2 8 15 11 -1 -3 17 26 18 16 25 29 23 22 -12 -19 -6 -5 -25 -8 27 28 -13 -4
right_child=3 9 12 14 19 -7 7 -9 -10 -11 20 13 -14 -15 -16 -17 -18 21 -20 -21 -22 -23 -24 24 -26 -27 -28 -29 -30 -31
leaf_value=-0.1021221669770839 -0.069313107686372596 -0.054848129411080082 -0.093631973105586963 -0.014364644315965933 -0.004536351080386994 0.0031364387491709649 -0.060250708746394079 0.050736369447648047 0.019095067052015163 0.089403757176938548 -0.10661108898837111 -0.028576577527595279 0.014335008773398418 0.075458242851445617 0.069818517808909727 0.050170069317600909 0.04566408286844207 -0.03443101056272984 0.054270961664534059 0.05599960554681227 -0.049718687766357135 0.091589850361337238 0.061666675987402081 -0.057295571148438064 0.046609515434541761 -0.021574326567565343 0.091433414372977417 0.026560957396374776 0.017869558063163558 -0.033935935261513062
leaf_weight=571.48814264079556 115.4350232379511 68.542623716872185 36.700847746687941 81.415484437486157 106.26410310575739 77.097600813023746 109.69476873776875 169.75814886391163 520.70605338923633 42.163430565036833 67.866163838421926 173.15486387826968 146.12960140802898 40.880581505596638 370.79709529713728 34.436687496490777 34.976466475520283 18.399224464315921 421.30299397418275 397.36504396889359 189.7169700297527 19.678443606011569 49.906758008524776 14.317027927841989 147.6790794217959 407.58905886206776 15.316624305211006 108.11355079966597 92.163949736393988 179.05978582566604
leaf_count=59642 5863 2683 2548 815 980 616 4926 606 2295 101 6795 4316 1090 126 1583 463 315 356 1305 1183 10090 158 171 250 825 7176 85 1168 498 4138
internal_value=0 -0.0416855 -0.0620432 0.025815 0.0119852 -0.0825316 -0.00109373 0.00507222 -0.00192782 0.00752443 -0.0904981 0.00059447 -0.0156246 0.00943972 0.0518067 -0.0205861 -0.0249981 -0.0328717 0.0417592 0.0448893 -0.0647083 0.0306963 0.0166198 0.0201036 0.0374265 -0.029776 0.00249726 -0.00115053 -0.0124426 -0.0440902
internal_weight=0 1846.47 1306.14 2981.64 1946.13 906.169 1392.6 1277.16 1107.4 540.336 829.071 498.172 399.968 429.63 1035.51 586.697 552.26 253.838 664.715 553.536 257.583 38.0777 156.171 243.412 161.996 517.284 388.749 373.432 265.319 215.761
internal_count=123166 94410 85433 28756 23978 77143 21644 15781 15175 8977 76527 8876 8290 6193 4778 12880 12417 7200 3195 2334 16885 514 1151 1890 1075 12102 6067 5982 4814 6686
is_linear=0
shrinkage=0.1


Tree=15
num_leaves=31
num_cat=0
split_feature=2 4 4 6 2 22 2 4 2 4 2 22 3 9 22 4 13 6 9 22 19 4 22 10 7 2 6 19 3 14
split_gain=452.761 317.202 98.8166 76.7079 70.3913 50.3999 45.1885 48.8183 32.0872 30.1754 28.0879 25.9404 24.5211 23.1076 21.5547 17.9298 17.4285 16.5647 16.3494 15.0273 14.1716 13.3957 13.204 12.7351 12.4823 12.0162 11.906 11.8763 11.1666 11.0035
threshold=21.500000000000004 3.5000000000000004 1.0000000180025095e-35 22.500000000000004 27.500000000000004 -1.0000000180025095e-35 31.500000000000004 3.5000000000000004 12.500000000000002 5.5000000000000009 36.500000000000007 4.5000000000000009 3.5000000000000004 14.500000000000002 -10.499999999999998 1.5000000000000002 9.5000000000000018 1.0000000180025095e-35 8.5000000000000018 -30.499999999999996 1.0000000180025095e-35 2.5000000000000004 -16.499999999999996 1.0000000180025095e-35 12.500000000000002 15.500000000000002 3.5000000000000004 1.5000000000000002 11.500000000000002 10.500000000000002
decision_type=2 2 2 2 2 2 2 2 2 2 2 2 2 2 2 2 2 2 2 2 2 2 2 2 2 2 2 2 2 2
left_child=1 3 4 5 11 -1 7 13 -7 25 14 28 -5 19 -6 16 27 24 -16 -4 23 -8 -12 29 -13 -3 -20 -10 -2 -21
right_child=2 9 6 12 10 8 21 -9 15 -11 22 17 -14 -15 18 -17 -18 -19 26 20 -22 -23 -24 -25 -26 -27 -28 -29 -30 -31
leaf_value=-0.10599188132040172 -0.070403247260310498 -0.0030694451981405119 -0.062969194442573151 -0.04666362952000308 -0.032437654837166534 -0.09929006843689242 0.058106644716532221 0.096919060032485002 -0.077216045933329563 0.082645239355945838 -0.0071736818438500639 -0.025596506402015714 0.045079636121709288 0.051540351128731135 -0.011780858752017495 -0.021519469820534744 0.02416048087338769 0.047068292263899067 0.022019992659300672 0.047755836608361496 0.029700237329071268 0.11012483819306394 0.069644150535398408 0.0284709830224073 0.10997862669687593 0.037690978282665634 0.11103122026277812 -0.023784814884808828 0.082274669156890523 -0.017372012677112934
leaf_weight=404.90598552383017 135.80290885083377 137.30585497338325 24.734708237694576 50.48067613330204 101.23476572800428 164.21699384658132 461.52922430820763 93.560655653476715 249.02810660074465 97.741018091328442 26.934628284536302 263.91262954380363 68.892642964143306 202.91429542284459 158.90473382174969 166.22504294372629 21.883432971080765 39.687037826050073 578.5452564842999 29.230996583588421 388.78729076962918 55.45411479100585 132.20727269724011 128.23904219130054 6.9703651908785096 152.82398686371744 15.427849195897577 49.942389868199825 4.9655353843700132 230.52953780791722
leaf_count=46679 6431 1101 1037 2561 1990 17652 1370 243 19545 248 144 5016 1210 901 1115 3848 628 361 2395 248 2459 112 324 962 26 658 45 1475 122 2260
internal_value=0 -0.0438266 0.02225 -0.0696995 0.00343976 -0.0782872 0.0393087 0.0278306 -0.0610633 0.03459 0.0180714 -0.0294083 0.00628318 0.0213952 0.0108846 -0.0481753 -0.061985 -0.013268 0.0167099 0.0137636 0.016207 0.0636864 0.0566428 0.00268629 -0.0221079 0.0184008 0.024332 -0.0682905 -0.0650176 -0.0100431
internal_weight=0 1563.45 3079.57 1175.58 1464.59 1056.2 1614.98 1098 651.296 387.871 1013.25 451.338 119.373 1004.44 854.113 487.079 320.854 310.57 752.878 801.522 776.787 516.983 159.142 388 270.883 290.13 593.973 298.97 140.768 259.761
internal_count=123166 95605 27561 93598 17969 89827 9592 8110 43148 2007 6013 11956 3771 7867 5545 25496 21648 5403 3555 6966 5929 1482 468 3470 5042 1759 2440 21020 6553 2508
is_linear=0
shrinkage=0.1


Tree=16
num_leaves=31
num_cat=0
split_feature=2 4 2 4 22 2 4 6 15 22 7 6 6 6 22 4 2 20 7 3 6 4 22 8 22 20 22 10 0 4
split_gain=386.729 276.401 87.6957 66.8477 58.339 49.4366 45.5139 42.8244 38.0493 31.9911 23.987 23.4512 23.2319 20.4878 17.8284 16.9571 16.7287 15.6615 14.9283 17.5172 13.3789 15.3287 13.0908 12.4394 11.8737 11.8321 11.756 11.5272 11.3131 11.1749
threshold=25.500000000000004 1.5000000000000002 16.500000000000004 4.5000000000000009 -1.0000000180025095e-35 34.500000000000007 2.5000000000000004 26.500000000000004 10.500000000000002 -7.4999999999999991 4.5000000000000009 21.500000000000004 40.500000000000007 3.5000000000000004 -30.499999999999996 6.5000000000000009 34.500000000000007 507.50000000000006 5.5000000000000009 9.5000000000000018 20.500000000000004 2.5000000000000004 -13.499999999999998 6.5000000000000009 86.500000000000014 413.50000000000006 -3.4999999999999996 3.5000000000000004 19.500000000000004 1.0000000180025095e-35
decision_type=2 2 2 2 2 2 2 2 2 2 2 2 2 2 2 2 2 2 2 2 2 2 2 2 2 2 2 2 2 2
left_child=1 2 12 8 14 6 10 9 20 -4 13 24 27 29 -2 22 -16 28 19 25 21 -3 -5 -7 26 -11 -10 -1 -12 -6
right_child=4 3 7 15 5 23 -8 -9 11 18 17 -13 -14 -15 16 -17 -18 -19 -20 -21 -22 -23 -24 -25 -26 -27 -28 -29 -30 -31
leaf_value=-0.10057825784257819 -0.039708869589666247 -0.089731134371762 -0.089218807334655093 -0.064750262999561034 -0.0042036423712875611 0.050008262039098306 0.088888053273919992 0.040392810396238793 -0.038453560544097876 -0.062907272150774643 0.024304267600186561 0.12284546177287595 0.010777468182962222 0.11337313564149115 -0.0055783312719409235 0.11690912450174971 0.04141519407276914 0.068771228753954153 -0.0070037952452426102 0.013667147022480924 0.093420026066213302 -0.027723760841454372 0.051018318514818473 0.085820142047962678 -0.07491281585317755 -0.021120940446878698 0.01727015018386921 0.0045305135660256941 0.077456154173384126 0.02065205087486801
leaf_weight=466.72032935690368 103.3822342538042 56.453991981688887 140.89259458554443 10.280778170563279 374.7321032662876 195.84341651946306 111.95914994552732 61.45279577258043 42.767860022024252 273.76888652646448 443.63626133278012 18.348795579280704 20.386634324910119 18.858254304155707 281.69253298151307 39.314514741301537 103.61381711252034 125.04317810386419 135.59933783102315 44.856870915973559 7.1447743924800298 135.69341063918546 195.64485083054751 192.16671760007739 16.863665665499866 90.052874598070048 329.90282608650159 10.672437825705854 44.017985903657973 349.65816464880481
leaf_count=58808 2609 5295 14128 75 2794 515 275 737 1475 13015 1971 123 462 50 3087 99 354 421 3087 1090 133 2877 615 465 296 2746 3396 418 141 1609
internal_value=0 -0.031203 -0.0612523 0.0126646 0.0279054 0.0359997 0.0276086 -0.0395765 -0.00513277 -0.0467489 0.0225489 0.0123654 -0.0937641 0.0104729 -0.00283489 0.0567281 0.00705883 0.037198 -0.0357551 -0.0452947 -0.0409456 -0.0459419 0.0452386 0.0677445 0.00716135 -0.0525644 0.0108753 -0.0982285 0.029102 0.00779403
internal_weight=0 2096.82 1244.4 852.415 2344.6 1855.92 1467.91 746.623 607.175 685.171 1355.95 407.883 497.779 743.249 488.689 245.24 385.306 612.697 544.278 408.679 199.292 192.147 205.926 388.01 389.534 363.822 372.671 477.393 487.654 724.39
internal_count=123166 108875 94491 14384 14291 8241 7261 34803 13595 34066 6986 5290 59688 4453 6050 789 3441 2533 19938 16851 8305 8172 690 980 5167 15761 4871 59226 2112 4403
is_linear=0
shrinkage=0.1


Tree=17
num_leaves=31
num_cat=0
split_feature=2 4 4 2 6 4 8 22 22 22 15 2 17 18 6 10 0 17 11 22 22 2 3 7 2 2 19 8 3 3
split_gain=339.806 234.098 86.5336 84.241 61.7764 40.9579 36.5398 31.0658 26.5075 24.2506 22.5045 22.04 19.1731 18.2127 17.6411 16.3829 16.3389 15.6943 15.0586 14.4578 15.1609 13.2706 12.4787 13.7525 15.2541 12.1764 12.1098 11.7587 10.5507 10.4496
threshold=21.500000000000004 2.5000000000000004 1.5000000000000002 31.500000000000004 28.500000000000004 5.5000000000000009 5.5000000000000009 -4.4999999999999991 2.5000000000000004 -14.499999999999998 9.5000000000000018 32.500000000000007 1.5000000000000002 8.5000000000000018 21.500000000000004 1.5000000000000002 7.5000000000000009 1.5000000000000002 1.5000000000000002 81.500000000000014 1.0000000180025095e-35 38.500000000000007 7.5000000000000009 12.500000000000002 26.500000000000004 36.500000000000007 1.5000000000000002 3.5000000000000004 10.500000000000002 11.500000000000002
decision_type=2 2 2 2 2 2 2 2 2 2 2 2 2 2 2 2 2 2 2 2 2 2 2 2 2 2 2 2 2 2
left_child=1 4 3 6 7 14 9 -1 21 29 -9 12 -4 26 16 18 -3 -6 -11 20 -18 -5 23 24 -8 27 28 -10 -12 -2
right_child=2 5 11 8 17 -7 22 10 25 15 13 -13 -14 -15 -16 -17 19 -19 -20 -21 -22 -23 -24 -25 -26 -27 -28 -29 -30 -31
leaf_value=-0.10606892732563461 -0.078038026578389541 -0.067161970866225593 0.026794117616458991 -0.0047209000125206192 -0.010847473158801404 0.079271204488963798 -0.017714043417036952 -0.09327036104715862 0.011168332115437508 -0.023885816014933028 -0.068637855131962619 0.087409109218016881 0.065329907507113857 0.049757095594915306 0.1458567952715786 0.031436212693042358 -0.047408594739848257 0.10153690401686717 0.018132332949696215 -0.074651573602270677 0.017546856422785001 0.060331588838378331 0.076207286205911468 0.10389017971865425 0.019820822201755486 0.070718073737236542 -0.013300762218386089 0.048040263456225758 0.02878622935102115 0.069943248492682436
leaf_weight=288.68339676881442 79.285960631328635 34.27815342694521 327.1400054548867 186.6027839933522 74.086701716762036 81.952428061515093 155.99992982367985 183.64206418418325 118.57106810063124 567.0570970781846 249.03077953128377 133.26079739630222 213.28864475060254 17.449322412488982 8.3349142326042038 75.996576400008053 40.702250205446035 14.930104277562348 100.39273131126538 21.454509765375406 306.66376518108882 37.693368611857295 31.24611311708577 15.520864890888332 353.89025455946103 154.43689180538058 56.714215643238276 319.6672201147303 11.635409939335657 5.0774305653758338
leaf_count=41854 5412 1175 1660 1319 2312 248 2273 22722 486 9305 20505 349 842 862 36 769 1131 118 1124 285 2370 139 152 65 2146 390 1666 992 321 138
internal_value=0 -0.0406034 0.0196238 0.0100266 -0.0710584 0.0147141 -0.00500031 -0.0797775 0.0354918 -0.0183223 -0.0651385 0.0509846 0.0420029 -0.0497092 0.0018551 -0.0125567 -0.00112244 0.00800189 -0.0175658 0.00501527 0.00993577 0.00621129 0.014811 0.0111598 0.0083371 0.0465729 -0.0551778 0.0380641 -0.0642891 -0.0691317
internal_weight=0 1389.56 2875.13 2201.44 896.172 493.386 1384.47 807.155 816.971 827.81 518.472 673.689 540.429 334.83 411.434 743.446 403.099 89.0168 667.45 368.821 347.366 224.296 556.657 525.411 509.89 592.675 317.38 438.238 260.666 84.3634
internal_count=123166 95605 27561 24710 90360 5245 21384 87930 3326 16748 46076 2851 2502 23354 4997 11198 4961 2430 10429 3786 3501 1458 4636 4484 4419 1868 22492 1478 20826 5550
is_linear=0
shrinkage=0.1


Tree=18
num_leaves=31
num_cat=0
split_feature=0 12 2 1 4 4 22 22 6 2 10 12 9 9 4 7 9 2 6 22 2 6 4 0 20 20 4 12 6 22
split_gain=290.668 101.459 89.4688 67.0827 58.618 44.8606 32.301 30.5387 25.0938 24.3227 17.6889 16.7906 16.728 16.2989 15.9193 15.4893 15.4134 12.5929 11.4707 11.2762 11.2562 11.5545 11.7244 11.111 10.4423 10.3882 12.6969 10.2287 9.64531 9.08632
threshold=9.5000000000000018 8.5000000000000018 26.500000000000004 12.500000000000002 1.5000000000000002 2.5000000000000004 -1.4999999999999998 -1.0000000180025095e-35 40.500000000000007 35.500000000000007 2.5000000000000004 11.500000000000002 17.500000000000004 12.500000000000002 4.5000000000000009 5.5000000000000009 14.500000000000002 18.500000000000004 1.0000000180025095e-35 101.50000000000001 32.500000000000007 24.500000000000004 1.0000000180025095e-35 13.500000000000002 269.50000000000006 405.50000000000006 5.5000000000000009 1.0000000180025095e-35 21.500000000000004 7.5000000000000009
decision_type=2 2 2 2 2 2 2 2 2 2 2 2 2 2 2 2 2 2 2 2 2 2 2 2 2 2 2 2 2 2
left_child=3 2 4 5 7 8 12 -2 29 13 15 19 27 -8 17 23 18 -6 -5 20 21 22 24 -9 -3 26 -24 -4 -7 -1
right_child=1 11 6 16 14 28 9 10 -10 -11 -12 -13 -14 -15 -16 -17 -18 -19 -20 -21 -22 -23 25 -25 -26 -27 -28 -29 -30 -31
leaf_value=-0.10700092000296831 -0.071754312247387278 -0.12324455637341254 0.011102128894973648 -0.044663213532895388 -0.025882319661512016 -0.023086790604528104 0.0093782283843773014 -0.057290255241303711 0.0074179682355555478 0.06345311266394113 0.039236915315394749 0.068030423608333931 0.038506766865847801 0.035859410414851696 0.049840488595727483 0.0010751765309052232 0.041179311020149462 0.014740319649533866 0.041978416567054033 -0.067618265110081399 0.057618080759628598 0.11715906945886943 0.0063018947829097671 -0.02234928041898019 0.0021189318477327235 0.05100850753349831 0.090638027814063396 -0.031439702498802687 0.13400149058627789 -0.077458721423606908
leaf_weight=237.48892811516998 180.35535959573463 7.2839063659775993 80.037565192440525 67.013289309688844 114.64167081669439 107.66396642581094 523.78268989827484 181.75175934616709 25.86369347316213 158.65882175788283 40.69583949027583 198.41892508324236 62.283345310017467 417.83735102321953 83.535895829088986 124.43039463693276 59.46964720916003 228.23822958674282 19.793942996766418 10.600055495975537 177.8298271112144 13.999277722090481 154.58048124564812 182.2837423812598 75.673620689311065 165.34171341010369 20.182045282796025 192.33175397361629 4.0559140359982839 185.38129072298761
leaf_count=38714 17215 128 977 3030 2967 2477 3135 10232 491 436 627 808 347 1510 292 2234 493 1975 469 110 557 60 1460 5110 768 825 65 2886 22 22746
internal_value=0 0.0121464 0.00235966 -0.0583453 -0.0186073 -0.074085 0.0189577 -0.0362179 -0.0882017 0.0272321 -0.024106 0.0426843 -0.00824716 0.0211291 0.0106952 -0.0293833 0.00196072 0.00115817 -0.024907 0.034644 0.0364069 0.0277765 0.0248188 -0.0397942 -0.00888834 0.0330406 0.0160413 -0.0189385 -0.0173838 -0.09405
internal_weight=0 3394.77 2570.86 706.731 1135.93 560.454 1434.93 709.517 448.734 1100.28 529.162 823.91 334.653 941.62 426.416 488.466 146.277 342.88 86.8072 625.491 614.891 437.061 423.062 364.036 82.9575 340.104 174.763 272.369 111.72 422.87
internal_count=123166 54724 49943 68442 40652 64450 9291 35418 61951 5081 18203 4781 4210 4645 5234 17576 3992 4942 3499 3973 3863 3306 3246 15342 896 2350 1525 3863 2499 61460
is_linear=0
shrinkage=0.1


Tree=19
num_leaves=31
num_cat=0
split_feature=2 4 2 4 6 4 2 2 4 22 6 6 7 22 2 8 22 7 13 10 19 3 20 6 10 22 10 0 20 9
split_gain=244.452 198.321 73.4768 57.1952 36.3506 33.0822 31.189 28.4032 30.0625 23.6356 22.9293 18.6733 17.2973 18.9745 16.9942 13.8459 13.7558 13.331 11.6002 10.9713 13.2341 11.099 10.9502 10.6099 12.5783 9.92502 9.58418 9.47232 9.42599 8.71883
threshold=24.500000000000004 2.5000000000000004 16.500000000000004 1.0000000180025095e-35 22.500000000000004 5.5000000000000009 32.500000000000007 34.500000000000007 2.5000000000000004 -6.4999999999999991 14.500000000000002 3.5000000000000004 5.5000000000000009 -2.4999999999999996 15.500000000000002 5.5000000000000009 -10.499999999999998 8.5000000000000018 8.5000000000000018 1.0000000180025095e-35 1.5000000000000002 10.500000000000002 563.50000000000011 55.500000000000007 2.5000000000000004 -43.499999999999993 3.5000000000000004 22.500000000000004 600.50000000000011 21.500000000000004
decision_type=2 2 2 2 2 2 2 2 2 2 2 2 2 2 2 2 2 2 2 2 2 2 2 2 2 2 2 2 2 2
left_child=1 2 10 6 9 14 11 8 15 -4 18 12 13 -2 26 27 29 19 -1 20 -11 28 -14 24 -12 -9 -3 -5 -21 -8
right_child=3 5 4 7 -6 -7 16 25 -10 17 23 -13 22 -15 -16 -17 -18 -19 -20 21 -22 -23 -24 -25 -26 -27 -28 -29 -30 -31
leaf_value=-0.098822391839161264 -0.061646712185519807 -0.023606935098391742 -0.082538320636699483 0.006119567929049996 0.035232869647813171 0.078582787265482401 -0.026779570767162853 -0.048345188993980742 0.073772003166223371 -0.061873014083008042 -0.066414452692638876 0.082053468291657425 0.006313830622038265 -0.011010053451686409 0.024088944904459991 0.036068936420951471 0.036062601220012362 0.026602269300014289 -0.0011906026773713279 -0.030782161658860382 -0.014171156873682478 0.050819251019904144 0.085729250151545186 0.1192728293403435 0.043610812568891703 0.073419129544105052 0.049317203391198904 0.065280941174006749 0.10372200978571695 0.092381680440957514
leaf_weight=356.17337708847481 90.837489955010824 155.54319998365827 111.51131207565777 410.22156462457497 69.839727200451307 81.135364480316639 58.252914581913501 6.9170069992542258 130.65650977008045 202.97704965632875 46.301954792346805 22.845581640023738 211.07989296945743 399.27291165548377 295.91191685642116 381.26584476779681 330.86167081817985 36.508129143854603 12.600360669777727 142.2870710772695 81.517882583080791 21.64492393983528 18.918761869892478 4.3946525147184721 13.39692402386572 207.71109657175839 20.38427226501517 28.974775515496731 5.4082503123208872 6.8637714162468901
leaf_count=60125 3193 3141 14116 3124 937 273 554 48 411 11805 4185 127 1914 3813 1993 1831 1122 636 1044 5259 1665 384 109 38 287 613 195 120 72 32
internal_value=0 -0.0292888 -0.0537631 0.0210646 -0.0330583 0.0195984 0.00512686 0.0366358 0.0292209 -0.0409829 -0.0858915 -0.00695423 -0.00977801 -0.0203951 0.00945577 0.0221262 0.027794 -0.0315326 -0.0954865 -0.0362091 -0.0482047 -0.0160563 0.0128462 -0.0306849 -0.0417239 0.0694949 -0.0151574 0.0100226 -0.0258569 -0.0142191
internal_weight=0 1657.54 1104.56 2304.68 671.694 552.975 1138.93 1165.75 951.119 601.855 432.867 742.955 720.109 490.11 471.839 820.462 395.978 490.343 368.774 453.835 284.495 169.34 229.999 64.0935 59.6989 214.628 175.927 439.196 147.695 65.1167
internal_count=123166 106155 100553 17011 34874 5602 10864 6147 5486 33937 65679 9156 9029 7006 5329 5075 1708 19821 61169 19185 13470 5715 2023 4510 4472 661 3336 3244 5331 586
is_linear=0
shrinkage=0.1


Tree=20
num_leaves=31
num_cat=0
split_feature=2 4 9 4 4 8 22 2 22 10 2 26 2 7 3 2 0 9 6 4 22 10 10 20 2 6 9 9 20 3
split_gain=213.739 168.48 76.7602 44.066 42.8563 28.1906 28.103 26.4532 23.019 21.2073 21.0323 20.3362 19.2259 13.127 16.12 12.7535 12.3415 12.2568 12.1814 11.8353 11.82 11.2074 11.0492 11.0244 10.6903 10.5608 10.2839 10.0961 9.91339 10.1944
threshold=26.500000000000004 1.5000000000000002 6.5000000000000009 1.5000000000000002 4.5000000000000009 7.5000000000000009 -1.0000000180025095e-35 14.500000000000002 -26.499999999999996 2.5000000000000004 36.500000000000007 1.0000000180025095e-35 18.500000000000004 2.5000000000000004 4.5000000000000009 30.500000000000004 13.500000000000002 15.500000000000002 49.500000000000007 6.5000000000000009 -2.4999999999999996 1.0000000180025095e-35 2.5000000000000004 291.50000000000006 17.500000000000004 1.0000000180025095e-35 4.5000000000000009 9.5000000000000018 580.50000000000011 11.500000000000002
decision_type=2 2 2 2 2 2 2 2 2 2 2 2 2 2 2 2 2 2 2 2 2 2 2 2 2 2 2 2 2 2
left_child=1 2 12 5 7 8 -4 26 -2 16 13 17 -1 22 -15 -16 18 21 -8 23 -5 24 -10 -6 -9 -7 -3 -22 29 -23
right_child=3 4 6 20 19 25 9 11 10 -11 -12 -13 -14 14 15 -17 -18 -19 -20 -21 27 28 -24 -25 -26 -27 -28 -29 -30 -31
leaf_value=-0.096342532152375621 -0.05254240057474166 -0.083333849122948778 -0.0640731368172483 0.018191148443876946 0.018328546850882987 0.031917782709826162 -0.038977290696955672 -0.069148583747158585 -0.014958461810776808 0.040922411426149309 0.054402358189601208 0.11127269077838259 -0.051506870346207656 -0.0046889388087402823 0.0074155035452449659 0.043720794037687187 -0.0021582797016423735 0.095960019383723227 0.087835317080659767 0.11025496824693196 0.029743366777507614 0.0063764046857916895 0.088668835922158323 0.068813769531611169 -0.0055907922266018846 0.076850946456921393 -0.022409311544229035 0.074664623296035515 0.11423188986198302 0.086813220069064639
leaf_weight=288.42664572678041 59.240225023822859 42.016433516371762 163.17911898571765 67.945890115574002 94.795617054216564 370.05628690868616 294.74133230641019 30.909202482260298 274.37066518585198 57.144944912521169 103.142050428316 18.60250285663642 143.08671741280705 258.99798893276602 175.14823260507546 216.19001683592796 171.81329834321514 14.239112666808067 7.7746090162545434 29.100173093378544 64.530721247196198 204.43402913818136 10.69009186606854 79.552598155103624 184.00206012639683 60.918195826467127 81.345798320544418 222.68180418107659 10.027294343337415 17.071905803633854
leaf_count=54624 1946 3429 16048 351 417 1727 12033 1212 2236 865 315 154 10515 1697 1390 907 2590 60 45 101 257 2706 52 276 2038 235 4130 690 33 87
internal_value=0 -0.0233682 -0.0483505 0.0239679 0.0115337 0.0165963 -0.0277736 -0.00186335 0.00808783 -0.0166286 0.0115463 0.00876585 -0.0814754 0.00682074 0.0146638 0.0274719 -0.023562 0.0046266 -0.0357182 0.051218 0.0556986 0.00171357 -0.0110723 0.0413642 -0.0147319 0.0382691 -0.0431598 0.0645717 0.0169784 0.0125758
internal_weight=0 1932.26 1126.17 1883.91 806.097 1528.75 694.653 602.648 1097.78 531.474 1038.54 479.286 431.513 935.397 650.336 391.338 474.329 460.684 302.516 203.448 355.158 446.444 285.061 174.348 214.911 430.974 123.362 287.213 231.533 221.506
internal_count=123166 111363 96720 11803 14643 10505 31581 13849 8543 15533 6597 6290 65139 6282 3994 2297 14668 6136 12078 794 1298 6076 2288 693 3250 1962 7559 947 2826 2793
is_linear=0
shrinkage=0.1


Tree=21
num_leaves=31
num_cat=0
split_feature=0 22 12 12 9 9 9 4 9 22 6 1 4 20 0 7 4 3 2 1 9 8 6 4 24 19 17 13 7 18
split_gain=190.626 100.357 57.236 41.6147 29.4088 26.9756 26.8 22.6669 25.9647 21.3561 19.7035 15.1749 15.2142 14.9751 14.8065 15.7555 15.3298 14.0604 13.6388 13.5565 13.0025 12.4632 12.1659 12.1139 19.4706 13.6563 11.1155 10.3785 10.2523 10.1437
threshold=13.500000000000002 -6.4999999999999991 4.5000000000000009 7.5000000000000009 9.5000000000000018 4.5000000000000009 14.500000000000002 4.5000000000000009 16.500000000000004 1.5000000000000002 1.0000000180025095e-35 16.500000000000004 4.5000000000000009 549.50000000000011 21.500000000000004 9.5000000000000018 2.5000000000000004 6.5000000000000009 39.500000000000007 19.500000000000004 6.5000000000000009 5.5000000000000009 36.500000000000007 1.5000000000000002 1.0000000180025095e-35 1.5000000000000002 1.5000000000000002 1.0000000180025095e-35 10.500000000000002 8.5000000000000018
decision_type=2 2 2 2 2 2 2 2 2 2 2 2 2 2 2 2 2 2 2 2 2 2 2 2 2 2 2 2 2 2
left_child=1 4 5 6 -1 -3 9 8 22 18 19 12 13 21 15 16 20 -8 26 28 -11 -5 23 24 -4 -26 -2 -12 29 -7
right_child=3 2 7 11 -6 10 17 -9 -10 14 27 -13 -14 -15 -16 -17 -18 -19 -20 -21 -22 -23 -24 -25 25 -27 -28 -29 -30 -31
leaf_value=-0.096844731332285064 -0.033956398648828615 -0.084353585495307248 -0.060223606310266554 -0.002387238621059069 -0.034347116495281126 -0.052242789120156778 0.027131383320491021 0.050523298440034961 0.053751668847774395 -0.032808730670775173 0.03164030464692668 0.067437069693811344 0.085599963315050126 0.050521989954751191 0.042845180251177326 0.077962215906068361 0.040086137631520309 0.086828596446822739 0.11616491371075022 0.031874406453188925 0.0035987753239076579 0.037721620943150132 0.05471017723962826 0.0044435279166424174 -0.040272429194569789 0.012106159047926784 0.041195873070862962 -0.03768151068466366 0.047198210223317417 0.04830022738261424
leaf_weight=213.79929638045724 218.16585957538337 102.25257253317977 105.30532812181627 189.08569979504682 116.22115678779664 281.75249724596506 251.99999679648317 93.944627149030566 74.391957191750407 125.14126113243401 72.253578883304726 156.70844752620906 48.421843372285366 173.52391130407341 119.7857060241513 28.232666688971221 90.031710410490632 46.777404633816332 6.8268532790243617 24.812510187737644 453.86463523120619 131.2474183710292 28.598970004473813 247.41309411387192 79.844694252242334 132.18061699869577 21.632463783025742 30.804978435859084 11.599922818248158 10.404989064671097
leaf_count=39852 7775 17920 6927 1696 5051 16033 1258 359 310 3786 2047 562 161 843 581 121 368 178 24 120 4048 599 294 5001 3011 1547 333 1529 172 660
internal_value=0 -0.0256056 -0.0130652 0.0201916 -0.0748354 -0.0381707 0.0100148 0.00453199 -0.0019386 0.00258166 -0.02723 0.0400281 0.0321074 0.0268625 0.0103665 0.00478686 0.00169894 0.0364777 -0.023209 -0.0391959 -0.00427002 0.0140462 -0.00892092 -0.0121432 -0.0250754 -0.00761862 -0.0271768 0.0109195 -0.0450013 -0.048662
internal_weight=0 1625.58 1295.56 2061.45 330.02 533.881 1362.46 761.679 667.735 1063.68 431.628 698.987 542.279 493.857 817.056 697.27 669.038 298.777 246.625 328.57 579.006 320.333 593.343 564.744 317.331 212.025 239.798 103.059 303.757 292.157
internal_count=123166 100833 55930 22333 44903 38481 18472 17449 17090 17036 20561 3861 3299 3138 8904 8323 8202 1436 8132 16985 7834 2295 16780 16486 11485 4558 8108 3576 16865 16693
is_linear=0
shrinkage=0.1


Tree=22
num_leaves=31
num_cat=0
split_feature=0 2 4 9 22 4 4 8 22 22 20 3 7 6 7 2 15 6 25 18 4 10 17 4 22 2 9 6 2 22
split_gain=174.235 79.1658 75.3811 44.3222 34.5734 26.9321 26.5842 23.7281 20.1512 20.0845 18.2225 17.3237 16.9923 15.4997 15.1587 14.5818 14.2827 12.8237 12.6842 12.2927 11.7095 11.2964 11.0776 9.6204 9.59323 9.54744 9.44473 9.20143 8.97795 11.2323
threshold=9.5000000000000018 28.500000000000004 3.5000000000000004 6.5000000000000009 -12.499999999999998 1.5000000000000002 3.5000000000000004 1.5000000000000002 -12.499999999999998 1.0000000180025095e-35 497.50000000000006 12.500000000000002 1.0000000180025095e-35 35.500000000000007 9.5000000000000018 37.500000000000007 19.500000000000004 35.500000000000007 1.0000000180025095e-35 8.5000000000000018 2.5000000000000004 1.5000000000000002 1.5000000000000002 6.5000000000000009 -15.499999999999998 34.500000000000007 8.5000000000000018 29.500000000000004 19.500000000000004 82.500000000000014
decision_type=2 2 2 2 2 2 2 2 2 2 2 2 2 2 2 2 2 2 2 2 2 2 2 2 2 2 2 2 2 2
left_child=3 2 4 6 26 9 27 11 -5 25 13 19 -11 14 18 -14 17 20 22 -6 -10 -13 -9 28 -7 -3 -2 -1 29 -4
right_child=1 5 23 8 7 24 -8 10 16 12 -12 21 15 -15 -16 -17 -18 -19 -20 -21 -22 -23 -24 -25 -26 -27 -28 -29 -30 -31
leaf_value=-0.098182089072986742 -0.086744426498865837 -0.017661101977161888 0.029266332590827573 -0.08511818060424764 -0.040849852537838051 0.0037050709012766505 -0.0052288803250068253 -0.013833107723656687 -0.050773987013653092 -0.041352415708548418 0.033966256373803863 -0.052338866174583866 0.026610156370761653 0.076156049227628864 0.044919754428653563 0.070201071301355319 0.034697139784769571 0.033222645987101923 -0.04552744824432968 0.04818340056747196 0.011155754336667677 0.1010172332163025 0.024139629474904473 0.10290669143665687 0.065267701824134813 0.02100912673778331 -0.036154143257024825 0.0026382912096302746 0.062432510082075711 -0.074081321072591133
leaf_weight=216.8405471376318 72.353759536897996 167.65165942860767 177.79314074991271 46.310765733273001 325.1779192838876 28.794318061321974 39.67347502335906 443.57018853133195 129.1016442302498 33.68471553735435 130.16073223704007 6.9352368891704854 745.43972512986511 21.861608598381281 47.845734519767575 85.545892123132944 49.673556487308815 31.654219563468359 103.27058421785478 16.284113701316528 39.987522097537294 15.624900344293563 92.917460252065212 22.768713591620326 209.31422728020698 103.11451212130487 75.315531938045751 9.4466588720097189 84.08231349568814 11.177597735077141
leaf_count=49217 11277 2375 982 6892 16310 153 482 7573 9636 194 1106 143 3309 152 391 272 457 413 2697 589 599 127 1050 96 707 556 4244 746 334 87
internal_value=0 0.00951705 -0.00526628 -0.0510905 -0.0152755 0.0272451 -0.0807352 -0.00967298 -0.0245196 0.0208327 -0.000428074 -0.0309966 0.0282752 -0.00673816 -0.00937369 0.0310976 -0.0133128 -0.0251927 -0.0134341 -0.0366039 -0.0361284 0.0538739 -0.00725639 0.0404562 0.057823 -0.00293451 -0.0609419 -0.0939732 0.0352487 0.0231533
internal_weight=0 3020.68 1647.14 562.688 1351.32 1373.55 265.961 1203.65 296.728 1135.44 839.626 364.022 864.67 709.466 687.604 830.986 250.417 200.743 639.758 341.462 169.089 22.5601 536.488 295.822 238.109 270.766 147.669 226.287 273.053 188.971
internal_count=123166 54724 47158 68442 45659 7566 50445 30138 17997 6706 12969 17169 3775 11863 11711 3581 11105 10648 11320 16899 10235 270 8623 1499 860 2931 15521 49963 1403 1069
is_linear=0
shrinkage=0.1


Tree=23
num_leaves=31
num_cat=0
split_feature=0 2 4 2 10 8 4 22 2 4 6 24 26 12 4 7 9 6 20 10 22 22 13 22 22 22 20 10 10 22
split_gain=151.663 84.715 69.6789 40.4865 27.004 24.1196 20.9723 20.1546 19.5164 18.9059 14.9405 16.0299 14.366 14.2151 13.4916 12.1271 11.5959 11.3023 11.1018 10.8485 10.6194 10.5885 10.3055 11.8443 9.96259 8.92368 8.86166 8.76585 8.55725 8.11976
threshold=7.5000000000000009 29.500000000000004 1.5000000000000002 24.500000000000004 1.5000000000000002 2.5000000000000004 5.5000000000000009 -1.0000000180025095e-35 18.500000000000004 1.0000000180025095e-35 21.500000000000004 1.0000000180025095e-35 1.0000000180025095e-35 8.5000000000000018 3.5000000000000004 11.500000000000002 19.500000000000004 59.500000000000007 365.50000000000006 2.5000000000000004 31.500000000000004 -35.499999999999993 3.5000000000000004 -26.499999999999996 -8.4999999999999982 -49.499999999999993 379.50000000000006 3.5000000000000004 2.5000000000000004 12.500000000000002
decision_type=2 2 2 2 2 2 2 2 2 2 2 2 2 2 2 2 2 2 2 2 2 2 2 2 2 2 2 2 2 2
left_child=8 2 3 4 5 -2 7 -4 17 16 11 14 15 22 -9 21 24 19 -7 -1 -16 -5 -11 -24 -3 -15 -22 -6 -23 -13
right_child=1 9 6 12 27 18 -8 10 -10 13 -12 29 -14 25 20 -17 -18 -19 -20 -21 26 28 23 -25 -26 -27 -28 -29 -30 -31
leaf_value=-0.092329063531320643 -0.075622104260837306 -0.020462682718126474 -0.029385719995770498 -0.087504143206888638 -0.013141403453291537 -0.043461107871697879 0.069301583061701727 -0.013124547677807574 -0.013877520959958645 0.040584481348138579 0.11246577756877985 0.076072112827870728 0.10255613217314281 -0.16090887198434614 0.047769831802305852 0.075523707996193262 0.060465058160215052 0.13720921834742286 0.0058277862899199263 -0.012273383948427457 -0.010236936380853101 -0.0088867315046757874 -0.11076314173209201 0.013052486836552801 0.017026120726139165 0.064959071350196823 0.060468090339309326 0.052345938265091457 0.059769508877530991 0.028102861794936335
leaf_weight=206.14371393923648 222.11687424924457 83.2477787588723 103.29821283582714 16.700518030382227 85.544039192231139 154.35233822782175 68.835842069238424 212.37515208753757 48.951800149399787 243.68477435410023 16.385253058513626 45.518366795935435 12.266490964684634 1.7651632279157627 93.343776784371585 17.469251959584653 52.836173816584051 2.2967508286237708 64.917496099194977 18.441418145142961 96.981257088948041 601.04001270094886 8.3837474014144373 98.491740571334958 477.43128445046023 193.1930146953091 21.690764851868153 26.857179480139166 18.71949478937313 156.99231054628035
leaf_count=44153 33665 1310 3538 1641 4481 8941 282 4191 1914 1087 103 305 60 14 476 98 220 14 1976 1058 608 7573 106 427 2284 712 86 527 127 1189
internal_value=0 0.00614305 -0.00614564 -0.0212722 -0.0412527 -0.0523961 0.0164858 0.0116161 -0.0711428 0.0277235 0.0182001 0.0157363 -0.00466296 0.0412679 0.00469024 -0.00667419 0.0156802 -0.0834983 -0.0288685 -0.0857554 0.0225352 -0.00893032 0.0292297 0.00333989 0.0114599 0.062914 0.00268646 0.00250616 -0.00681301 0.0388849
internal_weight=0 3194.44 2035.4 1219.98 553.788 441.387 815.421 746.585 275.834 1159.03 643.287 626.902 666.196 545.518 424.391 653.929 613.515 226.882 219.27 224.585 212.016 636.46 350.56 106.875 560.679 194.958 118.672 112.401 619.76 202.511
internal_count=123166 76027 69867 59089 49590 44582 10778 10496 47139 6160 6958 6855 9499 2346 5361 9439 3814 45225 10917 45211 1170 9341 1620 533 3594 726 694 5008 7700 1494
is_linear=0
shrinkage=0.1


Tree=24
num_leaves=31
num_cat=0
split_feature=2 4 4 2 22 7 6 26 2 0 2 22 3 22 22 10 8 20 6 9 18 9 15 3 20 7 5 17 0 7
split_gain=134.707 106.072 48.4123 53.4883 36.4465 26.8181 22.4507 22.3199 21.6794 14.8088 14.268 14.0706 10.6009 10.4705 9.13537 8.77329 9.34399 9.44375 8.71927 8.57875 8.53667 9.89978 9.91835 7.8538 7.56535 7.29804 7.25544 7.1665 6.99655 6.83539
threshold=20.500000000000004 3.5000000000000004 2.5000000000000004 31.500000000000004 -1.0000000180025095e-35 8.5000000000000018 14.500000000000002 1.0000000180025095e-35 26.500000000000004 6.5000000000000009 38.500000000000007 -4.4999999999999991 7.5000000000000009 -15.499999999999998 -47.499999999999993 1.5000000000000002 3.5000000000000004 347.50000000000006 32.500000000000007 15.500000000000002 8.5000000000000018 8.5000000000000018 10.500000000000002 3.5000000000000004 379.50000000000006 3.5000000000000004 3.5000000000000004 6.5000000000000009 9.5000000000000018 6.5000000000000009
decision_type=2 2 2 2 2 2 2 2 2 2 2 2 2 2 2 2 2 2 2 2 2 2 2 2 2 2 2 2 2 2
left_child=1 4 3 5 18 7 9 8 13 -6 11 -5 24 -2 -10 16 -16 26 -1 -4 21 29 -23 -8 -3 -13 28 -14 -18 -11
right_child=2 12 19 10 6 -7 23 -9 14 20 -12 25 27 -15 15 -17 17 -19 -20 -21 -22 22 -24 -25 -26 -27 -28 -29 -30 -31
leaf_value=-0.097163355696937515 -0.069831585284585093 -0.0027817438818634748 0.049903803728787097 -0.0056276162678656066 -0.095234061754136831 0.037482498481971729 -0.03192674753991586 0.069378388711465178 -0.10399609896686693 -0.061367617190103252 0.064255821188115778 0.017313493140816708 0.031369522895460078 -0.020770465121757634 -0.017082014591214681 0.040103673910038537 0.037451415647051359 0.020405519370064268 -0.017733315919620504 0.11301051114008952 0.039817350032002367 -0.075954135855475835 0.0023079705185567868 0.034116076833711879 0.060708056718252551 0.041585872197910434 0.15062188082648564 0.097539699312163913 -0.017197448751850936 0.019890683295395138
leaf_weight=182.31407572005992 47.719554904208053 158.26455972041003 196.87314919568598 127.17846787394956 59.906998510152334 146.37141106917989 28.631243369483855 36.647598174633458 8.1913268031785247 185.24171813580324 102.94078237935901 211.26061419863254 73.313147330656648 491.96631461405195 236.10341164155398 56.459755396703258 26.83385758753866 253.05344023788348 14.953623768931719 24.187932953238487 12.598347955732605 21.332458995049819 67.218433073256165 48.523215148423333 21.293232156895101 299.47263987455517 2.8408565521240225 21.071919665671885 184.53698655054905 10.964853337965904
leaf_count=45689 5962 1350 901 1201 14187 1313 1781 320 745 21112 377 916 401 12412 2933 363 219 1550 796 81 848 1076 1924 983 100 1165 8 88 1485 880
internal_value=0 -0.0329594 0.0121702 0.00774823 -0.0554969 -0.00316594 -0.0393104 -0.00759169 -0.00974873 -0.0498749 0.0297095 0.0241347 0.0190097 -0.0251085 0.00104455 0.00217694 -0.000867453 0.00732557 -0.0911423 0.0568088 -0.0407366 -0.0443005 -0.0165459 0.00960825 0.00474733 0.0315458 -0.00812609 0.0461423 -0.0102597 -0.0568266
internal_weight=0 905.628 2452.64 2231.58 631.685 1490.72 434.417 1344.35 1307.71 357.263 740.853 637.912 273.943 539.686 768.02 759.828 703.369 467.265 197.268 221.061 297.356 284.757 88.5509 77.1545 179.558 510.733 214.212 94.3851 211.371 196.207
internal_count=123166 91215 31951 30969 89276 27310 42791 25997 25677 40027 3659 3282 1939 18374 7303 6558 6195 3262 46485 982 25840 24992 3000 2764 1450 2081 1712 489 1704 21992
is_linear=0
shrinkage=0.1


Tree=25
num_leaves=31
num_cat=0
split_feature=2 4 4 2 9 4 7 6 10 22 22 4 10 2 4 13 6 20 0 19 8 6 15 3 8 20 22 15 17 9
split_gain=118.545 93.6943 35.6486 35.5544 34.3007 25.9771 18.6227 16.5473 16.1974 15.2474 11.4953 11.3978 12.2036 10.9285 11.8576 10.4333 9.9204 9.6877 13.4328 10.1665 9.52797 10.7175 9.28035 8.48322 8.571 8.33312 7.77417 8.74638 7.53934 8.22809
threshold=23.500000000000004 1.5000000000000002 2.5000000000000004 34.500000000000007 6.5000000000000009 4.5000000000000009 5.5000000000000009 12.500000000000002 2.5000000000000004 3.5000000000000004 -9.4999999999999982 1.0000000180025095e-35 1.5000000000000002 17.500000000000004 3.5000000000000004 7.5000000000000009 49.500000000000007 500.50000000000006 20.500000000000004 1.0000000180025095e-35 7.5000000000000009 16.500000000000004 27.500000000000004 4.5000000000000009 9.5000000000000018 171.50000000000003 -5.4999999999999991 20.500000000000004 1.0000000180025095e-35 7.5000000000000009
decision_type=2 2 2 2 2 2 2 2 2 2 2 2 2 2 2 2 2 2 2 2 2 2 2 2 2 2 2 2 2 2
left_child=1 4 3 6 15 7 9 13 10 11 -6 12 -2 14 -3 -1 -12 18 20 -19 21 22 -11 24 26 -7 -8 -28 29 -5
right_child=2 5 -4 28 8 25 23 -9 -10 17 16 -13 -14 -15 -16 -17 -18 19 -20 -21 -22 -23 -24 -25 -26 -27 27 -29 -30 -31
leaf_value=-0.085240089115077855 -0.051283946306842715 -0.058729283615800966 0.063474107756750844 -0.024789160703010321 -0.083946769097824628 0.0017787652754461909 -0.044531908760631581 0.06862011636642576 0.019817914516953375 -0.018290475118162629 -0.035939057542379076 -0.00089626036300726082 0.04739570154918589 0.0016409450386004297 -0.007262755754931894 -0.0030668664040488921 0.071562200407097529 -0.0028812310949924329 0.044917177098106789 0.041635201202257943 0.020460734761724341 0.10046510592139367 0.06185614653479389 0.035035051496440164 0.04649542377333088 0.052288519298227101 -0.0083914579928105176 0.034118056715788957 0.063242063422380534 0.036162686572418827
leaf_weight=243.94401656225091 134.97629563484224 88.574484962358838 137.59236522484571 24.420652137137949 51.625855068588862 45.532534250058234 32.445737327681854 25.306451764772646 51.253478280559648 426.47297536674887 238.91162491316209 122.09537407138851 13.815044625778681 191.63128316577058 90.509555530035868 16.496061364014167 8.9041742701083404 90.314887697808444 54.243325052782893 118.76282686926425 101.33675254974514 8.1054200418293458 14.954146000090985 219.52426209568512 50.030069043627009 115.56281888019294 124.19386391434819 79.310240154154599 95.99582368414849 237.93715762253851
leaf_count=60986 4599 8784 565 127 10246 236 889 445 1542 4677 14439 1774 274 2765 1063 1950 60 871 313 623 517 38 87 1717 265 522 957 416 395 1024
internal_value=0 -0.025505 0.0142803 0.0108073 -0.0525441 0.0041559 0.00439626 -0.00961633 -0.032128 -0.00298916 -0.0410193 -0.0235404 -0.0421217 -0.0149571 -0.032718 -0.0800353 -0.0320765 0.00384837 -0.00256348 0.0224055 -0.00723883 -0.0134831 -0.0155754 0.0202493 0.00889937 0.0380123 0.000927625 0.00817548 0.039263 0.0304892
internal_weight=0 1168.25 2086.53 1948.93 611.135 557.117 1590.58 396.022 350.695 1085.08 299.442 270.887 148.791 370.715 179.084 260.44 247.816 814.19 605.113 209.078 550.869 449.533 441.427 505.504 285.98 161.095 235.95 203.504 358.354 262.358
internal_count=123166 103038 20128 19563 89223 13815 18017 13057 26287 13773 24745 6647 4873 12612 9847 62936 14499 7126 5632 1494 5319 4802 4764 4244 2527 758 2262 1373 1546 1151
is_linear=0
shrinkage=0.1


Tree=26
num_leaves=31
num_cat=0
split_feature=0 22 12 12 9 8 0 9 6 22 17 4 2 22 17 2 18 15 18 19 6 0 13 3 2 4 6 9 20 4
split_gain=107.756 56.2579 31.9801 27.3387 23.8976 20.9069 19.9162 15.9589 15.4629 15.334 15.3178 12.376 13.0771 12.3606 9.82889 10.0842 10.1036 9.66792 9.49587 9.38103 16.3559 9.19353 8.79799 8.20317 7.48947 12.0429 7.21011 7.05994 6.91462 6.87499
threshold=13.500000000000002 -9.4999999999999982 4.5000000000000009 8.5000000000000018 13.500000000000002 5.5000000000000009 6.5000000000000009 15.500000000000002 2.5000000000000004 -21.499999999999996 2.5000000000000004 1.0000000180025095e-35 26.500000000000004 1.0000000180025095e-35 6.5000000000000009 19.500000000000004 6.5000000000000009 27.500000000000004 5.5000000000000009 1.5000000000000002 24.500000000000004 17.500000000000004 12.500000000000002 6.5000000000000009 30.500000000000004 3.5000000000000004 43.500000000000007 10.500000000000002 389.50000000000006 1.5000000000000002
decision_type=2 2 2 2 2 2 2 2 2 2 2 2 2 2 2 2 2 2 2 2 2 2 2 2 2 2 2 2 2 2
left_child=1 5 6 4 9 -1 26 10 14 -2 19 12 18 17 15 16 -8 -6 -11 20 -4 -13 -14 -10 25 28 -3 -12 -5 -26
right_child=3 2 7 24 13 -7 8 -9 23 11 27 21 22 -15 -16 -17 -18 -19 -20 -21 -22 -23 -24 -25 29 -27 -28 -29 -30 -31
leaf_value=-0.0843863718264935 -0.04603186413301473 -0.090750426422873814 -0.035674356215552865 -0.027081254865485967 -0.0083746657745392607 -0.011010479841060784 -0.062812575787099131 0.039442088810952881 0.00096171897811874992 -0.043299578233537188 0.013337439118650353 0.0040304352685231089 0.00076924446779082982 0.042091712220730042 0.12312601935151096 -0.018602410596321613 0.023441380811032836 0.076597405204959126 0.030886789805766986 0.0029387840354917938 0.052927809428994957 0.033145332754203886 0.095093577379617766 0.089780159602965495 0.040901908749779919 0.06393246958579972 0.047141967044604251 0.075356085510076345 0.022124608245941032 0.082640122103803143
leaf_weight=169.73368213027425 65.267637133045355 64.188997947989265 222.76480801292928 36.563007218530402 100.3375342451036 50.350523342902306 127.1834658087173 95.092241011210717 32.862013392732479 120.58587550435914 139.90859373891726 262.33802933333209 324.99902265076526 266.72933444287628 4.0616924092173567 195.13694388367003 15.204005649022291 15.452075134962795 20.13484118989436 174.38215381733608 22.984338357113302 184.89448406954762 10.198945668991653 15.212282506865447 159.30905362823978 58.930001077009365 4.0300123754423103 21.126783731160685 130.44859962526243 52.459698592312634
leaf_count=40045 4578 16258 11759 396 961 1979 16329 482 1274 5427 2405 3079 2595 1146 19 4819 1736 70 706 2755 474 1150 54 259 722 249 88 152 989 211
internal_value=0 -0.021331 -0.0123524 0.0159716 0.0090246 -0.0675995 -0.0327599 0.00146494 -0.0240334 0.00081117 -0.00474899 0.00412302 -0.00710113 0.0302479 -0.0315067 -0.0333675 -0.0536025 0.00296482 -0.0326847 -0.0148002 -0.0273876 0.0160671 0.00363922 0.0290668 0.03773 0.0250662 -0.0826045 0.0214739 0.0113522 0.0512414
internal_weight=0 1354.22 1134.14 1808.65 1370.94 220.084 457.879 676.259 389.66 988.419 581.167 923.151 475.919 382.519 341.586 337.524 142.387 115.79 140.721 420.131 245.749 447.233 335.198 48.0743 437.71 225.942 68.219 161.035 167.012 211.769
internal_count=123166 100833 58809 22333 19766 42024 40782 18027 24436 17589 17545 13011 8782 2177 22903 22884 18065 1031 6133 14988 12233 4229 2649 1533 2567 1634 16346 2557 1385 933
is_linear=0
shrinkage=0.1


Tree=27
num_leaves=31
num_cat=0
split_feature=0 2 4 8 22 22 2 9 10 2 4 9 4 7 6 17 6 8 20 22 7 22 22 0 15 16 14 0 7 10
split_gain=94.4084 55.0312 55.0721 25.5618 23.4299 16.6457 18.0229 15.6889 13.9908 13.0654 12.7409 12.3393 12.1859 11.5174 10.433 8.88829 9.95201 8.69264 8.47318 8.2563 8.27179 7.61386 7.18898 7.03763 7.0191 8.53219 8.49058 7.01221 8.47279 6.9457
threshold=7.5000000000000009 28.500000000000004 2.5000000000000004 5.5000000000000009 -14.499999999999998 -1.4999999999999998 36.500000000000007 6.5000000000000009 3.5000000000000004 20.500000000000004 6.5000000000000009 10.500000000000002 1.5000000000000002 1.5000000000000002 2.5000000000000004 1.0000000180025095e-35 45.500000000000007 10.500000000000002 472.50000000000006 22.500000000000004 14.500000000000002 78.500000000000014 -6.4999999999999991 15.500000000000002 20.500000000000004 56.95000000000001 12.500000000000002 17.500000000000004 6.5000000000000009 3.5000000000000004
decision_type=2 2 2 2 2 2 2 2 2 2 2 2 2 2 2 2 2 2 2 2 2 2 2 2 2 2 2 2 2 2
left_child=7 2 3 4 29 17 12 -1 9 -6 11 -4 13 -7 -11 16 19 27 -17 20 -5 -14 -13 -23 25 26 -15 28 -3 -2
right_child=1 5 10 15 8 6 -8 -9 -10 14 -12 22 21 24 -16 18 -18 -19 -20 -21 -22 23 -24 -25 -26 -27 -28 -29 -30 -31
leaf_value=-0.088766360683234471 -0.082190093616898233 -0.040438576370045762 0.010368400885452704 -0.032343020176016854 -0.046959244238257959 -0.017256224575497508 0.062189633494913403 -0.035124257536680505 0.046178438774052644 -0.019595435562485962 0.10088340838597182 -0.039481862051913681 0.060737438090966656 -0.016541624635433055 0.053631381003236701 0.012240600960689716 0.11692334276123413 0.052338609269680481 0.077185774028282694 0.0099041863267983424 0.16090905315712867 -0.085283732789543765 0.061710976429429576 0.033870445953048105 0.02786772258847205 -0.01351836968792228 0.062946384747493575 0.010120769006303655 0.017592230621846471 0.056880954419786335
leaf_weight=115.00441360981495 86.327742870693328 87.711237358977087 363.98805282713147 117.84150552743813 197.86330089169496 88.630559809040278 126.88150800019503 103.67549975088332 28.613779970444739 490.09919723827625 19.540748093277216 7.7167989353183648 108.52630873024464 21.031736072152853 20.261036365758628 92.385880363290198 6.261408570688217 27.48762021958828 25.670684297103435 102.73437355761416 2.2573110244702539 7.0890646837651756 77.804928740020841 16.480502299964428 442.75262494012713 104.47146380320191 37.217927487567067 120.906806602492 35.279976145364344 3.7471023349789894
leaf_count=37172 19896 1336 4063 2748 25522 595 502 9967 509 12184 102 82 447 101 250 1057 47 148 146 1047 10 30 401 69 2174 560 151 1303 344 203
internal_value=0 0.00482987 -0.0071289 -0.0187006 -0.028261 0.0208774 0.027099 -0.0633348 -0.0223757 -0.0251454 0.0218357 0.0183994 0.0217101 0.016412 -0.0166884 0.00407243 -0.00741407 -0.000972529 0.0263625 -0.0109078 -0.0287108 0.0495491 0.0525801 -0.00196779 0.0213404 0.00358006 0.0342463 -0.00698076 -0.0237925 -0.0764048
internal_weight=0 2867.58 1643.11 1174.06 826.912 1224.47 953.082 218.68 736.837 708.224 469.051 449.51 826.2 694.104 510.36 347.151 229.095 271.386 118.057 222.833 120.099 132.096 85.5217 23.5696 605.474 162.721 58.2497 243.898 122.991 90.0748
internal_count=123166 76027 68267 63619 58564 7760 4629 47139 38465 37956 4648 4546 4127 3581 12434 5055 3852 3131 1203 3805 2758 546 483 99 2986 812 252 2983 1680 20099
is_linear=0
shrinkage=0.1


Tree=28
num_leaves=31
num_cat=0
split_feature=2 4 4 2 9 4 6 6 2 2 7 22 22 26 18 6 4 19 22 10 22 12 4 14 18 10 20 22 3 4
split_gain=80.8167 55.8596 42.4425 33.8654 20.3584 22.2032 15.2376 13.8721 13.6595 13.2549 12.5183 11.7104 11.7103 11.6706 11.3371 9.48385 10.7572 9.18146 8.84165 8.72819 8.69219 8.769 8.30768 8.15241 8.08966 7.91547 7.81689 7.76346 7.70049 8.18731
threshold=16.500000000000004 2.5000000000000004 1.0000000180025095e-35 26.500000000000004 14.500000000000002 3.5000000000000004 55.500000000000007 22.500000000000004 28.500000000000004 33.500000000000007 4.5000000000000009 1.0000000180025095e-35 7.5000000000000009 1.0000000180025095e-35 6.5000000000000009 21.500000000000004 5.5000000000000009 2.5000000000000004 -7.4999999999999991 1.5000000000000002 70.500000000000014 8.5000000000000018 2.5000000000000004 14.500000000000002 8.5000000000000018 5.5000000000000009 237.50000000000003 9.5000000000000018 10.500000000000002 1.5000000000000002
decision_type=2 2 2 2 2 2 2 2 2 2 2 2 2 2 2 2 2 2 2 2 2 2 2 2 2 2 2 2 2 2
left_child=1 6 3 7 5 8 12 11 13 10 19 -2 -1 17 -14 16 25 -4 23 27 21 28 -6 -11 -13 26 -3 -5 29 -10
right_child=2 15 4 9 22 -7 -8 -9 20 18 -12 24 14 -15 -16 -17 -18 -19 -20 -21 -22 -23 -24 -25 -26 -27 -28 -29 -30 -31
leaf_value=-0.098339056184293672 -0.070625449547243743 -0.040221659915524489 -0.011406151821843392 -0.046838655845825833 0.037066493695030588 0.047460022593787482 0.12494045247660374 0.02520836226411402 -0.0021568851405642949 0.093584675067360901 0.012852360700412247 -0.03088670221857134 -0.064941064098901644 0.062467175285042677 0.030259692569549176 0.13557288770333539 0.048082031651965992 0.026167385021232194 0.034799093324486025 0.03554035294114246 -0.015809689188933405 0.052766183089223012 0.096094567813149401 -0.02649510047764745 0.053016419836479367 0.11787424100816582 0.0028067858376090373 -0.010988692860278364 0.082454527353471224 0.044225672896840505
leaf_weight=114.94245694158599 80.262838606024161 82.559163949277718 464.56266842412879 89.425158287805971 263.74804658221547 155.89053788897581 3.8530133864842346 39.85959251789609 135.3420836571604 6.4485811106860629 255.47116605570773 265.52866712558898 105.27971078187693 25.982279012387153 14.195663377089657 4.9209945099428287 32.299649556167424 75.621436796558555 187.25799918361008 28.46606404252816 51.948917033150792 99.708569475449622 26.212745223194361 45.878030858468264 12.011250951502005 4.3847211787942788 86.410439159022644 186.14377950131893 16.338261627126485 52.944062703754753
leaf_count=40951 14151 2434 12408 2116 1521 805 38 660 933 32 2159 12975 22775 308 1915 26 155 897 802 239 251 451 118 422 321 27 1289 1652 83 252
internal_value=0 -0.0391459 0.00684994 -0.00690442 0.0188799 0.0125547 -0.07231 -0.0307505 0.00665583 0.00496242 -0.00346543 -0.0369844 -0.0755521 -0.00299738 -0.0536296 -0.00161985 -0.00490267 -0.00614616 0.0246441 -0.0171768 0.0219957 0.028449 0.0424027 -0.0116968 -0.0272556 -0.0147749 -0.0182171 -0.0226224 0.0165998 0.0108854
internal_weight=0 448.846 2565.05 1196.75 1368.3 1078.34 238.271 397.662 922.448 799.091 559.506 357.803 234.418 566.166 119.475 210.575 205.654 540.184 239.585 304.035 356.282 304.333 289.961 52.3266 277.54 173.354 168.97 275.569 204.624 188.286
internal_count=123166 69610 53556 35529 18027 16388 65679 28107 15583 7422 6166 27447 65641 13613 24690 3931 3905 13305 1256 4007 1970 1719 1639 454 13296 3750 3723 3768 1268 1185
is_linear=0
shrinkage=0.1


Tree=29
num_leaves=31
num_cat=0
split_feature=2 4 22 4 4 6 8 0 2 22 6 12 3 18 7 20 9 3 15 17 20 0 22 2 20 6 9 13 10 14
split_gain=69.9212 70.4692 25.7317 22.0075 21.9868 18.1601 16.3472 15.9502 15.1097 13.5571 11.5539 11.3515 10.7725 10.2428 9.81993 9.46215 9.21079 9.03695 8.91049 8.8557 8.79449 8.77761 8.60928 9.30631 8.34561 8.03914 7.70826 7.43737 7.3825 7.40982
threshold=24.500000000000004 1.5000000000000002 1.0000000180025095e-35 1.5000000000000002 4.5000000000000009 25.500000000000004 6.5000000000000009 6.5000000000000009 39.500000000000007 -31.499999999999996 28.500000000000004 6.5000000000000009 9.5000000000000018 8.5000000000000018 2.5000000000000004 365.50000000000006 11.500000000000002 11.500000000000002 32.500000000000007 1.5000000000000002 457.50000000000006 9.5000000000000018 4.5000000000000009 34.500000000000007 653.50000000000011 2.5000000000000004 17.500000000000004 2.5000000000000004 1.0000000180025095e-35 6.5000000000000009
decision_type=2 2 2 2 2 2 2 2 2 2 2 2 2 2 2 2 2 2 2 2 2 2 2 2 2 2 2 2 2 2
left_child=1 2 16 6 10 7 8 -4 9 -2 14 12 27 15 17 -9 -1 20 24 26 -3 -16 -8 28 25 -13 -5 -11 -24 -30
right_child=3 4 5 19 -6 -7 22 13 -10 11 -12 18 -14 -15 21 -17 -18 -19 -20 -21 -22 -23 23 -25 -26 -27 -28 -29 29 -31
leaf_value=-0.086544440200716569 -0.071351147529169323 -0.036186674094624643 -0.098209103497633898 0.018163679805940604 0.039419187105649241 0.022354025607879833 0.0026854133712056996 -0.046866005813349002 0.078344700975467044 -0.0038582702576380615 0.087611614647754979 0.0064838278055257704 0.02277525174587551 0.045599146987117881 -0.037389277106873509 -0.0090322350973780479 -0.020650290454702694 0.071041982507296153 -0.17045273682229212 0.059509241134097779 0.035595608619059693 0.017315627439951291 0.011984140474208425 0.059172481901152756 0.062178089908306949 0.096202913680784888 0.07570808049117829 -0.029681103430387181 -0.13208054767868577 0.057497731427655255
leaf_weight=141.538003995287 28.254922438820358 171.39200001112476 39.773572415506351 210.72136997105554 147.1302108373493 56.791199980594683 173.71808469574898 214.82193865737645 23.323872182518244 232.78453041636385 12.858394213835707 288.11741720710415 84.131166819832288 16.514490438596113 35.951993465452688 95.487675312266219 24.952871169458376 9.4713863043580186 2.6136987302452317 104.13866568822414 18.955383668188006 159.2615531947813 210.99730610661209 82.962287599220872 33.577344986610115 10.345735159702597 26.169142142869532 214.1342139407061 2.1343053393065921 60.625652307644486
leaf_count=47566 2240 7368 13399 1189 775 1524 1753 22485 93 2671 118 2557 820 923 2961 4380 1741 64 10 490 185 2666 1156 355 188 48 125 3036 14 266
internal_value=0 -0.0192971 -0.0433622 0.0123512 0.00627955 -0.030265 0.00696772 -0.0384165 -0.0011129 -0.00318599 -0.00567425 -0.000961206 -0.0100514 -0.0311399 -0.00871072 -0.0352239 -0.0766685 -0.0242946 0.0134636 0.0352049 -0.0290384 0.00724076 0.0209415 0.029832 0.0149113 0.00959379 0.0245206 -0.0162309 0.0209403 0.0510507
internal_weight=0 1144.9 589.88 1788.75 555.021 423.389 1447.72 366.598 917.283 893.959 407.891 865.704 531.05 326.824 395.032 310.31 166.491 199.819 334.654 341.029 190.347 195.214 530.438 356.72 332.04 298.463 236.891 446.919 273.757 62.76
internal_count=123166 106155 92018 17011 14137 42711 15207 41187 11663 11570 13362 9330 6527 27788 13244 26865 49307 7617 2803 1804 7553 5627 3544 1791 2793 2605 1314 5707 1436 280
is_linear=0
shrinkage=0.1


Tree=30
num_leaves=31
num_cat=0
split_feature=2 4 2 6 22 2 4 22 22 6 4 7 17 22 7 3 7 8 6 18 18 1 0 22 4 20 22 9 4 9
split_gain=64.3202 62.4223 30.5495 17.1075 16.2521 15.7787 14.6736 15.392 12.0223 11.6531 10.2404 10.1728 8.53332 8.48527 8.48378 9.81742 8.25733 8.04122 8.30192 7.6084 7.27203 7.19284 6.95269 6.78663 6.76267 6.70936 6.54855 6.51374 6.36491 7.51077
threshold=26.500000000000004 1.5000000000000002 15.500000000000002 4.5000000000000009 -1.0000000180025095e-35 33.500000000000007 5.5000000000000009 -15.499999999999998 -17.499999999999996 28.500000000000004 2.5000000000000004 11.500000000000002 1.0000000180025095e-35 6.5000000000000009 4.5000000000000009 9.5000000000000018 4.5000000000000009 11.500000000000002 27.500000000000004 6.5000000000000009 1.5000000000000002 19.500000000000004 11.500000000000002 -31.499999999999996 3.5000000000000004 315.50000000000006 58.500000000000007 3.5000000000000004 1.0000000180025095e-35 9.5000000000000018
decision_type=2 2 2 2 2 2 2 2 2 2 2 2 2 2 2 2 2 2 2 2 2 2 2 2 2 2 2 2 2 2
left_child=1 2 13 8 17 10 7 -3 -4 14 16 22 20 -1 15 24 28 18 23 -15 21 -7 -10 -2 -9 27 -16 -26 -6 -30
right_child=4 6 3 -5 5 12 -8 9 11 -11 -12 -13 -14 19 26 -17 -18 -19 -20 -21 -22 -23 -24 -25 25 -27 -28 -29 29 -31
leaf_value=-0.098082205223405106 -0.041057046546007697 -0.062838185931539906 -0.079785265302703925 0.019127352461335134 -0.0098030744648463092 -0.0029325820957234118 0.058136727678433142 -0.02020360523796854 -0.047683680524833738 0.097192689763394069 0.060377521996929917 0.062372567202909339 0.066308581969496447 -0.064324839960234595 0.041039003940124934 0.038726615547279297 0.021978681005719959 0.058384410749458604 0.1543400288796809 0.022704905575733951 0.053924828744313862 0.045465688706872204 -0.020976927240954235 -0.0031464439391810928 -0.084787083621811518 0.035801899591784946 -0.024871652535027794 0.00062074204855350733 -0.012417146799836491 0.027629289435912315
leaf_weight=76.050014984772133 57.725026210187934 33.127955996620585 46.015306967878132 78.307138626842061 232.87838682509027 83.168375281617045 53.392990707419813 192.42899694155494 136.88959500937199 14.071620417642405 43.797550672665238 12.599365869711617 87.669781427830458 66.689278698344424 89.815429339389084 53.046802574652247 359.64572446444072 19.072159097529948 3.1022733231075099 11.826578735344809 75.084099248051643 48.681228384375572 338.58519780499046 259.49687788274605 9.7377532729879004 55.226794186513871 18.114427240507212 107.60580968484282 70.458932681009173 139.67316443659365
leaf_count=33991 2014 3457 13414 1856 2113 381 283 7370 13134 99 197 180 382 18390 1347 407 1965 99 14 1788 325 222 13967 2859 130 299 342 909 544 688
internal_value=0 -0.0154195 -0.0345492 -0.0245226 0.0145142 0.0202284 0.00799657 0.00332587 -0.0309225 0.00738455 0.0132909 -0.0263157 0.040161 -0.0742752 0.00498188 -0.00147125 0.0107216 -0.00469713 -0.00845302 -0.0512158 0.0290833 0.0149369 -0.0286658 -0.0100451 -0.00731337 0.00706022 0.0299769 -0.00646682 0.00158291 0.0142014
internal_weight=0 1393.53 766.962 612.397 1480.45 1141.06 626.569 573.176 534.089 540.048 846.454 488.074 294.603 154.566 525.976 418.046 802.656 339.396 320.324 78.5159 206.934 131.85 475.475 317.222 364.999 172.57 107.93 117.344 443.01 210.132
internal_count=123166 111363 96720 42551 11803 6817 14643 14360 40695 10903 5507 27281 1310 54169 10804 9115 5310 4986 4887 20178 928 603 27101 4873 8708 1338 1689 1039 3345 1232
is_linear=0
shrinkage=0.1


Tree=31
num_leaves=31
num_cat=0
split_feature=2 22 4 2 2 6 10 4 10 8 22 9 9 6 13 21 15 4 10 20 19 22 10 8 20 20 7 4 3 7
split_gain=62.6142 48.9756 30.3254 24.0834 23.0651 18.3006 13.1477 12.1758 11.0875 10.7872 11.1236 10.5711 10.0614 9.63834 8.8317 11.487 8.85101 8.708 8.48925 11.9999 9.23427 8.01661 7.82483 7.49572 7.42952 7.35576 6.8665 6.79327 6.78301 6.75328
threshold=29.500000000000004 -1.0000000180025095e-35 2.5000000000000004 20.500000000000004 18.500000000000004 36.500000000000007 1.5000000000000002 1.5000000000000002 3.5000000000000004 9.5000000000000018 -25.499999999999996 15.500000000000002 10.500000000000002 47.500000000000007 1.5000000000000002 1.0000000180025095e-35 27.500000000000004 4.5000000000000009 1.0000000180025095e-35 385.50000000000006 1.0000000180025095e-35 -38.499999999999993 2.5000000000000004 2.5000000000000004 532.50000000000011 541.50000000000011 8.5000000000000018 1.0000000180025095e-35 9.5000000000000018 9.5000000000000018
decision_type=2 2 2 2 2 2 2 2 2 2 2 2 2 2 2 2 2 2 2 2 2 2 2 2 2 2 2 2 2 2
left_child=1 4 3 6 22 11 13 9 21 10 -2 18 17 23 -12 16 25 24 19 -5 -21 -6 -1 -3 -4 27 -22 -16 -20 -29
right_child=7 2 12 5 8 -7 -8 -9 -10 -11 14 -13 -14 -15 15 -17 -18 -19 28 20 26 -23 -24 -25 -26 -27 -28 29 -30 -31
leaf_value=-0.090021716423110035 -0.037052358962500781 -0.070909723034128833 -0.0031053909211684449 -0.029365772961738257 -0.083040891179416931 0.12587362547952982 -0.0015931900477104981 0.047839635168439809 0.092052358167597506 0.04605620544957198 0.032290066047527502 0.026668474611420308 0.052767179936430465 0.064662810260589065 -0.043726562718238292 0.028289117652107454 0.025904254573426225 0.035534895562717841 -0.00095050954418200197 -0.026450519329294236 0.0094434569050682645 -0.02327575333706183 -0.014716678783476426 -0.029962597619609468 0.080969327536255201 0.01146088614591915 0.082201946160438633 -0.0070145381485476168 0.044153350422510534 0.16910255410260597
leaf_weight=103.64564042785787 43.990982786053792 116.83424649001972 206.91431458236184 286.89246296993224 25.285802341764793 10.870676633901892 74.266961149929557 141.46376767195761 7.6984437206992871 104.53439945587888 202.56569510931149 94.579414772568271 77.823603259399533 6.9501786103937766 92.850884984713048 166.76533283106983 72.534362408332527 111.38512403145432 167.95826863293769 75.429902163450606 126.97846759157255 199.67933742974128 15.917421372170791 72.41548253246583 11.073142183944581 74.517296122387052 14.44654842559248 56.013956250622869 41.600587272667326 2.2653203047811976
leaf_count=40850 1071 31017 3099 6385 5540 54 4416 705 110 559 1097 549 426 81 722 893 380 564 2777 1811 1267 10665 1425 5243 43 495 75 279 563 5
internal_value=0 -0.0107504 -0.00285366 -0.0115577 -0.0442993 -0.00301133 -0.0374291 0.0207557 -0.025955 0.0160606 0.0116537 -0.00474557 0.020429 -0.050994 0.0148635 0.00727123 -0.00448353 0.0127882 -0.00891086 -0.0159471 0.00180531 -0.0299933 -0.0799964 -0.0552415 0.00116537 -0.0142517 0.0168757 -0.0269297 0.00800329 -0.000168852
internal_weight=0 1848.65 1496.42 1089.22 352.227 818.756 270.467 957.502 232.664 816.038 711.504 807.886 407.196 196.2 667.513 464.947 298.182 329.373 713.306 503.747 216.855 224.965 119.563 189.25 217.987 225.647 141.425 151.13 209.559 58.2793
internal_count=123166 116960 58370 54238 58590 13481 40757 6206 16315 5501 4942 13427 4132 36341 3871 2774 1881 3706 12878 9538 3153 16205 42275 36260 3142 1501 1342 1006 3340 284
is_linear=0
shrinkage=0.1


Tree=32
num_leaves=31
num_cat=0
split_feature=2 4 9 10 0 2 22 2 4 2 10 13 7 3 5 4 6 4 7 4 22 13 14 7 1 14 7 10 20 12
split_gain=52.8519 41.9505 35.0494 13.7101 13.4324 12.8314 13.011 12.3309 11.7277 13.0063 9.8041 9.09845 7.48801 7.20815 6.99348 6.25622 6.1552 6.86901 6.05453 5.93434 6.7814 6.54096 6.51803 5.5338 6.40069 7.03062 7.47217 7.15274 6.55129 5.92789
threshold=28.500000000000004 1.5000000000000002 6.5000000000000009 2.5000000000000004 16.500000000000004 36.500000000000007 -5.4999999999999991 22.500000000000004 4.5000000000000009 19.500000000000004 1.0000000180025095e-35 8.5000000000000018 5.5000000000000009 10.500000000000002 1.0000000180025095e-35 1.5000000000000002 1.5000000000000002 3.5000000000000004 14.500000000000002 6.5000000000000009 46.500000000000007 1.0000000180025095e-35 12.500000000000002 1.5000000000000002 7.5000000000000009 10.500000000000002 2.5000000000000004 1.0000000180025095e-35 549.50000000000011 7.5000000000000009
decision_type=2 2 2 2 2 2 2 2 2 2 2 2 2 2 2 2 2 2 2 2 2 2 2 2 2 2 2 2 2 2
left_child=1 2 4 7 11 6 -2 12 9 16 -7 -1 13 -4 -11 23 17 -3 -9 20 22 -22 -10 -8 28 26 -26 -28 -25 -29
right_child=5 8 3 -5 -6 10 15 18 19 14 -12 -13 -14 -15 -16 -17 -18 -19 -20 -21 21 -23 -24 24 25 -27 27 29 -30 -31
leaf_value=-0.075581022956247079 -0.014087654724645996 -0.045174478415243836 -0.054475820989636638 0.029797497221156433 -0.015548102773095896 0.028872050141397973 -0.010780247999082931 -0.010349627056751116 0.031659432882192001 -0.0018591520092103551 0.086211710966317578 0.037215068079799733 -0.007886114100701792 0.12028297180514365 0.028427649612526962 0.038713385359479276 0.014859257062875192 -0.0057311550091185687 0.10517911961995297 0.092380717292572911 -0.039667048007474739 0.035938498661807081 0.11118350325456333 0.12530273162205743 -0.17565019806434276 0.0176365296128572 0.022081118553381782 -0.11996076477367344 0.024107942077867942 0.082408226048203345
leaf_weight=176.60701316251652 155.09255804278655 90.915131624889909 137.79798318257963 65.549262488057138 57.241137237666408 121.74439366534352 80.35064279101789 451.89409451337997 69.025371960829943 143.45180825924035 39.492270181886852 7.4529917350446331 54.79480803104525 2.4013126809732048 162.72381781355944 119.07258581370115 46.530740122965653 85.837495276238769 4.5822825864888719 15.136870684102176 24.620875201188028 21.379025032743812 12.115783020853995 10.770270782522859 3.2068157233297852 535.61449543712661 18.46633803378791 8.0490264780819398 15.757291869260369 1.7648581191897381
leaf_count=62592 2529 8682 18395 1712 2490 630 628 9882 396 1390 183 815 4310 54 1428 575 1709 1060 21 102 139 115 50 40 24 2983 94 38 92 8
internal_value=0 -0.0114588 -0.0248899 -0.0137956 -0.0578562 0.0168368 0.0124019 -0.0181818 0.00770243 0.000852904 0.0429165 -0.0710137 -0.0392316 -0.0514826 0.0142374 0.0175823 -0.0175005 -0.0260194 -0.00918991 0.0331916 0.0261448 -0.00452843 0.0435338 0.013849 0.0171827 0.0149369 -0.0309857 -0.0145816 0.0651933 -0.0835682
internal_weight=0 1630.06 958.321 717.02 241.301 1109.38 948.145 651.47 671.737 529.459 161.237 184.06 194.994 140.199 306.176 793.052 223.283 176.753 456.476 142.278 127.141 45.9999 81.1412 673.98 593.629 567.102 31.487 28.2802 26.5276 9.81388
internal_count=123166 115342 100271 34374 65897 7824 7011 32662 15071 14269 813 63407 22759 18449 2818 4482 11451 9742 9903 802 700 254 446 3907 3279 3147 164 140 132 46
is_linear=0
shrinkage=0.1


Tree=33
num_leaves=31
num_cat=0
split_feature=2 4 22 2 6 3 8 22 4 3 6 9 4 20 6 11 10 18 7 7 22 5 22 15 22 16 7 0 22 7
split_gain=47.0683 41.6039 24.7475 18.4041 13.3887 12.9264 13.304 12.6818 14.2705 10.0857 9.6985 9.0749 7.61845 7.01873 6.81142 6.73538 6.96096 6.71815 6.64006 6.60278 6.60016 6.59848 6.87456 6.43252 6.33583 6.21543 6.15212 6.1349 6.13233 5.86229
threshold=24.500000000000004 2.5000000000000004 -4.4999999999999991 32.500000000000007 36.500000000000007 6.5000000000000009 2.5000000000000004 -1.0000000180025095e-35 3.5000000000000004 7.5000000000000009 10.500000000000002 8.5000000000000018 1.0000000180025095e-35 642.50000000000011 1.0000000180025095e-35 1.5000000000000002 1.5000000000000002 7.5000000000000009 6.5000000000000009 3.5000000000000004 5.5000000000000009 1.5000000000000002 47.500000000000007 1.5000000000000002 58.500000000000007 54.650000000000006 8.5000000000000018 22.500000000000004 -31.499999999999996 13.500000000000002
decision_type=2 2 2 2 2 2 2 2 2 2 2 2 2 2 2 2 2 2 2 2 2 2 2 2 2 2 2 2 2 2
left_child=1 2 11 7 5 6 13 -2 10 18 12 -1 15 17 28 16 29 -4 -3 23 -6 22 -11 -8 26 -26 -14 -28 -5 -9
right_child=3 9 4 14 20 -7 19 8 -10 21 -12 -13 24 -15 -16 -17 -18 -19 -20 -21 -22 -23 -24 -25 25 -27 27 -29 -30 -31
leaf_value=-0.093970834762969205 -0.017447504174276676 -0.0062955578251868392 -0.066968772886689718 -0.022802775493745576 -0.062313684491088372 0.00075419592749267819 0.076882770932757985 -0.014345707692239458 0.095701910508036794 0.029885886411438231 0.090829746796897787 -0.03763962570844076 0.016220006220210744 0.11654391758340826 0.06568027037766587 0.025877316859865929 0.03769307621078688 0.016695801095648249 0.066117917618308431 -0.0056174966372570453 0.052867201749894878 0.054955327125040046 -0.040824018811095979 -0.05099290815336785 0.074642812268908704 -0.016520110799372763 0.066627884877541593 -0.16515504103356346 0.025880342664017245 0.11800424460298511
leaf_weight=77.081268545327475 231.66426640449208 246.8674547689152 144.74178631375253 27.523753992281854 5.9109348303172728 120.10548612104321 4.1731586644309564 338.07318953843787 18.479724645614624 48.663236175430939 13.575349064543841 45.467982033471344 330.5857285966631 2.2482405108748926 40.629556471016258 65.015065379673615 29.376991909462959 10.279296553111633 13.347552517196162 122.44858621136518 31.42021210049279 62.456981042400002 19.164071623585187 68.565891876860405 8.1941259000450355 85.676593066891655 35.792090015951544 1.1795770525932301 431.76124606654048 3.3801855798810712
leaf_count=40688 6126 4359 34448 417 151 7662 169 3907 89 456 64 6501 2215 83 204 609 224 1657 144 4770 473 470 173 3951 49 701 155 3 2233 15
internal_value=0 -0.0168745 -0.0327213 0.0103929 -0.0230236 -0.027578 -0.0372327 0.00348548 0.00870368 0.00879048 0.00693862 -0.0730709 0.00566938 -0.058877 0.0264347 -0.00381167 -0.00901683 -0.0614211 -0.00258116 -0.0197932 0.0346297 0.0315029 0.00990736 -0.0436565 0.0146248 -0.00856235 0.0205466 0.0592329 0.0229629 -0.0130355
internal_weight=0 1022.94 632.443 1660.91 509.894 472.562 352.457 1160.99 929.329 390.499 910.849 122.549 897.274 157.269 499.915 435.845 370.83 155.021 260.215 195.188 37.3311 130.284 67.8273 72.7391 461.428 93.8707 367.557 36.9717 459.285 341.453
internal_count=123166 106155 100553 17011 53364 52740 45078 14157 8031 5602 7942 47189 7878 36188 2854 4755 4146 36105 4503 8890 624 1099 629 4120 3123 750 2373 158 2650 3922
is_linear=0
shrinkage=0.1


Tree=34
num_leaves=31
num_cat=0
split_feature=0 9 22 17 2 4 9 9 6 20 7 8 15 16 18 22 9 17 17 19 15 0 9 22 18 18 1 4 8 0
split_gain=44.2855 27.4525 17.5643 15.9153 15.389 13.467 10.9121 10.6014 9.63557 11.6479 9.51793 10.8478 9.37629 9.02873 8.48257 9.58032 8.02731 7.62635 7.5437 8.26801 11.689 7.45696 7.88189 7.10677 8.10176 7.02475 6.9202 6.82386 6.79813 6.72561
threshold=13.500000000000002 3.5000000000000004 -21.499999999999996 1.0000000180025095e-35 26.500000000000004 1.0000000180025095e-35 13.500000000000002 16.500000000000004 2.5000000000000004 179.50000000000003 3.5000000000000004 6.5000000000000009 2.5000000000000004 64.40000000000002 4.5000000000000009 27.500000000000004 13.500000000000002 6.5000000000000009 1.5000000000000002 2.5000000000000004 22.500000000000004 16.500000000000004 4.5000000000000009 -1.0000000180025095e-35 3.5000000000000004 6.5000000000000009 16.500000000000004 5.5000000000000009 2.5000000000000004 19.500000000000004
decision_type=2 2 2 2 2 2 2 2 2 2 2 2 2 2 2 2 2 2 2 2 2 2 2 2 2 2 2 2 2 2
left_child=1 -1 16 4 12 10 18 8 9 17 14 13 -2 -12 15 -4 -3 -7 19 -5 -21 22 -20 -6 26 -14 28 -11 -25 -30
right_child=3 2 5 6 23 7 -8 -9 -10 27 11 -13 25 -15 -16 -17 -18 -19 21 20 -22 -23 -24 24 -26 -27 -28 -29 29 -31
leaf_value=-0.075267007302375163 0.058062629778180865 -0.076487057531065383 -0.075352609058175535 -0.0042268953957510539 -0.0078490299249456101 -0.036620061509938101 0.047290245591523859 0.052377249410126961 0.030100250314439393 -0.00029657899278208623 -0.070537416636264255 0.019770064405490773 -0.031204477752433665 -0.010594867670953162 0.0059511097571496811 -0.0211938551166958 -0.0014603767336445659 0.11019565797556448 -0.071656431539818613 0.071303148357186735 -0.04506937782859928 0.053888349304209174 0.022311970731225688 -0.016718693237442791 0.049325243596989643 0.037858463008611953 0.032755406979637997 0.06630298693358376 0.0023719952018849307 0.035611162163059235
leaf_weight=71.654866674813093 14.257122322771464 56.597627593859215 73.740701364287816 202.71084611851256 173.61197261657799 125.94955946473783 148.47096047515515 39.320204825140536 81.661504825591692 296.54377263249626 34.061890690602013 84.176331817056052 188.60837479612383 95.803057741723023 32.079716256346728 58.631792979904276 19.064122506533749 3.640377369883935 9.8183814486837928 34.949638859310653 11.462011319119481 81.134297997516114 98.232674075465184 107.13559818523936 62.216260566841811 15.975375654263187 113.83529486414045 16.226464699953794 192.60198685410433 89.004891804419458
leaf_count=27895 434 21391 10384 2879 2779 8006 865 215 2811 9055 3202 1002 9014 6327 4550 5130 751 24 180 245 68 535 1004 1062 414 647 552 90 1204 451
internal_value=0 -0.0154409 -0.0112278 0.010892 0.00294313 -0.00750392 0.0238595 0.00229755 -0.00146021 -0.0072864 -0.0220922 -0.00819228 -0.0203473 -0.026317 -0.0401836 -0.0513641 -0.057583 -0.0324958 0.0159226 0.00449014 0.0425633 0.0309771 0.0137733 0.00984569 0.0152849 -0.0258115 0.0110709 0.00315859 0.004721 0.0128776
internal_weight=0 1089.15 1017.5 1544.03 957.247 941.835 586.779 563.342 524.022 442.36 378.493 214.041 218.841 129.865 164.452 132.372 75.6618 129.59 438.308 249.122 46.4117 189.185 108.051 738.406 564.794 204.584 502.578 312.77 388.742 281.607
internal_count=123166 100833 72938 22333 16557 50796 5776 20201 19986 17175 30595 10531 10095 9529 20064 15514 22142 8030 4911 3192 313 1719 1184 6462 3683 9661 3269 9145 2717 1655
is_linear=0
shrinkage=0.1


Tree=35
num_leaves=31
num_cat=0
split_feature=2 22 4 2 9 13 2 22 7 24 4 4 6 10 8 7 10 7 6 22 22 10 20 13 3 12 20 4 11 16
split_gain=39.8086 30.8186 19.106 15.7935 13.311 10.8351 9.40598 9.47951 8.83712 8.28061 9.44146 8.27152 8.26165 7.82351 7.75025 7.31581 7.16475 7.80206 7.03693 6.3965 6.1823 6.15038 6.01017 6.79487 6.00447 5.94645 5.77663 5.60821 5.59091 5.79691
threshold=29.500000000000004 -1.0000000180025095e-35 1.5000000000000002 18.500000000000004 7.5000000000000009 7.5000000000000009 40.500000000000007 -26.499999999999996 3.5000000000000004 1.0000000180025095e-35 4.5000000000000009 3.5000000000000004 3.5000000000000004 2.5000000000000004 1.5000000000000002 8.5000000000000018 1.5000000000000002 8.5000000000000018 35.500000000000007 1.5000000000000002 66.500000000000014 1.5000000000000002 494.50000000000006 4.5000000000000009 10.500000000000002 9.5000000000000018 545.50000000000011 6.5000000000000009 1.0000000180025095e-35 73.750000000000014
decision_type=2 2 2 2 2 2 2 2 2 2 2 2 2 2 2 2 2 2 2 2 2 2 2 2 2 2 2 2 2 2
left_child=1 3 4 11 5 14 7 12 19 10 18 -1 -2 15 25 -6 17 -5 24 -9 -12 22 23 -10 -4 -3 -17 -22 -16 -30
right_child=6 2 9 16 13 -7 -8 8 21 -11 20 -13 -14 -15 28 26 -18 -19 -20 -21 27 -23 -24 -25 -26 -27 -28 -29 29 -31
leaf_value=-0.086815130263280554 -0.032794608243168148 -0.062046264004882251 -0.011552511991462323 -0.036892471395198398 -0.012283020639354054 0.022017871576026856 0.063003797964884117 -0.025270485450454922 0.0230142117381083 0.030507957635660145 0.043337922507875888 -0.015044422987501766 0.17978985249784166 0.034288269272468912 -0.04372526609056071 0.013485856720755968 0.02044523391492371 0.034870534687135128 0.09736058762672109 0.011476521309113112 -0.032445882393866761 0.072526433524392434 0.041682509058506331 -0.015300979831972948 0.042246627943224056 0.054026922078014253 0.11186316988781758 0.081178170881490874 0.043413447875278448 -0.034264688289696546
leaf_weight=74.814932002940623 52.763452578219585 114.84275800594332 274.7241116117948 164.10187341128039 468.59016989570227 31.022658474175842 42.604042777791619 57.666108139790595 253.71141894720495 161.83432552422164 80.129223563708365 20.44654733047355 1.8937299582175899 47.816632455855142 39.385668752729543 57.866819617338479 32.93429522230872 16.690730022193748 6.5418241536244741 265.2920758984983 23.00423865579069 27.255127441138029 129.34327641921118 56.612837153486907 22.440037822118029 4.5900121939775991 6.6552321687340728 5.355168415233492 22.10654639317363 16.991610763332574
leaf_count=41832 1187 26637 7095 14550 11523 1799 198 582 1403 1744 447 443 10 708 4521 740 1140 625 33 1623 138 122 701 380 155 162 28 40 1332 1268
internal_value=0 -0.00899205 -0.00261658 -0.0375465 -0.0125088 -0.0329309 0.0171591 0.0148463 0.0176333 0.0113398 0.00381408 -0.0714105 -0.0254291 -0.00446061 -0.0415439 -0.00793612 -0.0224528 -0.0302673 -0.00523145 0.00491512 0.0291364 0.0264301 0.0235726 0.0160243 -0.00748993 -0.0575854 0.0236331 -0.01099 -0.0171327 0.00965542
internal_weight=0 1692.89 1383.9 308.988 809.868 228.939 887.142 844.538 789.881 574.029 412.195 95.2615 54.6572 580.929 197.917 533.112 213.727 180.793 303.706 322.958 108.489 466.923 439.668 310.324 297.164 119.433 64.5221 28.3594 78.4838 39.0982
internal_count=123166 116960 58370 58590 48718 35719 6206 6008 4811 9652 7908 42275 1197 12999 33920 12291 16315 15175 7283 2205 625 2606 2484 1783 7250 26799 768 178 7121 2600
is_linear=0
shrinkage=0.1


Tree=36
num_leaves=31
num_cat=0
split_feature=0 12 22 9 1 14 4 7 9 3 4 22 7 22 6 10 8 2 18 3 20 9 20 1 13 15 12 0 20 17
split_gain=36.4319 22.1718 17.4145 14.2258 11.8364 11.1758 15.3676 10.2349 9.56733 8.94989 8.71427 8.3424 8.18942 7.86532 7.73209 7.70361 7.70078 8.02207 7.59217 6.77101 11.2732 6.39326 6.44946 6.26082 7.95273 6.19027 7.01521 6.17751 7.64477 7.44929
threshold=7.5000000000000009 9.5000000000000018 -1.0000000180025095e-35 14.500000000000002 12.500000000000002 18.500000000000004 3.5000000000000004 9.5000000000000018 3.5000000000000004 7.5000000000000009 1.0000000180025095e-35 -47.499999999999993 1.0000000180025095e-35 30.500000000000004 59.500000000000007 1.5000000000000002 5.5000000000000009 31.500000000000004 4.5000000000000009 6.5000000000000009 417.50000000000006 9.5000000000000018 733.50000000000011 13.500000000000002 2.5000000000000004 24.500000000000004 4.5000000000000009 13.500000000000002 329.50000000000006 1.0000000180025095e-35
decision_type=2 2 2 2 2 2 2 2 2 2 2 2 2 2 2 2 2 2 2 2 2 2 2 2 2 2 2 2 2 2
left_child=4 2 8 5 14 6 7 18 -2 11 -5 -10 -7 -8 -1 -14 17 -13 27 20 23 22 -3 24 -12 -17 -27 28 -4 -29
right_child=1 21 3 10 -6 12 13 -9 9 -11 19 16 15 -15 -16 25 -18 -19 -20 -21 -22 -23 -24 -25 -26 26 -28 29 -30 -31
leaf_value=-0.068859574205735408 -0.10099956596249088 0.0043919911768427831 -0.038867043354355708 0.0070631227848326639 0.00044804474767829079 -0.044414763824744935 0.047865935980804325 0.037816024967525189 -0.077146472396474028 0.015612884180117532 0.00047395359645007991 -0.045871665969991815 0.013249527924689225 0.0019197373266086682 0.1513866051968723 0.11678050365467428 -0.0025747464678217255 0.0061566342183976908 0.01669716015378709 0.097112354176189172 0.077282170852167986 0.036569736645116327 0.12067944683792196 0.03077897125581221 -0.134570570701673 0.072736876689480742 -0.12436783474046605 -0.020688944194090189 -0.0036793818148508437 0.0090745473540693108
leaf_weight=105.92182132655944 13.723132737930426 127.35548525291961 217.09870936218067 144.80592536972836 36.369796142214909 23.261168326425832 67.470552648417652 38.499992381664924 26.168459852342494 73.247030039055971 19.460576348938051 125.30632646878803 362.35575073544169 83.20351028861478 1.6183229512535025 13.344234759919347 156.74281947262352 38.814926267368719 68.134022515936522 19.327052768319845 38.864224886521697 219.76625534315826 4.9548888858407727 53.421078456565738 5.6201339620165518 5.3120462410151941 2.7356106042861938 222.97247549629537 86.280382205644855 135.00578824582044
leaf_count=45068 5504 1563 17004 955 2057 352 447 439 6304 3428 139 16255 3403 626 14 79 2624 388 4158 88 194 1503 25 300 57 27 20 4704 3825 1616
internal_value=0 0.00293845 -0.00105902 0.00374086 -0.048867 -0.000594529 -0.00670599 -0.0124348 -0.0188336 -0.0161507 0.0241576 -0.022855 0.0131997 0.0224941 -0.0655452 0.0166921 -0.0184272 -0.0335669 -0.0150869 0.0422668 0.0332351 0.0261139 0.00874684 0.0114286 -0.0297871 0.0750053 0.00573579 -0.0183613 -0.0288597 -0.00946412
internal_weight=0 2393.25 2041.18 1607.17 143.91 1325.67 918.665 767.991 434.003 420.28 281.499 347.033 407.009 150.674 107.54 383.748 320.864 164.121 729.491 136.693 117.366 352.077 132.31 78.5018 25.0807 21.3919 8.04766 661.357 303.379 357.978
internal_count=123166 76027 72936 38433 47139 36700 32819 31746 34503 28999 1733 25571 3881 1073 45082 3529 19267 16643 31307 778 690 3091 1588 496 196 126 47 27149 20829 6320
is_linear=0
shrinkage=0.1


Tree=37
num_leaves=31
num_cat=0
split_feature=2 4 4 2 6 6 2 7 4 8 8 3 22 22 6 4 3 7 11 13 6 15 3 10 0 4 18 7 0 16
split_gain=30.1758 25.56 18.3149 22.3167 14.3137 10.5281 10.0637 9.05736 8.53464 9.97016 6.85847 7.20296 6.91306 6.61392 6.4198 7.68529 6.29668 13.4705 6.29763 6.50022 6.21341 6.31028 6.12212 6.0121 5.89793 5.80289 5.75374 5.74964 6.07957 5.66032
threshold=16.500000000000004 3.5000000000000004 1.5000000000000002 26.500000000000004 14.500000000000002 35.500000000000007 36.500000000000007 14.500000000000002 4.5000000000000009 3.5000000000000004 7.5000000000000009 7.5000000000000009 -48.499999999999993 -3.4999999999999996 55.500000000000007 1.0000000180025095e-35 7.5000000000000009 4.5000000000000009 1.0000000180025095e-35 2.5000000000000004 1.0000000180025095e-35 17.500000000000004 9.5000000000000018 1.0000000180025095e-35 20.500000000000004 7.5000000000000009 8.5000000000000018 5.5000000000000009 9.5000000000000018 50.600000000000009
decision_type=2 2 2 2 2 2 2 2 2 2 2 2 2 2 2 2 2 2 2 2 2 2 2 2 2 2 2 2 2 2
left_child=1 4 3 5 13 7 10 16 9 -4 12 20 -5 -1 15 -6 18 -18 -2 -20 27 24 -14 -8 -22 -3 -15 28 -12 -30
right_child=2 25 8 6 14 -7 23 -9 -10 -11 11 -13 22 26 -16 -17 17 -19 19 -21 21 -23 -24 -25 -26 -27 -28 -29 29 -31
leaf_value=-0.10041099746090842 -0.039516411379999172 0.0022130600678060218 0.0017374382938865449 -0.10251764964576267 -0.057822830145056403 0.043825391987873996 0.022488394956387072 0.12425042361667277 0.055745971787091002 0.029671497239222983 0.076741486488388938 0.094540276910593246 -0.0040876593057944865 -0.059131723483444198 0.13160570765360216 0.035965421962958773 -0.01687177954830062 0.084843395258841159 0.0022743299874724335 -0.039247359198836221 0.034663783054737461 0.075940945791944922 0.023762971154637443 0.077014896105357958 -0.18097130978864401 0.16243882164613332 0.031351137081258577 0.02480297167859109 0.068035633437736262 -0.023149288042410093
leaf_weight=40.019175751163857 225.60830725890264 133.37829864176456 259.07074567771633 6.7127973897731854 17.204252336436184 25.721591307432391 99.91980667412281 4.2071852381923227 58.793511600233614 252.11018615367357 7.636978793248999 11.674740161746739 623.27986559132114 105.84298478754499 3.5137598430737844 17.752431962740957 77.532204562885454 15.647741631051757 98.813660718944448 60.964853419471183 3.5913782813586321 26.009248945396394 90.372248899657279 25.352023161016405 1.9610056749079374 2.2993386834859839 7.5275935560493954 98.334309302736074 7.3851205846294752 87.054631425999105
leaf_count=31626 21047 1427 3815 827 3219 335 555 33 338 1866 57 68 6498 30855 38 1300 4995 516 6137 3969 33 151 813 141 6 10 1135 616 53 687
internal_value=0 -0.0282907 0.00427459 -0.00121534 -0.0517822 -0.0185128 0.00685942 -0.0218342 0.0196642 0.0155143 0.0033945 0.0178978 -0.00151093 -0.065461 0.00275812 -0.0101933 -0.0231184 0.000209286 -0.0287587 -0.0135686 0.0140406 0.0552814 -0.000560837 0.0335233 -0.0414948 0.00492842 -0.0531238 0.00754577 -0.00907874 -0.0160187
internal_weight=0 327.538 2167.75 1597.78 191.86 508.496 1089.28 482.774 569.974 511.181 964.012 243.647 720.365 153.39 38.4704 34.9567 478.567 93.1799 385.387 159.779 231.973 31.5616 713.652 125.272 5.55238 135.678 113.371 200.411 102.077 94.4398
internal_count=123166 69610 53556 47537 68173 37032 10505 36697 6019 5681 9809 1671 8138 63616 4557 4519 36664 5511 31153 10106 1603 190 7311 696 39 1437 31990 1413 797 740
is_linear=0
shrinkage=0.1


Tree=38
num_leaves=31
num_cat=0
split_feature=2 4 4 8 9 20 22 26 10 2 22 6 22 12 25 1 4 22 22 14 17 7 18 20 7 16 6 19 20 21
split_gain=29.1926 30.0466 16.9417 16.8246 14.0821 10.9953 9.68814 8.27942 7.93535 7.84117 7.54144 7.41677 7.08911 6.72182 6.53752 8.9754 6.08255 6.82017 5.87304 5.64145 6.70729 5.43314 5.31404 7.06249 4.9004 6.57781 4.93191 4.89028 7.0145 5.1767
threshold=20.500000000000004 3.5000000000000004 2.5000000000000004 6.5000000000000009 5.5000000000000009 600.50000000000011 -31.499999999999996 1.0000000180025095e-35 3.5000000000000004 26.500000000000004 4.5000000000000009 36.500000000000007 -18.499999999999996 6.5000000000000009 1.0000000180025095e-35 11.500000000000002 6.5000000000000009 97.500000000000014 -2.4999999999999996 12.500000000000002 2.5000000000000004 13.500000000000002 4.5000000000000009 407.50000000000006 4.5000000000000009 81.950000000000003 1.5000000000000002 1.5000000000000002 586.50000000000011 1.5000000000000002
decision_type=2 2 2 2 2 2 2 2 2 2 2 2 2 2 2 2 2 2 2 2 2 2 2 2 2 2 2 2 2 2
left_child=1 4 3 5 18 6 -2 9 12 -8 14 -12 -6 -7 21 -16 17 19 -1 -3 -21 -5 23 -14 26 -26 27 28 -11 -29
right_child=2 16 -4 10 8 13 7 -9 -10 24 11 -13 22 -15 15 -17 -18 -19 -20 20 -22 -23 -24 -25 25 -27 -28 29 -30 -31
leaf_value=-0.10201268183004758 -0.062281624130908743 0.0048377408296116304 0.037359987252111031 0.0044755105638104274 -0.089080643707038581 -0.0022452215440783422 -0.01945594239219714 0.063440946473343807 0.025702359962132038 -0.0098170214367057692 0.02345891056383825 0.13613793612036099 -0.038192165878687706 0.042051098624718453 0.035761713930506582 -0.1083798288721507 0.093651778332180191 -0.12009618795919959 -0.051582242711401272 -0.068946210143770517 0.091358510007239449 0.14784466055909379 0.013892134169062318 0.024426206145635423 0.004266440748319454 0.052735199578321935 -0.089522950518348798 0.02096901332569508 -0.11731008459769623 -0.089957168611694407
leaf_weight=31.533721113697538 31.191971305946936 172.08737666485831 158.36146775307134 158.2195556316583 18.42856529380515 61.133412764378591 327.40180195926223 17.033226562431082 29.259977632755181 283.96162640722468 379.15021296753548 5.9329650290310374 157.48335081138794 77.922317490156274 6.8077621032716733 11.821076150285078 8.5942843584343773 4.0891342465765765 86.270923364529153 3.1602461552247432 14.992801699787377 2.6881661685183635 30.91014077491127 20.337759010464652 218.01428118010517 32.125979473115876 7.1947007188573471 80.472348220879212 6.2032782142050555 4.4392041214741758
leaf_count=27890 4886 1695 982 2154 10798 1057 13415 184 901 3055 2508 23 18461 578 120 169 73 62 27250 32 77 12 3175 801 1720 240 74 669 70 35
internal_value=0 -0.0196601 0.00606756 0.00317249 -0.0364618 -0.00378311 -0.00741941 -0.00566758 -0.0233134 -0.00689401 0.0173037 0.025195 -0.0296271 0.022577 0.000377836 -0.0557044 0.0113251 0.00768415 -0.0650814 0.0104307 0.0634512 0.00687067 -0.024378 -0.0310304 -0.000390652 0.0104914 -0.00751134 -0.00593819 -0.0121151 0.0151698
internal_weight=0 577.148 1870.08 1711.71 374.224 1147.09 1008.04 976.846 256.42 959.813 564.62 385.083 227.16 139.056 179.537 18.6288 202.924 194.33 117.805 190.24 18.153 160.908 208.731 177.821 632.411 250.14 382.271 375.076 290.165 84.9116
internal_count=123166 91215 31951 30969 89276 25983 24348 19462 34136 19278 4986 2531 33235 1635 2455 289 1939 1866 55140 1804 109 2166 22437 19262 5863 1960 3903 3829 3125 704
is_linear=0
shrinkage=0.1


Tree=39
num_leaves=31
num_cat=0
split_feature=2 22 4 0 7 4 26 18 15 12 2 2 4 24 3 4 20 2 8 17 20 22 8 6 8 1 10 22 16 22
split_gain=30.1367 24.6009 17.8218 13.6906 11.9326 11.1246 13.562 9.29719 8.23209 7.98706 7.79329 7.59097 7.52782 7.16468 8.27044 7.04814 7.79632 6.41075 6.3691 6.31436 5.97351 5.77342 5.73631 5.71517 5.4515 7.94118 6.82311 5.40887 5.30714 5.27662
threshold=29.500000000000004 -17.499999999999996 5.5000000000000009 6.5000000000000009 8.5000000000000018 1.0000000180025095e-35 1.0000000180025095e-35 5.5000000000000009 23.500000000000004 9.5000000000000018 38.500000000000007 19.500000000000004 1.0000000180025095e-35 1.0000000180025095e-35 10.500000000000002 3.5000000000000004 451.50000000000006 18.500000000000004 6.5000000000000009 1.5000000000000002 121.50000000000001 8.5000000000000018 10.500000000000002 15.500000000000002 7.5000000000000009 12.500000000000002 1.5000000000000002 -48.499999999999993 72.850000000000009 29.500000000000004
decision_type=2 2 2 2 2 2 2 2 2 2 2 2 2 2 2 2 2 2 2 2 2 2 2 2 2 2 2 2 2 2
left_child=1 17 3 23 5 7 13 9 -6 11 12 -5 20 14 15 16 18 -1 -7 -15 -2 -13 24 -3 26 -26 -23 -14 -16 -22
right_child=10 2 -4 4 8 6 -8 -9 -10 -11 -12 21 27 19 28 -17 -18 -19 -20 -21 29 22 -24 -25 25 -27 -28 -29 -30 -31
leaf_value=-0.087015527962525319 0.026381309004571626 -0.073740110429136044 0.060627209033240329 -0.060143737874950282 0.033710802235149315 -0.028937044937666412 0.060037948013335229 0.021396974132002963 -0.14774679992953069 0.031897164707087325 0.04598176151665264 -0.043395782470989665 -0.095101974303070838 0.00055722729607396871 -0.0076247126847308506 0.0018087255707145812 0.0087058512956410625 -0.036197200675016188 -0.095606270832071072 0.033292812865780425 -0.012464239989700795 -0.024705834187780745 -0.13876563247912141 -0.007350067006367692 0.074179735977302236 -0.027074874265738381 0.030099876573631258 0.024514676971904154 0.070938818242139226 0.013771719989170254
leaf_weight=38.168632412140141 88.211571154650301 41.775734412327438 40.535426437854767 61.290638628808665 95.902032472571591 188.03368563740878 35.909816280152882 49.63677135144826 2.5670334473252288 23.748418079630937 75.311458674259484 89.953504865166906 3.8225487144663921 235.74986355183319 15.524575157032812 157.35461597610265 54.055804457166232 71.000393226382585 15.511441610520704 78.558603590565326 210.38274269754766 177.68494608520996 3.6098631750792256 18.802528025433276 16.701674249721695 14.444365762174128 26.04572706768522 341.84230132726952 19.272829335764982 120.60442815721035
leaf_count=28458 697 20422 267 16400 1416 11732 620 4113 13 380 389 4417 140 5072 144 1352 820 10741 188 1062 2142 6345 31 2049 138 155 446 2048 179 790
internal_value=0 -0.0081722 -0.00475439 -0.00661798 -0.0045484 -0.00716227 -2.16771e-05 -0.0194967 0.0289803 -0.0244058 0.0152889 -0.0278367 0.0122668 -0.0028444 -0.0109396 -0.0148665 -0.0250524 -0.0539648 -0.0340177 0.0087392 0.00325814 -0.0218078 -0.0136652 -0.0531337 -0.0117425 0.0272216 -0.0176993 0.0231919 0.0358883 -0.00290443
internal_weight=0 1571.84 1462.67 1422.13 1361.56 1263.09 799.971 463.116 98.4691 413.479 840.175 389.731 764.864 764.061 449.753 414.956 257.601 109.169 203.545 314.308 419.199 328.44 238.487 60.5783 234.877 31.146 203.731 345.665 34.7974 330.987
internal_count=123166 116960 77761 77494 55023 53594 21169 32425 1429 28312 6206 27932 5817 20549 14415 14092 12740 39199 11920 6134 3629 11532 7115 22471 7084 293 6791 2188 323 2932
is_linear=0
shrinkage=0.1


Tree=40
num_leaves=31
num_cat=0
split_feature=2 4 5 15 9 18 7 22 7 4 3 6 4 1 4 1 8 8 23 4 16 0 1 20 4 13 1 7 13 22
split_gain=25.2357 24.9363 11.6437 11.5923 11.4676 9.27941 10.4622 8.41485 11.3501 8.14805 8.03636 7.19192 7.15458 6.98968 7.36158 6.93217 6.79897 6.73404 6.13654 6.00241 5.71167 5.95587 5.72843 5.69948 5.64632 5.62164 6.14406 5.35894 5.19312 5.14046
threshold=23.500000000000004 1.5000000000000002 1.0000000180025095e-35 27.500000000000004 4.5000000000000009 4.5000000000000009 1.5000000000000002 9.5000000000000018 5.5000000000000009 5.5000000000000009 6.5000000000000009 15.500000000000002 1.5000000000000002 16.500000000000004 1.5000000000000002 4.5000000000000009 2.5000000000000004 7.5000000000000009 1.0000000180025095e-35 2.5000000000000004 64.40000000000002 18.500000000000004 7.5000000000000009 679.50000000000011 3.5000000000000004 1.5000000000000002 14.500000000000002 6.5000000000000009 6.5000000000000009 23.500000000000004
decision_type=2 2 2 2 2 2 2 2 2 2 2 2 2 2 2 2 2 2 2 2 2 2 2 2 2 2 2 2 2 2
left_child=1 4 5 15 28 6 -2 8 17 11 16 -3 -7 24 -15 -4 29 23 -10 20 21 -17 -22 25 -9 26 -8 -18 -1 -6
right_child=2 9 3 -5 10 12 7 13 18 -11 -12 -13 -14 14 -16 19 27 -19 -20 -21 22 -23 -24 -25 -26 -27 -28 -29 -30 -31
leaf_value=-0.08227351958556485 -0.029064527449642847 -0.0057523788186546604 0.091403949074053345 0.066748729639558205 -0.077952640054974459 0.025733284340431269 -0.050269679963174441 0.001028475031814545 0.018540124941793096 0.046599520240265847 0.0047592948453267728 0.054093688158789205 0.12896715812362108 0.020066955927104342 0.088407347003058467 0.010159194492445716 -0.032782216920751846 0.0051736989013665361 -0.071152914809944928 0.045828080750690704 -0.054603372660233102 0.047999491456523657 0.0046584774184063827 0.033589548049123133 0.11109798665981636 -0.06074273144774979 0.033820626225947607 0.010548172567980414 0.024455196535512123 -0.027432620309311387
leaf_weight=55.703061308795441 123.27072782283358 360.993337678221 11.370741433463989 45.082999116741121 49.720889462503692 44.31527678326529 19.484316702903016 350.87202325265389 110.70213714352576 37.204135689884424 66.653651090513449 21.263222710695118 7.9119405988603821 129.03626288520172 17.955499003641307 116.65001603441488 114.86457463644183 45.170157224289142 8.1924148034304363 49.44295022264123 17.193799484113697 64.645561804296449 317.74155851006799 9.7354016336612386 4.7232216149568549 79.991288550067111 15.682249578414483 37.980356476589805 4.9653452371130689 33.854252133925911
leaf_count=38807 2461 13185 110 254 22093 809 730 3515 1553 263 5773 367 29 905 109 1494 11836 497 136 297 301 480 3626 131 25 2285 381 2386 1074 7254
internal_value=0 -0.0146914 0.00724049 0.0179124 -0.0338529 0.000374921 -0.00196563 0.00225459 -0.0113434 0.00192469 -0.0259087 -0.00242341 0.0413723 0.0100726 0.0284149 0.014097 -0.0345549 -0.0279147 0.0123598 0.012543 0.00935507 0.0236521 0.00161629 -0.0398818 0.00249048 -0.046093 -0.0127703 -0.0220151 -0.0735384 -0.0574882
internal_weight=0 783.203 1589.17 622.128 363.742 967.043 914.816 791.545 288.958 419.461 303.074 382.257 52.2272 502.587 146.992 577.045 236.42 170.063 118.895 565.674 516.231 181.296 334.935 124.893 355.595 115.158 35.1666 152.845 60.6684 83.5751
internal_count=123166 103038 20128 6562 89223 13566 12728 10267 5713 13815 49342 13552 838 4554 1014 6308 43569 4024 1689 6198 5901 1974 3927 3527 3540 3396 1111 14222 39881 29347
is_linear=0
shrinkage=0.1


Tree=41
num_leaves=31
num_cat=0
split_feature=2 4 9 16 2 4 23 10 22 20 14 13 14 10 6 7 6 2 8 6 3 7 4 1 22 7 20 2 22 21
split_gain=26.0355 19.7956 10.8207 8.74392 8.22788 8.22267 9.31973 7.16382 8.64074 6.99608 6.78687 6.58874 6.54577 6.55954 6.52712 6.42463 6.18663 5.79825 5.4267 6.55668 6.43687 9.67717 5.36941 5.17843 5.14653 5.63681 4.99181 4.96848 5.67928 4.89614
threshold=27.500000000000004 1.0000000180025095e-35 4.5000000000000009 25.550000000000004 32.500000000000007 3.5000000000000004 1.0000000180025095e-35 3.5000000000000004 -3.4999999999999996 289.50000000000006 10.500000000000002 6.5000000000000009 13.500000000000002 1.0000000180025095e-35 1.0000000180025095e-35 14.500000000000002 39.500000000000007 14.500000000000002 8.5000000000000018 47.500000000000007 4.5000000000000009 5.5000000000000009 2.5000000000000004 4.5000000000000009 18.500000000000004 6.5000000000000009 733.50000000000011 47.500000000000007 -4.4999999999999991 1.5000000000000002
decision_type=2 2 2 2 2 2 2 2 2 2 2 2 2 2 2 2 2 2 2 2 2 2 2 2 2 2 2 2 2 2
left_child=1 2 11 -3 -2 6 16 8 -4 10 -7 -1 22 29 27 18 17 -5 19 20 26 -22 -8 -15 25 -16 -10 28 -6 -14
right_child=4 3 7 5 14 9 12 -9 15 -11 -12 -13 13 23 24 -17 -18 -19 -20 -21 21 -23 -24 -25 -26 -27 -28 -29 -30 -31
leaf_value=-0.079499821209107827 0.0041785929922569963 0.054215150241074199 -0.058711164112491367 -0.058872698090662749 -0.004985082566390478 -0.015930401376860571 -0.064142502528911224 0.039241521233173093 -0.042328541820408322 0.032675003815259361 0.035657038186211451 0.027290900220925719 -0.048219953566501689 -0.11584145873739871 -0.020770589353767993 0.11908877987578698 0.065895960629164571 -0.00030306978343697192 0.02939865739234733 0.072091242009717268 -0.023013185378173304 0.044305571162454968 -0.020304319783435523 0.064420675065733971 0.096354976790158475 0.10841400466245153 0.16995129776632276 0.14866525652214441 0.023654839690587955 0.050056227501232481
leaf_weight=51.240956113280845 674.0802093714592 28.067411568765237 60.173042849695776 17.797356169261548 89.372423648193944 96.233567409100942 57.77381771142791 18.768541873985669 132.93992529719253 101.97147042257711 34.697478414047509 6.5116237230904508 24.263308408262677 1.7591538981068904 10.742105002747847 3.42007705772994 13.431427912379148 336.18518867380044 21.68614885408897 7.1280289383139452 106.58349223667028 26.703945355751785 54.105199866258772 16.937513648081222 20.036034468561411 4.9267418552190057 1.1170547031797458 2.895872436463832 307.34893343411386 6.4083135521796057
leaf_count=31692 6784 1692 20864 6525 932 1171 12719 455 12808 750 228 1111 796 46 79 24 164 11345 256 81 7285 707 2345 316 94 31 13 11 1707 135
internal_value=0 -0.0100445 -0.0271403 -0.00059902 0.0110993 -0.00261919 -0.00951606 -0.0209886 -0.0241309 0.0130359 -0.00225943 -0.0674591 -0.0295582 0.000772632 0.0218157 -0.0171851 -0.000720139 -0.0032478 -0.0187588 -0.0225638 -0.0250875 -0.00952597 -0.0429422 0.04746 0.0627808 0.0198488 -0.0405597 0.0181556 0.0172029 -0.0276868
internal_weight=0 1225.9 436.273 789.631 1109.4 761.564 528.661 378.52 359.752 232.903 130.931 57.7526 161.247 49.3683 435.322 299.579 367.414 353.983 296.159 274.472 267.344 133.287 111.879 18.6967 35.7049 15.6688 134.057 399.617 396.721 30.6716
internal_count=123166 113528 75296 38232 9638 36540 34391 42493 42038 2149 1399 32803 16357 1293 2854 21174 18034 17870 21150 20894 20813 7992 15064 362 204 110 12821 2650 2639 931
is_linear=0
shrinkage=0.1


Tree=42
num_leaves=31
num_cat=0
split_feature=2 4 9 4 22 3 22 2 9 0 6 9 7 16 0 6 22 14 9 7 10 20 3 8 8 8 11 22 25 13
split_gain=20.9972 22.9249 14.4735 11.2068 9.73944 8.62432 8.49601 8.07311 7.55796 5.86707 5.59319 5.45988 5.50532 5.32255 5.21877 6.62345 5.59775 6.0936 5.4659 5.13936 4.90567 5.31982 4.88283 4.88152 4.7891 5.70805 6.60427 6.96636 5.08968 8.98576
threshold=20.500000000000004 3.5000000000000004 15.500000000000002 1.5000000000000002 -12.499999999999998 6.5000000000000009 1.5000000000000002 29.500000000000004 2.5000000000000004 23.500000000000004 34.500000000000007 21.500000000000004 6.5000000000000009 85.100000000000009 13.500000000000002 27.500000000000004 44.500000000000007 8.5000000000000018 7.5000000000000009 15.500000000000002 3.5000000000000004 261.50000000000006 9.5000000000000018 2.5000000000000004 1.5000000000000002 4.5000000000000009 1.5000000000000002 29.500000000000004 1.0000000180025095e-35 5.5000000000000009
decision_type=2 2 2 2 2 2 2 2 2 2 2 2 2 2 2 2 2 2 2 2 2 2 2 2 2 2 2 2 2 2
left_child=1 4 3 6 -1 11 22 14 -6 -9 -5 12 13 -4 15 19 18 -18 -16 -8 -10 -22 23 -2 -20 26 27 -26 -27 -30
right_child=2 -3 5 10 8 -7 7 9 20 -11 -12 -13 -14 -15 16 -17 17 -19 24 -21 21 -23 -24 -25 25 28 -28 -29 29 -31
leaf_value=-0.079051958275622364 -0.053681023688431175 0.010025118409186927 -0.00077409895922608395 0.015279448028391275 -0.097993866929742768 0.068891104155157659 -0.029195675047596223 0.0070837148178694229 -0.027577473973895397 0.047075627662256925 0.16185430595859363 0.055252231797137119 0.033190619109791812 0.096015827631634243 -0.017391310412902917 0.062790079699703058 0.082957644179926529 -0.032227493257665787 0.055029081690462806 0.14607044060822119 0.047146392551362104 -0.052393983320533299 0.020277282386134476 -0.017589653916119316 -0.012755989271521023 0.034540398595508587 0.060796224666337884 -0.11126596284351974 -0.056287619861289773 0.16486432077251711
leaf_weight=40.885132456700376 48.752627227957419 191.9556169139687 163.2962524543982 349.51847961891326 14.252851257017026 37.947073366260156 153.94269643300504 333.47244532639161 253.74889147785507 41.218277693726122 2.6229337751865378 35.101943302783184 90.135894856299274 5.8862486470025024 66.36430082982406 8.6141960727982205 4.9204017860465674 68.989068326714914 27.049458455527201 1.6914490126073349 18.375457363465106 7.5854124119505277 25.642689182597678 162.01396714318253 32.502388925408013 76.997160312253982 8.8047532124910486 9.213690023403613 13.998875794932248 2.1148312762379637
leaf_count=35246 5543 1939 1449 2980 9395 254 5341 2116 43969 241 7 222 670 39 2197 79 84 1754 402 7 496 170 815 6256 491 594 92 168 142 8
internal_value=0 -0.0175269 0.00521411 0.00086837 -0.0333214 0.0240219 -0.00415711 0.000507141 -0.026961 0.0114831 0.0163712 0.0182389 0.0132286 0.00259345 -0.00814722 -0.0225665 -0.000530881 -0.0245592 0.00696103 -0.0272909 -0.0233415 0.0180621 -0.0209251 -0.025938 0.0164297 0.00916048 -0.017903 -0.0345136 0.0238448 -0.0272627
internal_weight=0 526.803 1770.81 1438.44 334.848 332.367 1086.3 849.894 293.963 374.691 352.141 294.42 259.318 169.183 475.203 164.248 310.955 73.9095 237.045 155.634 279.71 25.9609 236.409 210.767 170.681 143.632 50.5208 41.7161 93.1109 16.1137
internal_count=123166 91215 31951 29317 89276 2634 26330 13716 54030 2357 2987 2380 2158 1488 11359 5427 5932 1838 4094 5348 44635 666 12614 11799 1897 1495 751 659 744 150
is_linear=0
shrinkage=0.1


Tree=43
num_leaves=31
num_cat=0
split_feature=22 2 4 15 6 6 20 3 15 7 4 9 3 18 15 22 18 8 10 14 16 20 0 7 6 22 22 12 15 20
split_gain=20.5189 17.6713 16.7723 12.3206 9.70055 7.39933 8.21886 10.2937 11.6251 8.05788 8.02727 7.64476 6.95182 6.89943 6.77226 6.45362 7.74664 6.30976 5.82709 5.77931 5.53769 5.47156 5.49631 6.25555 5.15939 6.47848 5.01181 4.98934 4.94455 4.92769
threshold=-31.499999999999996 31.500000000000004 1.0000000180025095e-35 14.500000000000002 1.0000000180025095e-35 28.500000000000004 393.50000000000006 8.5000000000000018 1.5000000000000002 7.5000000000000009 2.5000000000000004 12.500000000000002 1.5000000000000002 4.5000000000000009 10.500000000000002 6.5000000000000009 6.5000000000000009 3.5000000000000004 1.0000000180025095e-35 18.500000000000004 53.000000000000007 179.50000000000003 11.500000000000002 4.5000000000000009 25.500000000000004 34.500000000000007 -1.0000000180025095e-35 10.500000000000002 9.5000000000000018 347.50000000000006
decision_type=2 2 2 2 2 2 2 2 2 2 2 2 2 2 2 2 2 2 2 2 2 2 2 2 2 2 2 2 2 2
left_child=-1 2 3 13 15 6 7 8 -4 10 14 12 -8 17 -10 16 -5 24 -3 -14 -17 22 -12 -24 -2 -26 -13 -20 -15 -22
right_child=1 18 5 4 -6 -7 11 -9 9 -11 21 26 19 28 -16 20 -18 -19 27 -21 29 -23 23 -25 25 -27 -28 -29 -30 -31
leaf_value=-0.048237728240444887 -0.078678493870406929 0.012510137574409356 0.050888696270500494 -0.037646666770878495 0.032153321463961132 0.052366535166085582 -0.095880291154761418 0.027646078183179164 -0.073989676611171493 0.027137620842806853 -0.04806770522049747 -0.014800133106248912 -0.00096606480246587954 -0.060318539562727959 -0.021685771733973378 0.099678856476558386 0.067990702751736229 -0.026090440518067762 0.029849574660866265 0.033205569446342481 -0.019738475188131641 0.010800162337533078 -0.019346248798385462 0.063036812637547776 -0.075070228076074053 0.10442776211717529 0.052347690017807362 0.090481324739236035 0.026015201563693677 0.0054907478373616156
leaf_weight=84.882583568927657 63.305910102259077 388.20758865913376 31.772000116332492 118.65664865542203 55.126524590101326 32.01812193110527 6.3536478784808414 95.125694114220096 27.701923774129682 49.376947353172 40.59901412203908 13.106078997720031 151.64046882739058 9.149982948896648 232.71669655838195 5.0023120027035466 7.3732674122948074 65.562042311710684 97.959247179329395 73.473704231786542 146.21110563485854 139.39577413606457 35.78318722685799 12.414783212821929 4.4521808816134563 3.6667251373728504 73.186768814921379 15.754743581637738 24.124159585368034 164.53723352204543
leaf_count=27250 30106 2464 1410 6326 959 574 142 1376 11913 973 1404 147 2557 4014 9130 25 402 3780 593 717 5630 2254 299 70 560 172 395 92 3883 3549
internal_value=0 0.001875 -0.00303927 -0.0153547 -0.00740006 0.00505841 0.00351695 -0.00280548 -0.00788959 -0.0113609 -0.0152514 0.0167461 0.00727553 -0.0385702 -0.0272496 -0.0123356 -0.0314664 -0.0484913 0.0183417 0.010187 -0.00469968 -0.00155871 -0.02096 0.00187389 -0.0690535 0.00599609 0.0421493 0.0382499 0.00227448 -0.00637993
internal_weight=0 2183.75 1681.83 667.168 496.907 1014.66 982.647 664.886 569.76 537.988 488.611 317.761 231.468 170.261 260.419 441.781 126.03 136.987 501.922 225.114 315.751 228.193 88.797 48.198 71.4248 8.11891 86.2928 113.714 33.2741 310.748
internal_count=123166 95916 92767 59406 16891 33361 32787 28829 27453 26043 25070 3958 3416 42515 21043 15932 6728 34618 3149 3274 9204 4027 1773 369 30838 732 542 685 7897 9179
is_linear=0
shrinkage=0.1


Tree=44
num_leaves=31
num_cat=0
split_feature=2 4 2 18 12 10 6 3 18 12 4 19 15 1 22 16 10 9 5 18 7 10 20 3 3 5 20 20 4 20
split_gain=18.5429 20.6914 12.2006 8.95939 6.54873 6.74475 5.79917 7.91532 6.1549 6.41578 5.76103 6.00237 5.40395 8.12561 5.42313 5.69139 5.32681 5.3104 6.74902 5.4686 5.1021 5.04651 5.0231 5.89977 5.06167 5.13959 4.88549 7.36088 5.75049 5.31471
threshold=26.500000000000004 2.5000000000000004 16.500000000000004 4.5000000000000009 9.5000000000000018 1.5000000000000002 1.0000000180025095e-35 6.5000000000000009 2.5000000000000004 8.5000000000000018 6.5000000000000009 2.5000000000000004 26.500000000000004 13.500000000000002 1.0000000180025095e-35 70.15000000000002 1.0000000180025095e-35 12.500000000000002 1.0000000180025095e-35 4.5000000000000009 10.500000000000002 6.5000000000000009 329.50000000000006 1.0000000180025095e-35 1.0000000180025095e-35 2.5000000000000004 624.50000000000011 442.50000000000006 1.0000000180025095e-35 500.50000000000006
decision_type=2 2 2 2 2 2 2 2 2 2 2 2 2 2 2 2 2 2 2 2 2 2 2 2 2 2 2 2 2 2
left_child=1 2 3 -1 5 12 20 8 9 -8 11 21 14 -14 15 -2 26 18 -16 22 -4 -3 23 -19 -24 -26 27 -15 29 -29
right_child=4 10 6 -5 -6 -7 7 -9 -10 -11 -12 -13 13 16 17 -17 -18 19 -20 -21 -22 -23 24 -25 25 -27 -28 28 -30 -31
leaf_value=-0.065429142523848266 -0.001005909209359079 0.0043234540324737876 -0.020870918398847891 -0.00071833387677806967 0.025848336530195016 0.036361457847006444 -0.0054567168058596849 0.047256288192644935 -0.047342997670232576 0.090640159366903311 0.085756835461907849 0.080969160681651872 -0.02468823690945296 0.034711496045893513 -0.015674724363374623 -0.036280963075271754 0.078551202391428362 0.10092203763980807 0.014471498676410177 0.091699148589892865 0.034133560759714902 0.14606507406033428 -0.078910541894279915 -0.0065538061780242816 0.030344598076073516 -0.23010042310389645 0.098546347757784397 -0.13650311563294124 0.040604740682587168 -0.022201424914020138
leaf_weight=86.839703869145524 117.454207999137 332.62348151793412 445.93355232521208 28.390459614183783 184.89651542529464 65.609892201318871 41.933542519145703 33.490695627253444 29.0719845561689 8.327185038418973 9.7373187188059074 10.849216379690914 31.666488722083159 64.890202192997094 196.30114649399184 74.909623167084646 20.585690059233457 5.3285724576562634 119.45479684555903 8.9300446864217502 17.526475464808755 2.5309774512425056 4.5042991219088426 123.13894629944116 133.22049309080467 0.76203276589512725 7.8322639279067507 5.8977831867523554 8.6711488021537644 13.111401053145526
leaf_count=55589 1986 5552 35907 10090 1317 541 1680 836 1006 122 101 77 299 471 2008 2118 118 29 960 49 388 15 24 855 786 7 39 50 53 93
internal_value=0 -0.0096992 -0.0197809 -0.0494857 0.00855612 0.00536609 -0.0138414 0.00649022 -0.0107194 0.0104646 0.00989839 0.00776356 0.00319496 0.0204084 -0.000156705 -0.0147426 0.0322117 0.0045857 -0.00427 0.0147212 -0.0187908 0.00539384 0.0121462 -0.00209593 0.0253579 0.0288633 0.0227106 0.0162943 -0.0268807 -0.0576646
internal_weight=0 1047.25 691.514 115.23 1187.17 1002.27 576.283 112.823 79.3327 50.2607 355.741 346.004 936.659 152.655 784.004 192.364 120.988 591.64 315.756 275.884 463.46 335.154 266.954 128.468 138.487 133.983 100.403 92.5705 27.6803 19.0092
internal_count=123166 111363 105618 65679 11803 10486 39939 3644 2808 1802 5745 5644 9945 1123 8822 4104 824 4718 2968 1750 36295 5567 1701 884 817 793 706 667 196 143
is_linear=0
shrinkage=0.1


Tree=45
num_leaves=31
num_cat=0
split_feature=2 4 22 9 3 7 3 2 22 4 14 7 22 20 5 18 4 6 9 11 7 18 4 22 20 15 15 21 7 16
split_gain=17.3373 17.7622 13.3506 9.10558 7.41441 8.73814 8.88126 6.228 6.00006 6.14535 5.94866 5.78262 5.33347 5.24821 4.97066 4.90472 4.85379 4.81878 4.53427 4.42929 4.38924 4.33045 6.38453 5.41754 5.16896 4.57974 4.27244 4.16523 4.93418 4.15403
threshold=26.500000000000004 4.5000000000000009 -17.499999999999996 2.5000000000000004 11.500000000000002 4.5000000000000009 7.5000000000000009 34.500000000000007 -1.0000000180025095e-35 3.5000000000000004 11.500000000000002 1.0000000180025095e-35 54.500000000000007 507.50000000000006 4.5000000000000009 3.5000000000000004 1.5000000000000002 1.0000000180025095e-35 7.5000000000000009 3.5000000000000004 14.500000000000002 4.5000000000000009 1.0000000180025095e-35 26.500000000000004 517.50000000000011 1.0000000180025095e-35 17.500000000000004 1.5000000000000002 2.5000000000000004 60.250000000000007
decision_type=2 2 2 2 2 2 2 2 2 2 2 2 2 2 2 2 2 2 2 2 2 2 2 2 2 2 2 2 2 2
left_child=1 2 18 -4 5 21 16 8 10 11 27 -10 14 17 -8 -15 20 -13 -1 -9 -7 22 23 24 -5 -24 -18 28 -2 -19
right_child=7 -3 3 4 -6 6 12 19 9 -11 -12 13 -14 15 -16 -17 26 29 -20 -21 -22 -23 25 -25 -26 -27 -28 -29 -30 -31
leaf_value=-0.089530684362842075 -0.070453833989396239 0.028370684808854504 -0.079782664247631585 -0.063945982936823659 0.042295308181454536 -0.014370354365623023 0.088888623458251159 0.021077980211255468 -0.040460243348924681 0.095728955096293311 -0.018175213890956676 0.0011638986882420491 -0.048862979952594948 0.018247196182590384 -0.19574620995988959 0.069245848747104183 0.0035275174797808695 -0.032615758403065985 -0.033882124091570598 0.14653019910824441 0.09878805957132214 0.0062388973951880422 0.041788933991313185 -0.017190085466535703 0.023383380872259184 -0.016241728399490892 0.055345429677674307 -0.070967804189645919 0.063930338963610639 0.04293037978380216
leaf_weight=27.681308250692382 3.1388266215799439 110.97206070274115 18.740477854498749 73.986633038861328 26.954186801216565 155.06305346344379 20.534836494771305 241.78644984168932 24.017123559489846 8.0340617429465038 166.37912007739214 469.07596291182563 3.7598830282513509 148.08148448262364 0.63242877298034628 21.610051704570651 54.024205745481595 8.5406769737601262 31.083526994732892 2.8474883809685698 3.5052893357205894 64.83558545240885 14.178049398993606 64.736027369941439 7.4612044605783003 333.33322862483328 22.554661777801812 3.4465800519101313 21.092620851995889 49.253535035997629
leaf_count=29339 78 794 10540 15182 457 10189 397 1578 300 58 3997 3862 107 1087 4 142 1355 58 8162 16 41 7368 794 8799 413 17252 170 36 261 330
internal_value=0 -0.00942912 -0.0139735 -0.0108376 -0.00930951 -0.0110087 0.00413204 0.00835263 0.00459151 0.00875321 -0.0110342 0.00778348 0.0608894 0.0094469 0.0803844 0.0247418 -0.00188461 0.00452079 -0.0600955 0.0225382 -0.0118689 -0.0180588 -0.0212498 -0.0387833 -0.055946 -0.0138741 0.0187894 0.0318924 0.0465229 0.0317664
internal_weight=0 1034.04 923.065 864.3 845.559 818.605 260.074 1167.3 922.67 728.613 194.057 720.579 24.9271 696.562 21.1673 169.692 235.147 526.87 58.7648 244.634 158.568 558.531 493.695 146.184 81.4478 347.511 76.5789 27.678 24.2314 57.7942
internal_count=123166 111363 110569 73068 62528 62071 12263 11803 10209 5837 4372 5779 508 5479 401 1229 11755 4250 37501 1594 10230 49808 42440 24394 15595 18046 1525 375 339 388
is_linear=0
shrinkage=0.1


Tree=46
num_leaves=31
num_cat=0
split_feature=2 22 4 2 6 4 9 8 11 18 9 22 23 10 5 22 15 17 20 0 7 15 0 22 20 13 22 20 22 13
split_gain=15.9834 14.0809 9.08632 7.98678 8.07544 7.64934 7.57963 6.36438 6.19329 8.13829 5.86783 5.40401 5.19326 4.95409 4.67949 6.29621 5.88442 5.18545 4.10628 4.09328 4.42514 5.25915 9.66702 5.97988 5.33896 4.39322 6.03864 4.47706 4.26337 4.66486
threshold=29.500000000000004 -1.0000000180025095e-35 2.5000000000000004 20.500000000000004 36.500000000000007 1.5000000000000002 5.5000000000000009 9.5000000000000018 1.0000000180025095e-35 4.5000000000000009 10.500000000000002 -39.499999999999993 1.0000000180025095e-35 3.5000000000000004 2.5000000000000004 81.500000000000014 9.5000000000000018 7.5000000000000009 563.50000000000011 23.500000000000004 5.5000000000000009 27.500000000000004 21.500000000000004 -49.499999999999993 355.50000000000006 5.5000000000000009 -3.4999999999999996 485.50000000000006 99.500000000000014 4.5000000000000009
decision_type=2 2 2 2 2 2 2 2 2 2 2 2 2 2 2 2 2 2 2 2 2 2 2 2 2 2 2 2 2 2
left_child=1 6 3 8 -5 7 -1 19 9 -3 14 -8 -10 -13 15 -4 -16 -17 -9 20 21 25 23 -23 -24 27 -27 -2 29 -22
right_child=5 2 10 4 -6 -7 11 18 12 -11 -12 13 -14 -15 16 17 -18 -19 -20 -21 28 22 24 -25 -26 26 -28 -29 -30 -31
leaf_value=-0.068624083078893033 -0.014899695211379469 -0.055157297385209962 0.0060569979886590901 -0.0033724055742078308 0.095402941162066907 0.036528868548967051 -0.074111065460331221 0.023283473671611925 0.014776737935048299 0.0031601893833027115 0.040860995521853946 -0.019811854494146942 -0.04947181904384889 0.047559406823370495 -0.01745599531420192 -0.063570832949353881 0.069178767769730504 0.15745435872694044 0.081888207591400752 0.029331881804709015 0.026151768016056912 -0.16338430202184048 0.099535876975869797 0.038426126849328994 -0.1041925345909348 -0.1230185477028702 -0.023964995541429036 0.01582255144249296 -0.11496538021543022 -0.013345015897610377
leaf_weight=39.382149087356083 165.2513488290133 87.037578246116027 213.39092937496025 653.00100994914828 8.383181491866706 106.6526245677378 17.196813613307313 68.717538708820939 50.522277985084656 33.0033470956987 59.032710248837247 167.77298634384533 16.752661249429366 11.674259989435084 11.806250609806737 19.641608487960188 23.337635011179373 1.1220975182950486 14.474229350686072 56.838231609668583 122.85866905580042 1.5049495697021473 1.5195156103000034 60.237706391490065 8.3822930285241437 7.3771922788582733 37.136698420392349 66.530724927491974 2.5033428668975821 39.522530367830768
leaf_count=31779 1609 23517 2985 13427 54 705 8568 471 6924 5501 426 17849 4815 394 164 369 182 6 88 451 875 40 12 403 59 245 332 588 23 305
internal_value=0 -0.00628831 -0.00181816 -0.00728301 -0.00212041 0.0116993 -0.0285803 0.0076431 -0.0255114 -0.0391238 0.0123079 -0.0205607 -0.0012223 -0.0154289 0.0060488 0.000941917 0.0400747 -0.0516263 0.0334799 0.00386998 0.00104795 -0.00534669 0.0187969 0.0335071 -0.0729287 -0.0116072 -0.0403809 -0.00608118 0.014542 0.0165385
internal_weight=0 1413.06 1177.03 848.7 661.384 759.508 236.026 652.855 187.316 120.041 328.331 196.644 67.2749 179.447 269.299 234.155 35.1439 20.7637 83.1918 569.663 512.825 347.94 71.6445 61.7427 9.90181 276.296 44.5139 231.782 164.885 162.381
internal_count=123166 116960 58370 54238 13481 6206 58590 5501 40757 29018 4132 26811 11739 18243 3706 3360 346 375 559 4942 4491 3288 514 443 71 2774 577 2197 1203 1180
is_linear=0
shrinkage=0.1


Tree=47
num_leaves=31
num_cat=0
split_feature=9 2 22 4 2 3 6 22 20 15 3 7 7 13 13 3 7 3 18 12 1 6 18 0 16 22 18 4 22 14
split_gain=15.847 12.343 10.5173 9.36143 8.23222 6.94733 6.92835 6.55245 6.49831 6.67394 6.44453 6.29331 5.81876 6.08511 5.71606 5.69635 5.49413 5.38525 5.19353 5.18552 5.86053 5.17151 4.97796 5.06647 6.14213 5.52184 4.95363 4.74478 5.19215 4.71982
threshold=3.5000000000000004 34.500000000000007 -37.499999999999993 1.0000000180025095e-35 22.500000000000004 10.500000000000002 34.500000000000007 13.500000000000002 399.50000000000006 1.5000000000000002 8.5000000000000018 7.5000000000000009 4.5000000000000009 12.500000000000002 15.500000000000002 13.500000000000002 3.5000000000000004 7.5000000000000009 4.5000000000000009 4.5000000000000009 9.5000000000000018 25.500000000000004 1.5000000000000002 19.500000000000004 69.90000000000002 23.500000000000004 8.5000000000000018 1.5000000000000002 58.500000000000007 14.500000000000002
decision_type=2 2 2 2 2 2 2 2 2 2 2 2 2 2 2 2 2 2 2 2 2 2 2 2 2 2 2 2 2 2
left_child=7 2 -2 4 5 21 8 -1 9 -5 11 27 13 -6 -15 16 -10 -14 -17 -18 22 26 -21 24 -24 -26 -4 -11 29 -29
right_child=1 -3 3 6 12 -7 -8 -9 15 10 -12 -13 17 14 -16 18 19 -19 -20 20 -22 -23 23 -25 25 -27 -28 28 -30 -31
leaf_value=-0.086446496426851469 -0.054867368877071721 0.023424446503835284 -0.051641531260124787 0.041813237433501994 -0.014681147069269927 0.054118220109681286 0.063968089883410781 -0.024114538366653688 0.001360588869883305 -0.023691300893719142 0.021877497467777937 0.024680304883271189 0.0026953710272495522 0.096112088237845505 -0.096554780760350165 0.16021795503418923 -0.037615527136851498 0.048171483203288339 -0.20117017325389186 -0.022737771458330443 0.044728817423289741 0.0019747127760846835 -0.084866118178661007 0.089964156611816559 -0.054271544869496216 0.11989841239939635 0.01850185082375308 -0.0043415497959610359 -0.029443976471627033 0.027913735240296014
leaf_weight=25.278150154903415 35.666889547313986 231.1876063211821 101.31519408494387 35.080908640935377 318.29196703901107 9.3602801236847863 20.274499149876647 50.671204874466639 161.02647308917221 176.94793033794849 89.989855583713506 56.555702164703689 239.74981701598153 8.7591387280262989 1.8683187020942558 4.2134367534890762 11.617387601712833 29.21279171781498 0.43910499289631832 29.887939463718794 110.10421193094226 30.135007025623054 5.3928571038122772 10.616810399107633 2.9246842012507841 4.8204519887221977 11.179083869821623 207.24256004433119 61.901832426956389 58.078712043788983
leaf_count=20059 15975 1580 31456 1183 7325 315 287 10220 2150 12510 1204 1032 3370 109 18 25 234 338 5 417 817 1714 109 51 55 53 1554 6995 1443 563
internal_value=0 0.00165086 -0.00109585 -2.85884e-05 -0.00855767 -0.0293386 0.00607935 -0.0448604 0.00493637 -0.000673539 -0.00296405 -0.00695082 -0.00327488 -0.0121958 0.062241 0.0162172 0.0146973 0.00763466 0.12611 0.0269436 0.0315239 -0.0348156 0.00442024 0.03859 -0.00292537 0.0541291 -0.0446711 -0.0104991 -0.00336528 0.00271912
internal_weight=0 2063.84 1832.65 1796.99 749.872 151.99 1047.12 75.9494 1026.84 685.798 650.717 560.727 597.882 328.919 10.6275 341.043 336.391 268.963 4.65254 175.364 163.747 142.629 53.6427 23.7548 13.138 7.74514 112.494 504.171 327.223 265.321
internal_count=123166 92887 91307 75332 46199 35039 29133 30279 28846 24930 23747 22543 11160 7452 127 3916 3886 3708 30 1736 1502 34724 685 268 217 108 33010 21511 9001 7558
is_linear=0
shrinkage=0.1


Tree=48
num_leaves=31
num_cat=0
split_feature=9 3 22 12 14 7 20 2 3 4 6 15 5 2 4 7 22 17 16 6 13 9 24 8 9 22 5 15 22 4
split_gain=15.1353 12.7493 9.42013 9.04457 8.92459 7.02567 7.48122 6.03908 5.99788 5.48756 5.54328 5.51718 5.38057 5.1704 4.8517 4.68238 5.91378 4.86968 5.15847 4.61471 4.45947 5.51263 4.45866 5.02344 4.73248 5.18739 4.28986 5.46599 5.56069 4.42958
threshold=9.5000000000000018 5.5000000000000009 -17.499999999999996 9.5000000000000018 18.500000000000004 2.5000000000000004 710.50000000000011 38.500000000000007 7.5000000000000009 1.0000000180025095e-35 22.500000000000004 20.500000000000004 1.0000000180025095e-35 43.500000000000007 1.5000000000000002 5.5000000000000009 84.500000000000014 1.0000000180025095e-35 84.050000000000011 3.5000000000000004 13.500000000000002 12.500000000000002 1.0000000180025095e-35 10.500000000000002 16.500000000000004 59.500000000000007 1.0000000180025095e-35 27.500000000000004 91.500000000000014 4.5000000000000009
decision_type=2 2 2 2 2 2 2 2 2 2 2 2 2 2 2 2 2 2 2 2 2 2 2 2 2 2 2 2 2 2
left_child=1 2 -1 4 7 6 12 8 15 11 -11 -4 -6 19 -7 22 17 18 -17 -5 21 -10 23 24 25 -2 29 28 -28 -3
right_child=3 26 9 13 5 14 -8 -9 20 10 -12 -13 -14 -15 -16 16 -18 -19 -20 -21 -22 -23 -24 -25 -26 -27 27 -29 -30 -31
leaf_value=-0.079362771058589854 -0.021086233360431954 -0.010740170215273742 -0.049323723881465074 0.021044040727237711 -0.043454099546203162 0.02371952273614986 0.12576052486437023 0.088883055534787231 -0.0046668981592741703 -0.012943332428850988 0.069987663947131684 -0.0038129619766668686 0.026676814764993284 0.15927635071458268 0.072734258758162723 -0.003774090390887034 0.089352094330681336 0.02245609041516694 -0.10651862808734774 0.082180495890626648 0.11064923802854776 0.052336542113978014 -0.0036773996764310705 -0.12751046437157615 0.032428676327861242 -0.084857808411967384 0.010392268835076641 0.079656934281007535 -0.063795926286726146 0.046088804005495837
leaf_weight=28.30797861094652 130.91846938856179 275.90012643019145 89.935254747744693 168.74625073099742 34.457651616074145 161.89831757446518 3.7197394575923672 7.3263143077492705 43.664161014559795 211.01193978602168 8.3800534817564749 37.846748152427608 16.028672018961515 2.9364691935479632 23.072905601002276 192.68119346875756 8.0007796735444554 83.21615787888004 5.0137170334783141 13.321154668810776 5.5357111693010657 27.745079726621043 254.23374848193998 4.6289522493025279 14.601033741259014 14.132335409405639 214.68242041616577 10.822000690735875 10.60215490151313 14.433388469740747
leaf_count=27459 4542 18480 31292 1425 312 1308 20 48 664 16741 460 720 140 14 156 3506 101 1141 171 110 55 218 5458 58 149 379 7609 60 265 105
internal_value=0 -0.00981552 -0.0238934 0.00728102 0.00362729 0.0205555 -0.0111046 -0.00148684 -0.00233092 -0.0193705 -0.00977564 -0.0358442 -0.0211886 0.0276402 0.0298335 -0.00521487 0.00457699 0.00216246 -0.00637978 0.0255172 0.0241839 0.017481 -0.0119745 -0.0248146 -0.021837 -0.0272995 0.000225503 0.0102357 0.00690089 -0.00791502
internal_weight=0 901.922 375.482 1215.88 1030.87 239.177 54.2061 791.698 784.371 347.174 219.392 127.782 50.4863 185.004 184.971 707.426 288.912 280.911 197.695 182.067 76.945 71.4092 418.515 164.281 159.652 145.051 526.44 236.107 225.285 290.334
internal_count=123166 103191 76672 19975 18426 1936 472 16490 16442 49213 17201 32012 452 1549 1464 15505 4919 4818 3677 1535 937 882 10586 5128 5070 4921 26519 7934 7874 18585
is_linear=0
shrinkage=0.1


Tree=49
num_leaves=31
num_cat=0
split_feature=22 2 4 9 2 6 20 3 10 6 19 4 0 7 1 18 13 22 16 2 10 10 16 22 9 9 15 13 3 14
split_gain=12.6513 10.3309 10.8906 8.32203 8.19837 6.58428 7.26862 5.48361 5.56817 5.29565 4.91837 4.89922 5.68641 4.97085 5.81435 4.88628 6.40674 4.73074 4.93963 4.64949 4.61882 4.53911 4.52916 7.05234 5.19162 4.50273 4.49074 4.81055 4.56751 4.84255
threshold=-1.0000000180025095e-35 28.500000000000004 4.5000000000000009 15.500000000000002 18.500000000000004 25.500000000000004 445.50000000000006 11.500000000000002 1.5000000000000002 40.500000000000007 1.5000000000000002 1.5000000000000002 6.5000000000000009 2.5000000000000004 11.500000000000002 1.5000000000000002 11.500000000000002 22.500000000000004 65.100000000000009 37.500000000000007 1.5000000000000002 4.5000000000000009 78.200000000000003 29.500000000000004 14.500000000000002 26.500000000000004 22.500000000000004 2.5000000000000004 2.5000000000000004 16.500000000000004
decision_type=2 2 2 2 2 2 2 2 2 2 2 2 2 2 2 2 2 2 2 2 2 2 2 2 2 2 2 2 2 2
left_child=4 2 3 5 9 6 7 11 -9 -1 17 12 -2 14 -13 16 19 18 -7 -3 25 -20 23 24 -15 -6 -17 -28 -29 -30
right_child=1 15 -4 -5 20 10 -8 8 -10 -11 -12 13 -14 22 -16 26 -18 -19 21 -21 -22 -23 -24 -25 -26 -27 27 28 29 -31
leaf_value=-0.059037015212931393 -0.082591633554993632 0.0044178520204771476 0.029823526574218537 0.030563253097135375 -0.015110783507505049 -0.072204883541732767 0.0082399617737109604 -0.03803570104404437 0.063135889240936036 0.077797868519170241 -0.018882380233233784 -0.028839836163331446 -0.02200707120861178 0.024305906534967038 0.04486656241190301 0.0080028861528097708 -0.17889590180898937 0.074348254642220377 0.074693040796897037 0.043258064385680466 0.021915092153237052 -0.15987466608261827 0.031530733297891939 -0.03088430935232957 -0.18722283388287639 0.15531677495268967 0.05844647324629923 -0.071212598015546608 0.083011094135234054 0.017335185828597013
leaf_weight=52.22254147836793 16.247412992450336 366.28753445949405 95.181783188134432 59.338231361936778 311.78159928333844 5.6033161796658524 167.56039894642163 7.9937807221431312 17.027750053384807 2.9902507484366643 16.910766240966041 113.64471406300436 333.30937740514855 53.011866952183482 11.815353923768269 98.860704180784523 1.8488485775887955 22.824557191648637 7.5084897604683629 33.65229688771069 39.766840733340359 0.92678925395011891 45.167971492875949 56.187533324209653 1.1862476281821717 1.5579766705632199 56.717038570903242 5.0140665345825246 13.124626631848512 77.64783683558926
leaf_count=41995 13666 2608 654 498 17572 250 3455 230 183 280 454 4326 28968 1223 140 668 15 675 262 233 1256 2 1072 1397 9 8 383 39 74 571
internal_value=0 0.00382775 -0.00240392 -0.0056802 -0.0157921 -0.00813266 -0.0103474 -0.015098 0.030814 -0.0516262 0.0257695 -0.0169199 -0.024823 -0.007089 -0.0218984 0.0136687 0.00682743 0.0462533 0.000575201 0.007686 -0.010189 0.0489209 0.0048554 -0.0060597 0.0196761 -0.0142634 0.0246039 0.0353656 0.0216989 0.0268311
internal_weight=0 1684.6 1031.45 936.265 408.319 876.926 823.152 655.592 25.0215 55.2128 53.7739 630.57 349.557 281.014 125.46 653.153 401.789 36.8632 14.0386 399.94 353.106 8.43528 155.554 110.386 54.1981 313.34 251.364 152.504 95.7865 90.7725
internal_count=123166 62055 57464 56810 61111 56312 54669 51214 413 42275 1643 50801 42634 8167 4466 4591 2856 1189 514 2841 18836 264 3701 2629 1232 17580 1735 1067 684 645
is_linear=0
shrinkage=0.1


Tree=50
num_leaves=31
num_cat=0
split_feature=9 3 12 7 15 22 10 3 20 18 9 3 4 2 7 6 15 22 23 4 13 13 11 7 22 20 0 12 1 13
split_gain=11.4053 11.1332 10.0268 6.47951 5.78522 7.69646 5.22965 5.21357 5.04737 4.92141 5.40814 9.14542 6.05477 7.45595 6.08556 5.48494 5.29168 5.18403 5.02469 6.07842 4.97233 4.96855 4.94531 4.77308 4.69194 4.6802 4.70796 4.70294 4.51203 4.46674
threshold=5.5000000000000009 4.5000000000000009 8.5000000000000018 13.500000000000002 26.500000000000004 -35.499999999999993 1.0000000180025095e-35 13.500000000000002 653.50000000000011 4.5000000000000009 14.500000000000002 6.5000000000000009 3.5000000000000004 22.500000000000004 10.500000000000002 1.5000000000000002 4.5000000000000009 61.500000000000007 1.0000000180025095e-35 1.5000000000000002 2.5000000000000004 2.5000000000000004 1.0000000180025095e-35 3.5000000000000004 12.500000000000002 131.50000000000003 20.500000000000004 7.5000000000000009 7.5000000000000009 4.5000000000000009
decision_type=2 2 2 2 2 2 2 2 2 2 2 2 2 2 2 2 2 2 2 2 2 2 2 2 2 2 2 2 2 2
left_child=1 24 3 4 5 -2 -6 9 -4 10 12 17 13 21 29 16 -14 -12 19 -11 -20 22 -7 28 -1 26 27 -3 -19 -15
right_child=2 25 8 -5 6 7 -8 -9 -10 18 11 -13 15 14 -16 -17 -18 23 20 -21 -22 -23 -24 -25 -26 -27 -28 -29 -30 -31
leaf_value=-0.089877196780719662 -0.052168735597474515 -0.0027025876829848607 0.0136122890211186 0.08085104633278864 0.0077843736880566401 -0.034579780286478394 0.058309250640652656 0.065589970645187012 0.057495092089875161 0.017104255896700445 -0.0027354289394697722 0.066841265245110346 0.10734077644053773 -0.0028801686061920954 0.053583364143422532 0.075696744460502535 -0.0010594539416976998 0.205954732854365 -0.12625693981423813 0.10225750686387738 0.026017360344356824 -0.050015150572159398 0.0039609174491765263 0.074179942703188964 -0.033632598895944915 -0.016699285055138118 0.090591379536737252 0.15562789594203533 -0.099799477932082242 -0.024247916694612806
leaf_weight=25.350964375858894 31.865318683778241 36.860910096213047 376.80636497052183 9.5613250563001184 83.285171954645193 71.590598262206186 27.169262895709835 11.176836064318193 28.170090934028849 73.816687129445199 204.77312585608161 24.07855481270235 4.8176221642643204 476.38455067902396 16.897726827708539 13.335172767285256 69.027936303522438 0.57172977924347224 4.4901909678301291 9.4567066728523042 4.1047128588979831 67.003635572262283 62.235887459428341 16.16471017873846 35.743669409195718 150.00162941754752 7.7780038450146085 1.9766330235579506 3.09750040108338 123.11270292486006
leaf_count=27051 10367 6659 4503 120 689 10673 203 111 214 4556 2000 161 34 7636 165 102 680 2 315 124 154 9229 6602 114 12618 15310 81 40 42 2611
internal_value=0 -0.0196845 0.00279809 -0.00119026 -0.00175119 -0.0036347 0.0202123 -0.0024035 0.0166648 -0.00301392 -0.0047886 0.00827156 -0.00837976 -0.0110522 -0.00560007 0.0166714 0.00601249 0.00199271 0.019261 0.0267744 -0.0535345 -0.027786 -0.0166565 0.0508078 -0.0569711 -0.00809848 0.0195776 0.00535563 -0.0521577 -0.00726825
internal_weight=0 257.712 1812.99 1408.02 1398.46 1288 110.454 1256.14 404.976 1244.96 1153.09 248.686 904.406 817.225 616.395 87.1807 73.8456 224.607 91.8683 83.2734 8.5949 200.83 133.826 19.8339 61.0946 196.617 46.6155 38.8375 3.66923 599.497
internal_count=123166 61759 61407 56690 56570 55678 892 45311 4717 45200 40051 2319 37732 36916 10412 816 714 2158 5149 4680 469 26504 17275 158 39669 22090 6780 6699 44 10247
is_linear=0
shrinkage=0.1


Tree=51
num_leaves=31
num_cat=0
split_feature=4 1 9 3 15 22 8 6 20 4 2 18 22 6 13 6 22 14 7 9 16 22 16 0 0 0 7 23 15 7
split_gain=9.95101 9.42172 8.98349 8.24443 10.2925 9.19558 8.35538 5.91056 5.62036 6.2045 7.00987 5.49934 5.12811 5.03008 4.93991 5.70039 6.28128 6.44028 5.98218 5.32552 5.16309 5.11047 4.63685 4.43692 5.66211 5.24665 5.00577 4.40615 4.37283 4.20724
threshold=1.0000000180025095e-35 16.500000000000004 17.500000000000004 4.5000000000000009 22.500000000000004 23.500000000000004 6.5000000000000009 34.500000000000007 500.50000000000006 3.5000000000000004 12.500000000000002 1.0000000180025095e-35 -1.4999999999999998 51.500000000000007 12.500000000000002 1.0000000180025095e-35 -9.4999999999999982 19.500000000000004 8.5000000000000018 7.5000000000000009 83.100000000000009 4.5000000000000009 50.600000000000009 19.500000000000004 24.500000000000004 22.500000000000004 7.5000000000000009 1.0000000180025095e-35 5.5000000000000009 4.5000000000000009
decision_type=2 2 2 2 2 2 2 2 2 2 2 2 2 2 2 2 2 2 2 2 2 2 2 2 2 2 2 2 2 2
left_child=2 7 3 4 5 13 -7 8 9 10 -2 -4 -6 -1 15 16 -5 18 -18 21 -20 -19 -21 26 25 -25 28 -23 -12 -26
right_child=1 -3 11 14 12 6 -8 -9 -10 -11 23 -13 -14 -15 -16 -17 17 19 20 22 -22 27 -24 24 29 -27 -28 -29 -30 -31
leaf_value=-0.05101574699683712 -0.061377382638356986 0.028542261973900102 -0.021857228730077276 -0.044306051372040856 -0.043209747747815858 -0.030646414745599877 0.027966487221514676 0.056060257645535072 0.017566744225571227 0.012443477744410262 0.032855057758712912 0.039082847270565241 0.020760156644970825 0.086019332896758713 0.052908260466820935 0.027784749343207661 -0.021077865886446282 -0.087028128781785244 0.056068975778690237 -0.1747776331812535 -0.18369540962149924 -0.0092590647503095237 0.027965844041166612 0.016289430965457905 -0.11557348839336129 0.096389717100859806 0.018619998062753999 0.091741385739032039 -0.014098756360902107 0.060710172134408762
leaf_weight=148.76359587564184 23.209809706761007 161.37253687830525 19.64512685209047 43.320077807044072 15.551383384336075 70.004916250687529 37.268688318436034 20.174473138838948 175.59790970560425 212.19124050842947 20.808134494633123 60.14460149029037 64.535179608152248 2.7277348848583634 15.534852262942875 49.021906207957727 185.36795933715803 7.8456857133714939 15.373521653513308 1.1414307355880726 0.95385705499211404 52.710080677847145 96.250627413624898 37.355962490080856 4.710979255847632 10.469115190848241 61.12025002577866 4.7048278780421233 423.87886874179458 1.8998395712114868
leaf_count=39421 13320 1367 190 10154 413 10759 499 340 1918 2180 1099 505 545 66 282 2233 14128 225 149 4 28 945 706 330 29 68 1157 57 20033 16
internal_value=0 0.00613424 -0.00793777 -0.0110874 -0.0229894 -0.0326852 -0.0102833 0.0024869 0.00137408 -0.00219962 -0.00752505 0.0240787 0.00833834 -0.0485483 -0.00254697 -0.00443334 -0.00830755 -0.00402742 -0.0159667 0.0107777 0.0420618 -0.0113271 0.0255897 -0.00529405 0.021833 0.0338237 -0.00821351 -0.000982648 -0.0119017 -0.0649125
internal_weight=0 1152.79 890.866 811.076 338.851 258.765 107.274 991.417 971.242 795.644 583.453 79.7897 80.0866 151.491 472.225 456.69 407.668 364.348 201.695 162.653 16.3274 65.2606 97.3921 560.243 54.4359 47.8251 505.807 57.4149 444.687 6.61082
internal_count=123166 41857 81309 80614 51703 50745 11258 40490 40150 38232 36052 695 958 39487 28911 28629 26396 16242 14305 1937 177 1227 710 22732 443 398 22289 1002 21132 45
is_linear=0
shrinkage=0.1


Tree=52
num_leaves=31
num_cat=0
split_feature=22 12 9 0 20 6 22 12 3 22 3 20 2 7 4 19 13 3 15 11 0 9 2 7 2 22 16 9 20 10
split_gain=9.74298 8.79282 7.50043 6.85276 5.60867 5.60584 6.33501 5.20409 5.18496 5.06965 4.69299 4.64072 4.35599 5.39567 4.01397 4.39549 4.94989 4.60469 4.09761 4.51129 5.77832 3.96982 3.96346 3.91224 4.05998 4.13661 3.98564 4.54275 5.3202 4.16941
threshold=-1.0000000180025095e-35 6.5000000000000009 4.5000000000000009 12.500000000000002 353.50000000000006 19.500000000000004 26.500000000000004 1.0000000180025095e-35 13.500000000000002 19.500000000000004 11.500000000000002 237.50000000000003 33.500000000000007 7.5000000000000009 2.5000000000000004 1.0000000180025095e-35 7.5000000000000009 2.5000000000000004 16.500000000000004 1.0000000180025095e-35 13.500000000000002 12.500000000000002 49.500000000000007 1.5000000000000002 37.500000000000007 3.5000000000000004 77.90000000000002 12.500000000000002 485.50000000000006 1.0000000180025095e-35
decision_type=2 2 2 2 2 2 2 2 2 2 2 2 2 2 2 2 2 2 2 2 2 2 2 2 2 2 2 2 2 2
left_child=2 3 -1 5 9 11 -7 -5 22 -3 12 -2 -11 -14 15 16 17 21 -16 20 -20 -6 -4 24 25 -9 27 -25 29 -29
right_child=1 4 8 7 14 6 -8 23 -10 10 -12 -13 13 -15 18 -17 -18 -19 19 -21 -22 -23 -24 26 -26 -27 -28 28 -30 -31
leaf_value=-0.070250224742471348 -0.031048149644623459 0.02201337506682513 -0.012592697443050728 0.012639334388077836 -0.14177091783044146 -0.027485449753377245 0.062505267935540704 -0.1226944264999071 0.10048871876673371 -0.015656291172617097 0.096005438459516881 -0.003059115481923563 0.06104644964494859 -0.11051560143085837 0.02084792104373193 0.019894449998789504 0.047900161810326136 -0.0094000854784617241 -0.15178099554079591 0.091237047664699283 0.045721341696036581 0.098175412693596975 0.16330297454885778 -0.021110059807643123 0.11042052262119678 -0.024514808810930593 0.019334616875050933 -0.023460788916494918 0.052366868216732025 0.036717176980842973
leaf_weight=22.444900460281133 162.28594720667024 75.70688508720923 365.82376272835336 287.1277356916471 4.5704268486588253 13.76947631420626 18.11259384542609 4.6107290683721649 4.1455619949265374 169.96296518472082 4.1958298573736093 93.294612966914428 14.054910895414652 2.1081325337290755 53.256584435934201 283.08232309037703 14.255316108174155 66.354183871328132 1.7985001951456059 22.203250685706735 8.4003907572478038 0.81201649177819479 1.2855465710163105 109.45316758620902 2.0843016356229773 61.96896796549845 74.69126210239483 39.402567921439186 21.833992830477655 16.266222415259108
leaf_count=23999 29001 1783 37038 4220 109 971 897 208 70 4583 48 8423 90 14 456 2399 179 1339 12 149 64 8 4 2566 11 2202 1735 326 151 111
internal_value=0 0.00341827 -0.0141147 -0.00314536 0.0116588 -0.0158991 0.0236394 0.00279244 -0.0107209 0.000125617 -0.00858097 -0.0208313 -0.0109387 0.0386698 0.0184059 0.0138797 -0.00592075 -0.0166159 0.037908 0.065948 0.0108932 -0.105572 -0.0119767 -0.00576711 -0.0270115 -0.0313139 -0.000191952 -0.00799306 0.0105314 -0.005877
internal_weight=0 1625.66 393.7 904.902 720.762 287.463 31.8821 617.439 371.255 266.029 190.322 255.581 186.126 16.163 454.733 369.074 85.9919 71.7366 85.6587 32.4021 10.1989 5.38244 367.109 330.311 68.664 66.5797 261.647 186.956 77.5028 55.6688
internal_count=123166 62055 61111 50822 11233 39292 1868 11530 37112 6518 4735 37424 4687 104 4715 4034 1635 1456 681 225 76 117 37042 7310 2421 2410 4889 3154 588 437
is_linear=0
shrinkage=0.1


Tree=53
num_leaves=31
num_cat=0
split_feature=2 4 2 6 22 20 14 2 1 13 7 5 15 20 6 18 22 18 15 6 16 21 20 12 4 10 17 5 14 0
split_gain=9.6116 11.1421 8.44129 8.25299 5.50872 4.58842 5.26915 4.46137 4.43453 4.29519 4.64374 5.89272 5.98141 5.18333 4.14626 4.07251 3.95936 3.94288 5.88342 4.00124 4.38607 3.92244 6.443 3.81064 4.88645 3.73143 4.91853 4.69116 5.0416 3.627
threshold=26.500000000000004 4.5000000000000009 9.5000000000000018 4.5000000000000009 -17.499999999999996 285.50000000000006 1.5000000000000002 39.500000000000007 21.500000000000004 13.500000000000002 5.5000000000000009 1.5000000000000002 17.500000000000004 563.50000000000011 1.0000000180025095e-35 9.5000000000000018 -48.499999999999993 3.5000000000000004 17.500000000000004 2.5000000000000004 81.950000000000003 1.0000000180025095e-35 507.50000000000006 18.500000000000004 3.5000000000000004 1.5000000000000002 4.5000000000000009 4.5000000000000009 6.5000000000000009 18.500000000000004
decision_type=2 2 2 2 2 2 2 2 2 2 2 2 2 2 2 2 2 2 2 2 2 2 2 2 2 2 2 2 2 2
left_child=1 2 -1 4 -4 6 -3 16 -9 10 11 13 25 15 -14 -6 -2 23 -19 20 21 -20 -23 24 -18 26 29 28 -27 -13
right_child=7 5 3 -5 9 -7 -8 8 -10 -11 -12 12 14 -15 -16 -17 17 18 19 -21 -22 22 -24 -25 -26 27 -28 -29 -30 -31
leaf_value=-0.076704233235282915 -0.052820082396108414 0.12879480808633995 -0.051217293695653171 0.01643172978111684 -0.026108432542195865 0.046282196151661043 -0.0039733021817136482 0.073063711878828416 0.0036723210158748939 0.070438649406768389 0.003542665430491291 -0.017082442591721179 0.087874112379518532 0.024727235609914477 -0.15649634148360864 0.040410255980978145 0.0034911521277018786 0.086151419740856147 -0.023232806748702966 0.12785630305885967 0.044584874611164657 -0.027034552086560228 0.10498941577817394 -0.18851811995400458 0.082529773335899143 -0.040715711364124267 -0.11279816530794635 -0.12368891175014088 0.052190476616599236 0.094816255419383211
leaf_weight=19.202304268701482 11.591757476042401 3.1757201496511689 36.723969609057349 105.80920030576453 388.18059995089152 48.099008420482278 50.891312165185809 19.709425595588982 17.287226045504212 6.3452970343059851 146.04438245876736 48.270774464712304 10.896557388885409 22.575144020043808 0.7415704554878183 9.4274982166825776 908.77721983284573 13.645468114118556 37.240999044966884 3.0319264754652968 25.668760727276094 7.5462008479516935 7.2456284053623676 1.0274660438299168 7.8898511333391061 7.5740635882975758 5.1588087067611914 2.0858892148826262 25.525115938093222 3.081576633558142
leaf_count=22392 1072 19 26811 6370 42224 343 432 141 132 97 6598 3124 151 733 9 947 9409 113 434 18 289 80 42 2 71 387 102 46 546 32
internal_value=0 -0.00736378 -0.0111664 -0.00962878 -0.0134982 0.0238136 0.00382506 0.00652474 0.0406396 -0.0114488 -0.0122248 -0.0166234 0.00477046 -0.0218847 0.0723031 -0.0245312 0.00529178 0.00595736 0.0254205 0.0151558 0.0107582 -0.00592908 0.0376361 0.00395571 0.00417145 -0.00380081 -0.0197183 0.0217644 0.0309308 -0.0103676
internal_weight=0 939.809 837.643 818.44 712.631 102.166 54.067 1060.66 36.9967 675.907 669.562 523.518 103.334 420.183 11.6381 397.608 1023.67 1012.07 94.379 80.7335 77.7016 52.0328 14.7918 917.695 916.667 91.6962 56.5112 35.1851 33.0992 51.3524
internal_count=123166 111363 110569 88177 81807 794 451 11803 273 54996 54899 48301 4397 43904 160 43171 11530 10458 976 863 845 556 122 9482 9480 4237 3258 979 933 3156
is_linear=0
shrinkage=0.1


Tree=54
num_leaves=31
num_cat=0
split_feature=9 4 3 2 1 6 22 9 18 22 22 8 7 6 22 14 5 13 9 2 22 22 4 7 22 2 0 7 25 0
split_gain=9.41077 7.49778 7.06685 6.93485 5.74912 5.17323 4.661 4.13425 3.84953 4.03942 3.8435 4.0755 3.80154 3.74152 3.85032 3.70011 3.55982 3.53156 3.85977 3.45205 3.4518 5.57585 6.32276 5.73791 5.36302 4.65009 4.13348 3.98238 3.29427 7.9188
threshold=3.5000000000000004 1.0000000180025095e-35 13.500000000000002 26.500000000000004 17.500000000000004 39.500000000000007 10.500000000000002 12.500000000000002 8.5000000000000018 50.500000000000007 6.5000000000000009 9.5000000000000018 15.500000000000002 1.0000000180025095e-35 -8.4999999999999982 22.500000000000004 1.0000000180025095e-35 12.500000000000002 10.500000000000002 25.500000000000004 -1.0000000180025095e-35 27.500000000000004 4.5000000000000009 6.5000000000000009 17.500000000000004 14.500000000000002 10.500000000000002 9.5000000000000018 1.0000000180025095e-35 19.500000000000004
decision_type=2 2 2 2 2 2 2 2 2 2 2 2 2 2 2 2 2 2 2 2 2 2 2 2 2 2 2 2 2 2
left_child=6 3 4 8 5 20 -1 15 10 -10 -2 -12 13 14 -5 16 -6 -16 -19 -9 -3 22 23 26 -25 -23 -22 -26 -15 -30
right_child=1 2 -4 12 7 -7 -8 19 9 -11 11 -13 -14 28 17 -17 -18 18 -20 -21 21 25 -24 24 27 -27 -28 -29 29 -31
leaf_value=-0.080886169780075359 -0.039724154456115705 -0.011130157749562818 0.091729068227725613 -0.023775720003236436 -0.087173639753519439 0.061907095710092092 -0.020992841274315287 -0.20624169504183507 0.043416420153127591 -0.10658822767858639 -0.0165346628555238 0.062147616100315529 0.16083703088826495 0.039126938431972257 9.9800346202558253e-05 0.025379028479231749 0.022107123730238046 0.12903158552045896 -0.020443042407725084 0.039357839713258874 -0.024421641319537779 -0.032524698264013892 0.060183415980697201 0.0582708690357732 -0.043379018469576792 0.0012191996887725453 0.0098690835170491941 0.063174529229905227 -0.11804822957170069 0.080705344817854727
leaf_weight=17.776986534726348 81.267541404474287 155.17194222917897 9.6971487243426946 71.499916423032118 7.9504013185505773 14.892322954488916 48.286294761937825 0.57607590418774535 15.808643614276663 2.0251561768818638 176.9088856981889 6.8374850001418954 1.4781349450349797 39.226489035820123 421.6958802920999 16.7076348697301 4.7688381564803421 4.4107781853526822 2.8397590294480324 87.273069118091371 41.86901219369247 45.503736269591172 28.069187426939607 41.486576415431045 11.058746954033269 398.33851260411029 219.15167543423013 5.1368678785947841 4.5655741973023378 3.5737264490453526
leaf_count=19275 30197 13801 75 2565 133 179 11004 16 1860 177 19174 75 4 369 4062 130 64 30 27 664 4458 3437 189 572 189 7001 3262 49 95 33
internal_value=0 0.001277 0.00674329 -0.00586774 0.00597877 0.00342715 -0.0371096 0.0268806 -0.0185894 0.0263823 -0.0216158 -0.0136068 0.000683085 0.000250949 -0.00229155 -0.00556011 -0.0462009 0.00128958 0.0704881 0.0377473 0.00250632 0.00518272 0.0146836 0.0106763 0.0392194 -0.0022403 0.00436868 -0.00958274 0.0271139 -0.0307814
internal_weight=0 1919.79 1087.65 832.138 1077.95 960.679 66.0633 117.276 282.848 17.8338 265.014 183.746 549.29 547.812 500.446 29.4269 12.7192 428.946 7.25054 87.8491 945.786 790.614 346.772 318.703 57.6822 443.842 261.021 16.1956 47.3658 8.1393
internal_count=123166 92887 34219 58668 34144 33137 30279 1007 51483 2037 49446 19249 7185 7181 6684 327 197 4119 57 680 32958 19157 8719 8530 810 10438 7720 238 497 128
is_linear=0
shrinkage=0.1


Tree=55
num_leaves=31
num_cat=0
split_feature=2 4 13 9 6 4 13 12 3 7 16 7 22 16 12 22 22 20 22 7 0 6 9 19 14 11 20 12 20 15
split_gain=9.41272 12.0292 7.21491 8.14524 5.17067 4.96698 4.69485 4.33844 4.05703 4.62128 5.0321 4.03672 3.84785 3.84598 3.72698 3.64806 7.71489 3.54623 4.87065 4.6338 3.44683 4.18039 3.8403 3.81353 3.58717 3.47666 3.84381 3.38882 3.38584 3.32916
threshold=29.500000000000004 1.5000000000000002 7.5000000000000009 7.5000000000000009 39.500000000000007 6.5000000000000009 1.5000000000000002 5.5000000000000009 1.5000000000000002 4.5000000000000009 70.450000000000017 9.5000000000000018 -25.499999999999996 49.400000000000006 11.500000000000002 56.500000000000007 93.500000000000014 503.50000000000006 49.500000000000007 8.5000000000000018 20.500000000000004 1.0000000180025095e-35 15.500000000000002 1.5000000000000002 17.500000000000004 2.5000000000000004 463.50000000000006 10.500000000000002 528.50000000000011 16.500000000000004
decision_type=2 2 2 2 2 2 2 2 2 2 2 2 2 2 2 2 2 2 2 2 2 2 2 2 2 2 2 2 2 2
left_child=1 2 3 7 5 8 -2 -1 11 -10 13 -3 -7 -11 -8 -12 -17 20 19 -19 21 23 -22 24 -5 26 -25 -21 -20 -28
right_child=6 4 -4 17 -6 12 14 -9 9 10 15 -13 -14 -15 -16 16 -18 18 28 27 22 -23 -24 25 -26 -27 29 -29 -30 -31
leaf_value=-0.045562060242299578 0.021550947126933472 -0.061386624715544041 0.016259520908308508 -0.035434240276740463 0.10867356662100498 -0.16213513733918616 0.0011560419637955397 -0.011556518746699981 0.00079779435153096677 0.068214632891826776 0.054792515574482073 0.12440006836572846 0.097338994734789033 -0.011281511903323327 0.035358740321583461 -0.055752314781466111 0.127310954651909 0.010642042265494638 0.031204240494253372 0.11038598874370296 0.082821033138144415 0.0033904282577952288 -0.15362655808504153 -0.00601130640239032 0.0015978001721054505 0.072684104228522353 0.0040251216046397918 -0.19358636295955775 -0.12245148764279948 -0.10276165126711355
leaf_weight=119.41127069815593 220.46978923483402 14.158107766752435 76.179823164839036 153.33257060184224 4.9275311102101105 0.61354313418269057 418.64524786363472 54.705253206569978 381.19439567998688 7.1097276188738752 49.990383992610077 1.2748000907740777 8.3438492920249683 42.25520392827093 34.483554321341217 8.6527070770025585 3.1366438886761889 47.75722841760944 2.1753957276232532 7.1816187795775468 6.2246945195365688 105.72850876534903 0.77210678043775249 141.7328343324516 31.53766783154424 5.1659941558900746 4.6043649934435944 0.38649675250053395 4.2081845735665411 7.9779003148723859
leaf_count=64954 1886 1142 5803 12267 31 3 4049 7368 11850 188 852 18 99 824 271 182 47 796 23 58 61 4786 5 4465 756 98 95 1 58 130
internal_value=0 -0.0050007 -0.0129514 -0.0161629 0.00672105 0.00574883 0.00958226 -0.0348779 0.00444665 0.00602922 0.0239715 -0.0460401 0.0795661 0.000167829 0.0037589 0.0429918 -0.00704698 -0.00988174 0.0126197 0.0221628 -0.0129196 -0.0140023 0.0567287 -0.0193426 -0.0291168 -0.00801225 -0.0107137 0.0948624 -0.0700887 -0.063684
internal_weight=0 1290.74 769.082 692.902 521.657 516.729 673.599 174.117 507.772 492.339 111.145 15.4329 8.95739 49.3649 453.129 61.7797 11.7894 518.786 61.7089 55.3253 457.077 450.08 6.9968 344.351 184.87 159.481 154.315 7.56812 6.38358 12.5823
internal_count=123166 116960 101724 95921 15236 15205 6206 72322 15103 13943 2093 1160 102 1012 4320 1081 229 23599 936 855 22663 22597 66 17811 13023 4788 4690 59 81 225
is_linear=0
shrinkage=0.1


Tree=56
num_leaves=31
num_cat=0
split_feature=8 4 14 8 9 6 0 5 13 1 0 20 16 3 18 3 12 20 3 16 7 5 22 7 16 6 11 15 9 20
split_gain=7.67486 9.69165 10.5423 6.60054 6.59598 5.3406 8.05082 5.34134 4.90052 5.59096 5.53683 4.67584 4.37851 4.08332 4.25596 4.06748 4.03659 4.02837 3.98343 5.17837 4.59693 3.83901 3.61161 4.72571 3.9202 3.57335 3.52184 3.48953 4.01728 3.46833
threshold=6.5000000000000009 2.5000000000000004 18.500000000000004 4.5000000000000009 2.5000000000000004 14.500000000000002 6.5000000000000009 2.5000000000000004 12.500000000000002 9.5000000000000018 12.500000000000002 813.50000000000011 84.300000000000026 9.5000000000000018 9.5000000000000018 7.5000000000000009 1.0000000180025095e-35 297.50000000000006 4.5000000000000009 41.800000000000004 7.5000000000000009 3.5000000000000004 26.500000000000004 14.500000000000002 88.350000000000009 5.5000000000000009 1.0000000180025095e-35 17.500000000000004 13.500000000000002 607.50000000000011
decision_type=2 2 2 2 2 2 2 2 2 2 2 2 2 2 2 2 2 2 2 2 2 2 2 2 2 2 2 2 2 2
left_child=1 2 4 17 -1 6 -6 26 9 11 -11 13 16 14 -8 22 -10 18 19 -3 25 29 23 24 -2 27 -7 -20 -29 -4
right_child=15 3 21 -5 5 7 8 -9 12 10 -12 -13 -14 -15 -16 -17 -18 -19 20 -21 -22 -23 -24 -25 -26 -27 -28 28 -30 -31
leaf_value=-0.097939183433015095 -0.0020920881247914387 0.084427024820581564 -0.00043410036533128463 0.062071856437610796 -0.084181052359566078 -0.0090158782154066506 -0.036486993460996243 0.18511761332795346 0.17851424925445464 -0.024681068624294991 0.0018527987947266709 0.10245856826578055 0.11347530338405619 0.0030849433797029268 0.039411033012206741 0.046522052558402568 -0.029129149724794624 0.020538492006198089 -0.0076629259328819367 -0.035710148263645755 0.13324640522215958 0.14090820528570888 0.019591328115463776 0.11615337963915727 0.08113634742721075 0.065277578593052291 0.041317000640290404 0.049841506370466283 -0.15233023985325417 0.023508933879016689
leaf_weight=9.5939975184519408 258.81481040785366 3.8910434237914151 347.89578926116155 23.692815549264196 17.466362339273473 40.354270732048462 217.23109985059909 1.7576804520795111 1.0765194768900963 126.04985640541418 209.10389473171381 2.7343774558976284 5.4395232758251941 34.408226232950256 7.648281155352378 30.209595860680565 7.1836538620482315 134.23208216558851 103.49241574620828 46.050638658532989 2.8117653368972233 2.0500104185193768 179.43565377016785 3.5328940391773349 5.7858410978296879 8.8804697659215872 21.207410169809009 18.071759055601436 1.0393881760537613 73.23727748352394
leaf_count=16190 3995 94 6266 206 22650 3819 43406 25 15 10137 3844 31 95 1510 986 249 201 1526 2117 1721 27 14 1663 17 77 117 1220 122 5 821
internal_value=0 -0.00358593 -0.0080702 0.0111506 -0.0155921 -0.0144498 -0.0172393 0.0132309 -0.0153253 -0.0166818 -0.00812647 -0.0276251 0.0438091 -0.0289969 -0.0339057 0.0110075 -0.00206771 0.00736224 -0.00223773 -0.0263501 0.00672912 0.00439425 0.00861033 0.00126182 -0.000272189 0.00402356 0.00832332 -0.000413212 0.0388461 0.00372972
internal_weight=0 1466.6 1124.44 342.162 701.255 691.661 628.342 63.3194 610.875 597.176 335.154 262.022 13.6997 259.288 224.879 477.779 8.26017 318.47 184.237 49.9417 134.296 423.183 447.569 268.134 264.601 131.484 61.5617 122.604 19.1111 421.133
internal_count=123166 117165 111230 5935 104129 87939 82875 5064 60225 59914 13981 45933 311 45902 44392 6001 216 5729 4203 1815 2388 7101 5752 4089 4072 2361 5039 2244 127 7087
is_linear=0
shrinkage=0.1


Tree=57
num_leaves=31
num_cat=0
split_feature=5 7 22 13 2 4 12 14 16 16 16 3 16 20 22 16 17 14 2 26 22 14 12 10 22 16 19 20 13 13
split_gain=7.4061 6.69682 8.64267 7.3639 6.01506 7.03121 5.90075 5.7253 7.20448 5.46925 5.04594 4.64569 4.53261 4.33018 4.19256 4.2044 5.15981 5.95605 4.04198 3.98476 3.94028 3.8846 3.86591 3.82042 4.36616 4.22767 4.03172 4.25501 4.15378 5.26799
threshold=1.0000000180025095e-35 5.5000000000000009 6.5000000000000009 9.5000000000000018 25.500000000000004 4.5000000000000009 5.5000000000000009 19.500000000000004 58.400000000000006 53.000000000000007 55.45000000000001 9.5000000000000018 80.200000000000017 568.50000000000011 82.500000000000014 62.150000000000013 1.5000000000000002 12.500000000000002 39.500000000000007 1.0000000180025095e-35 72.500000000000014 25.500000000000004 13.500000000000002 1.0000000180025095e-35 45.500000000000007 60.800000000000004 1.0000000180025095e-35 209.50000000000003 3.5000000000000004 5.5000000000000009
decision_type=2 2 2 2 2 2 2 2 2 2 2 2 2 2 2 2 2 2 2 2 2 2 2 2 2 2 2 2 2 2
left_child=1 2 11 6 5 19 7 8 -4 -8 -11 -1 -5 -10 15 16 -7 -18 -6 -2 -21 -13 -16 26 -25 -26 27 -12 -28 -30
right_child=4 -3 3 12 18 14 9 -9 13 10 23 21 -14 -15 22 -17 17 -19 -20 20 -22 -23 -24 24 25 -27 28 -29 29 -31
leaf_value=-0.03118626940311206 -0.012342237608397668 0.0072343763625281696 0.01634760386823032 -0.0043566612783661994 0.013431112966595658 0.10498006196890018 -0.11430545752821318 0.0094013448760681961 -0.036783054523982582 0.12294842409706389 0.058532302985458001 0.027155466684660096 0.068447312796325974 0.035606074943165041 -0.06103525176903786 0.049349637591883551 -0.091905402063596667 0.079368914134000157 0.068219579165227112 0.017788383358613193 0.16809659022642448 -0.085634865781895053 0.10889745226866057 0.042253717943864677 0.12834080640146972 -0.018209015655992516 -0.0080126420619144583 -0.035357534120757816 0.053371359139019581 -0.017644869746436091
leaf_weight=209.73922638562044 274.96391530326127 308.37986360304512 35.462396640148654 13.935080433904657 426.97045739290479 2.8573116995394221 3.8233538297645273 64.442280446033692 164.03407975799564 3.6484768560039802 5.3521328521128444 23.785881327632527 22.134569815723808 8.7017709895153512 8.4239024743437749 48.58104619383812 7.687430599704383 2.7590751834213734 13.903781385160981 23.963184866044688 1.8809608316369111 3.5032663282472631 1.5917024910449971 46.61860710135079 2.1261639827716889 26.542123895647819 75.415740120486589 49.180919924241607 31.509906271996442 15.625265615788519
leaf_count=44780 28734 9673 3830 413 4692 19 81 898 20713 54 510 1086 493 214 67 378 66 16 116 1242 58 43 14 917 23 692 1281 1558 348 157
internal_value=0 -0.00529735 -0.0100945 -0.00340673 0.00725315 -0.00209858 -0.00636875 -0.0166456 -0.0247078 0.00441428 0.00618723 -0.0261364 0.0403204 -0.0331364 0.0259952 0.0357096 -0.014099 -0.0466693 0.015159 -0.00881366 0.028728 0.0126759 -0.0340292 0.00449923 0.023369 -0.00734025 -0.0035232 -0.0261427 0.00654211 0.0298295
internal_weight=0 1113.96 805.581 568.553 813.583 372.709 532.483 272.641 208.198 259.843 256.019 237.028 36.0697 172.736 71.9005 61.8849 13.3038 10.4465 440.874 300.808 25.8441 27.2891 10.0156 252.371 75.2869 28.6683 177.084 54.5331 122.551 47.1352
internal_count=123166 87764 78091 32182 35402 30594 31276 25655 24757 5621 5540 45909 906 20927 560 479 101 82 4808 30034 1300 1129 81 5486 1632 715 3854 2068 1786 505
is_linear=0
shrinkage=0.1


Tree=58
num_leaves=31
num_cat=0
split_feature=2 4 2 6 23 9 6 15 5 9 4 7 14 13 3 7 20 13 3 12 3 0 20 13 19 16 20 1 3 20
split_gain=7.73086 9.69406 6.99902 5.12959 4.69324 5.30081 4.4374 7.35268 4.41666 4.43411 4.26929 4.72349 5.25797 4.03227 3.89314 3.66188 3.59574 3.86035 3.59222 3.45716 3.45022 4.25755 3.82169 3.38841 3.86496 5.13598 4.55384 5.23947 4.32001 3.31766
threshold=28.500000000000004 2.5000000000000004 20.500000000000004 3.5000000000000004 1.0000000180025095e-35 9.5000000000000018 23.500000000000004 9.5000000000000018 2.5000000000000004 8.5000000000000018 1.5000000000000002 1.5000000000000002 28.500000000000004 13.500000000000002 8.5000000000000018 9.5000000000000018 500.50000000000006 9.5000000000000018 5.5000000000000009 10.500000000000002 12.500000000000002 25.500000000000004 532.50000000000011 7.5000000000000009 1.0000000180025095e-35 85.100000000000009 532.50000000000011 6.5000000000000009 7.5000000000000009 765.50000000000011
decision_type=2 2 2 2 2 2 2 2 2 2 2 2 2 2 2 2 2 2 2 2 2 2 2 2 2 2 2 2 2 2
left_child=1 2 6 13 5 -3 7 14 9 -8 11 12 -2 16 -1 -5 -4 23 -6 -7 -13 22 -22 24 -18 26 27 -26 29 -28
right_child=10 4 3 15 18 19 8 -9 -10 -11 -12 20 -14 -15 -16 -17 17 -19 -20 -21 21 -23 -24 -25 25 -27 28 -29 -30 -31
leaf_value=-0.079684451494049541 -0.024474113252022662 0.0093514023704871236 -0.012938488258786428 0.035474812288636894 -0.015126058021406744 0.041979075869309698 0.039383495202232749 -0.022583018353088489 0.15772085727674184 -0.027350842854977638 0.025921771204970048 0.006590991812244415 0.081838646272952828 0.06506245010629659 0.058697625765778784 -0.16345715465458691 -0.023597576912688652 -0.089412162479856963 0.011053165349134898 0.11807228853510343 0.028478354889031155 -0.040825017600140734 0.15222040303009571 0.068020096513921824 -0.10362308148478948 0.12476521600656065 -0.028468707538316887 0.073463473562414824 0.079876543760964674 0.14325433113364724
leaf_weight=38.151561174003291 76.181001995195402 61.105401450808131 453.2443961253357 35.912512256662012 83.440641617802612 29.954204144596588 14.442527299690481 113.41862014107392 1.6948798577650439 32.054615928223939 109.67765465332195 579.16791223813198 4.9546416068915269 7.4213866469799532 2.1474456615433146 0.9497987482463931 29.750456615685835 3.9140505865580044 140.96013825014961 7.4571688929572693 4.9690415393561107 3.2709096940234295 5.0146270492114127 9.678593177610308 1.87356983580685 4.3896783879463319 29.689265423548935 15.43523098801961 4.8155189125827738 1.169371224939822
leaf_count=44948 1053 1155 19903 586 2358 254 2156 37429 10 1273 870 5761 40 92 320 12 1390 166 2025 47 55 24 21 286 53 51 505 241 71 11
internal_value=0 -0.00531814 -0.0112203 -0.00578687 0.00930666 0.0275015 -0.027319 -0.0356197 -0.00084258 -0.00662242 0.00762561 0.00464639 -0.017982 -0.00815969 -0.0723104 0.0303491 -0.00914064 0.00795055 0.00131875 0.0571467 0.00774548 0.0581915 0.0906319 0.0118873 0.00565144 0.0208184 0.0122064 0.054295 -0.00821464 -0.0219614
internal_weight=0 1123.07 800.153 598.244 322.918 98.5168 201.91 153.718 48.192 46.4971 783.236 673.558 81.1356 561.382 40.299 36.8623 553.96 100.716 224.401 37.4114 592.422 13.2546 9.98367 96.8017 87.1231 57.3726 52.983 17.3088 35.6742 30.8586
internal_count=123166 115342 109503 23367 5839 1456 86136 82697 3439 3429 7824 6954 1093 22769 45268 598 22677 2774 4383 301 5861 100 76 2608 2322 932 881 294 587 516
is_linear=0
shrinkage=0.1


Tree=59
num_leaves=31
num_cat=0
split_feature=22 9 4 14 13 2 23 21 3 1 7 16 10 2 22 4 16 16 1 20 14 4 16 3 21 1 3 18 7 14
split_gain=6.8863 5.28136 5.6009 5.3482 5.21757 4.85821 4.55293 5.51333 4.85912 3.83868 4.1053 4.80424 3.72679 4.45952 3.71719 3.62812 3.59203 5.0786 3.58886 4.4646 3.57611 3.67337 3.48243 4.10785 3.4284 3.3772 3.20247 3.5516 3.65229 3.18112
threshold=-1.0000000180025095e-35 15.500000000000002 1.5000000000000002 18.500000000000004 3.5000000000000004 32.500000000000007 1.0000000180025095e-35 1.0000000180025095e-35 2.5000000000000004 15.500000000000002 5.5000000000000009 60.800000000000004 3.5000000000000004 19.500000000000004 17.500000000000004 6.5000000000000009 81.300000000000026 79.000000000000014 7.5000000000000009 419.50000000000006 7.5000000000000009 5.5000000000000009 57.800000000000004 6.5000000000000009 3.5000000000000004 11.500000000000002 6.5000000000000009 3.5000000000000004 6.5000000000000009 15.500000000000002
decision_type=2 2 2 2 2 2 2 2 2 2 2 2 2 2 2 2 2 2 2 2 2 2 2 2 2 2 2 2 2 2
left_child=5 2 3 6 15 12 9 8 -8 10 -2 22 13 -1 18 25 17 24 19 -10 -15 -22 23 29 -6 -4 27 28 -3 -12
right_child=1 26 4 -5 16 -7 7 -9 14 -11 11 -13 -14 20 -16 -17 -18 -19 -20 -21 21 -23 -24 -25 -26 -27 -28 -29 -30 -31
leaf_value=-0.050177649687394299 -0.010116897371741377 -0.0016586636727948531 0.00017107285801819155 0.0059139956345789259 0.036847026894791544 0.0065098759816064741 -0.10318361800005223 -0.0840551641218686 -0.12786489130024392 -0.030902478923491211 -0.0052774428688759168 0.023696983866052838 0.031097600747371126 0.031771082824209235 -0.027876315395554969 0.084121814007532186 0.078017199763164777 -0.082655341161999407 0.081524500337739864 0.10092504232203188 -0.020514362853134072 0.15054756947376297 -0.089768144446020284 0.12543446026177724 -0.20038604959720008 0.024494906344139273 0.05849987586512452 0.055173649143614667 0.031129353809552208 -0.12903302514039869
leaf_weight=46.057932524636271 294.55944650716629 101.7386211551493 333.24073105552816 330.05280207333271 40.152234618930379 100.52461996907368 5.3471958101217743 17.512315567846599 2.1893981411303716 59.790485298217391 19.587226573366944 88.326067913218139 13.934427897598651 14.690789303716882 18.217435840775579 5.7815770646557203 15.735413580754537 4.1669208676321423 8.0535160347790207 1.3972443479287902 192.79241909550001 1.2635572189465154 6.1328405017629839 2.1834321934729806 0.61855726441717607 68.879664699663408 18.174965648911893 18.964279006468132 51.004917392041534 2.3234462965046978
leaf_count=44191 31944 842 8436 4116 496 1124 2299 3611 941 907 768 2998 573 863 2410 91 171 63 304 31 14355 5 226 28 10 659 158 133 380 33
internal_value=0 0.00298613 0.000749734 -0.00406287 0.00953811 -0.0122444 -0.0103276 -0.038203 -0.0153942 -0.00722023 -0.00379266 0.0119207 -0.0192596 -0.0220134 0.000328013 0.00546839 0.0368986 0.0225005 0.0444692 -0.0387354 -0.0157993 -0.0194005 -0.0224908 -0.00536621 0.0332478 0.00433753 0.0185828 0.0143577 0.00929008 -0.0184007
internal_weight=0 1514.13 1324.25 855.673 468.575 369.264 525.62 52.7171 35.2048 472.903 413.112 118.553 268.739 254.805 29.8576 407.902 60.6731 44.9377 11.6402 3.58664 208.747 194.056 30.2269 24.0941 40.7708 402.12 189.883 171.708 152.744 21.9107
internal_count=123166 62055 60542 50616 9926 61111 46500 9596 5985 36904 35997 4053 59987 59414 3686 9186 740 569 1276 972 15223 14360 1055 829 506 9095 1513 1355 1222 801
is_linear=0
shrinkage=0.1


Tree=60
num_leaves=31
num_cat=0
split_feature=2 3 4 4 9 7 3 15 4 6 15 2 6 11 14 10 12 21 20 22 16 20 5 8 17 3 16 2 8 6
split_gain=6.24971 9.08007 5.69578 4.63182 4.60668 4.35119 5.1259 4.24754 4.05024 4.03334 4.6908 5.06186 3.92522 3.73274 4.50906 3.73632 5.93279 5.14391 5.70979 4.58569 4.5669 3.72577 3.57048 4.50771 4.24868 3.71707 4.37595 3.82441 3.75651 3.31357
threshold=24.500000000000004 4.5000000000000009 3.5000000000000004 5.5000000000000009 5.5000000000000009 2.5000000000000004 12.500000000000002 15.500000000000002 1.0000000180025095e-35 3.5000000000000004 22.500000000000004 30.500000000000004 40.500000000000007 1.5000000000000002 25.500000000000004 1.0000000180025095e-35 4.5000000000000009 1.0000000180025095e-35 263.50000000000006 71.500000000000014 67.050000000000026 642.50000000000011 1.5000000000000002 7.5000000000000009 2.5000000000000004 1.5000000000000002 70.15000000000002 32.500000000000007 3.5000000000000004 1.5000000000000002
decision_type=2 2 2 2 2 2 2 2 2 2 2 2 2 2 2 2 2 2 2 2 2 2 2 2 2 2 2 2 2 2
left_child=1 4 9 5 -1 6 21 -4 -6 13 -11 -12 -10 22 15 16 19 -17 -19 29 -21 -3 23 -2 -25 26 -24 -27 -29 -15
right_child=2 3 7 -5 8 -7 -8 -9 12 10 11 -13 -14 14 -16 17 -18 18 -20 20 -22 -23 25 24 -26 27 -28 28 -30 -31
leaf_value=-0.053045524312962306 -0.0057864002132478488 -0.014861112503118458 -0.10665323496328788 0.043854222114088369 -0.033793451177817284 0.011307256528691972 0.06362697246820119 0.08374265673986743 -0.0095108322217558258 0.064932863109119526 -0.15498506645072313 0.040217454543164069 0.079559653386359508 0.057397932425714976 0.065829126709595245 0.010559747999010504 -0.01143088648707572 -0.18853027334755137 0.096703153670435346 0.12381012066996891 -0.080562369911942072 0.1167936018743046 -0.15095046123289313 0.0099390957926120335 0.17425889923929716 0.010291127644712074 0.066567514514750209 -0.025243400349657427 0.075487588304319522 -0.13939076449735774
leaf_weight=39.928737205445486 662.38907423258934 203.58358412355665 1.2862358186393965 24.693617383483797 84.871408611287734 166.28956645595827 9.0007353945984487 13.160043202340601 145.82564795415055 20.289533878676597 2.2384507595561436 3.2676490489393473 5.1213752981275311 30.259950959793063 16.326149285916472 27.410958360793302 91.371864790722611 0.73736417572945256 14.554936536733292 1.3720585249830026 5.3835225366055965 2.1724682987696715 2.6351278253132469 202.3224313712999 1.5858605094254006 63.395350620368845 1.4250266186427323 4.5450749173760441 19.963188187917694 0.88054789887973939
leaf_count=39357 11501 22369 13 244 19338 13512 200 114 10973 183 20 26 76 361 126 316 1099 14 119 10 54 86 41 2006 7 767 17 38 167 12
internal_value=0 -0.00763252 0.00438277 0.00188332 -0.0216343 -0.000836591 -0.0102398 0.0667906 -0.0163158 0.00361375 0.0427184 -0.0391402 -0.00648882 0.00273396 0.0156057 0.0108377 0.0023658 0.0364831 0.0829498 0.0356312 -0.0390543 -0.013471 0.000204683 -0.00178414 0.0112171 0.0189394 -0.0746063 0.0232601 0.056807 0.0518334
internal_weight=0 681.487 1186.8 405.74 275.747 381.046 214.757 14.4463 235.818 1172.35 25.7956 5.5061 150.947 1146.56 188.297 171.971 129.268 42.7033 15.2923 37.8961 6.75558 205.756 958.261 866.297 203.908 91.9638 4.06015 87.9036 24.5083 31.1405
internal_count=123166 106155 17011 36411 69744 36167 22655 127 30387 16884 229 46 11049 16655 2111 1985 1536 449 133 437 64 22455 14544 13514 2013 1030 58 972 205 373
is_linear=0
shrinkage=0.1


Tree=61
num_leaves=31
num_cat=0
split_feature=22 2 3 4 9 4 20 3 22 22 6 4 7 10 3 14 10 13 1 20 6 7 14 2 13 0 10 7 14 3
split_gain=6.28106 5.3599 6.17048 5.13388 4.3889 4.20154 3.70445 3.52771 3.50498 3.38399 3.02645 3.32625 3.41134 4.5504 4.20459 3.8039 3.2388 3.14875 3.75025 3.03656 2.96503 2.94344 4.09199 2.89622 3.8353 3.23103 3.09936 3.98706 3.28398 2.95464
threshold=-1.0000000180025095e-35 25.500000000000004 4.5000000000000009 1.5000000000000002 4.5000000000000009 2.5000000000000004 335.50000000000006 12.500000000000002 -50.499999999999993 56.500000000000007 36.500000000000007 4.5000000000000009 2.5000000000000004 3.5000000000000004 12.500000000000002 14.500000000000002 1.0000000180025095e-35 1.0000000180025095e-35 7.5000000000000009 642.50000000000011 59.500000000000007 11.500000000000002 9.5000000000000018 34.500000000000007 4.5000000000000009 15.500000000000002 1.0000000180025095e-35 2.5000000000000004 26.500000000000004 11.500000000000002
decision_type=2 2 2 2 2 2 2 2 2 2 2 2 2 2 2 2 2 2 2 2 2 2 2 2 2 2 2 2 2 2
left_child=4 2 5 21 -1 20 9 -5 -6 -7 11 12 13 14 19 -14 -17 -15 -19 -4 -2 -3 -23 29 -25 -26 27 -27 -29 -10
right_child=1 3 10 7 8 6 -8 -9 23 -11 -12 -13 15 17 -16 16 -18 18 -20 -21 -22 22 -24 24 25 26 -28 28 -30 -31
leaf_value=-0.060934835222752504 -0.02470330659482102 0.0036851578273368671 -0.024211408561295313 0.027359621184235294 -0.052204605294391693 0.0033009439186775951 0.043260937219557233 -0.10634272551302343 -0.013118012197185884 -0.065299272345155895 0.054497276233451887 0.022769215812816684 -0.0018639565469053721 -0.025954212932026585 0.068377207830829914 0.012189315970553796 0.066185457147224222 0.073457159274131267 -0.078382321692185716 0.089490068526449945 0.12020542234330389 -0.15748599311304892 0.064227157243701358 0.032547819353813914 -0.1061443864522895 -0.13457785481888479 0.072973697900737988 -0.026217404083978449 0.11925714696022092 0.051781034671106098
leaf_weight=17.34359125789706 188.34351010216415 685.19603649817873 131.50657396321549 139.88895762711763 18.094724759606834 39.769132606801577 18.719673374667764 2.0016374215483657 259.67730200079041 8.7779852385428949 11.497726280591449 66.247415005695075 103.00057548489713 6.9437578102661091 5.3312428903882383 29.755280390108965 17.726367039824254 13.517738051596096 1.8491502904798824 2.3915323388064271 1.4226836878806342 0.88912335783243079 13.056758053600786 37.05836130795069 3.6905755065381554 2.7164570884779122 4.0825784858316174 7.93054201453924 1.9292644113302229 7.2097673273674436
leaf_count=23999 31292 7033 11935 1097 8154 950 178 19 28316 334 125 536 5978 171 126 1377 468 233 47 53 11 5 87 303 41 28 28 69 10 163
internal_value=0 0.00286701 -0.00397718 0.00813058 -0.0118578 -0.0160049 0.00546942 0.0254735 -0.0093718 -0.00910292 0.00395451 0.00241824 -0.00190261 -0.0119945 -0.018713 0.00893086 0.0323477 0.0299325 0.0551858 -0.0221806 -0.0236169 0.00461084 0.0500918 -0.00698185 0.0133944 -0.021486 -0.00273091 -0.0273066 0.00224754 -0.0113648
internal_weight=0 1487.83 646.8 841.033 359.733 257.033 67.2668 141.891 342.39 48.5471 389.767 378.27 312.022 161.54 139.229 150.482 47.4816 22.3106 15.3669 133.898 189.766 699.142 13.9459 324.295 57.4078 20.3494 16.6588 12.5763 9.85981 266.887
internal_count=123166 62055 53814 8241 61111 32765 1462 1116 37112 1284 21049 20924 20388 12565 12114 7823 1845 451 280 11988 31303 7125 92 28958 479 176 135 107 79 28479
is_linear=0
shrinkage=0.1


Tree=62
num_leaves=31
num_cat=0
split_feature=2 4 22 9 3 15 1 7 1 11 0 6 10 23 17 7 7 22 19 22 16 15 16 14 21 4 9 22 7 3
split_gain=6.20623 6.99094 5.44367 4.10948 3.67442 3.55028 3.39662 3.28136 3.28209 5.21332 3.08357 3.27294 3.03614 3.52818 3.03139 3.28635 2.99691 2.96771 2.6602 2.57159 3.3994 3.65036 4.16798 4.83369 3.86641 3.28916 3.44703 3.15008 3.72441 3.12877
threshold=29.500000000000004 1.5000000000000002 -35.499999999999993 3.5000000000000004 1.5000000000000002 26.500000000000004 2.5000000000000004 11.500000000000002 20.500000000000004 1.5000000000000002 6.5000000000000009 56.500000000000007 3.5000000000000004 1.0000000180025095e-35 6.5000000000000009 6.5000000000000009 9.5000000000000018 53.500000000000007 8.5000000000000018 -4.4999999999999991 80.200000000000017 27.500000000000004 68.250000000000014 20.500000000000004 2.5000000000000004 1.5000000000000002 9.5000000000000018 -5.4999999999999991 3.5000000000000004 13.500000000000002
decision_type=2 2 2 2 2 2 2 2 2 2 2 2 2 2 2 2 2 2 2 2 2 2 2 2 2 2 2 2 2 2
left_child=1 2 -1 -4 16 7 -2 8 10 -10 11 -5 -12 17 15 -6 -3 -14 19 20 21 22 24 -24 27 -21 -27 -8 -29 -25
right_child=6 4 3 5 14 -7 18 -9 9 -11 12 -13 13 -15 -16 -17 -18 -19 -20 25 -22 -23 23 29 -26 26 -28 28 -30 -31
leaf_value=-0.071662711184934225 -0.17987963450736213 -0.057725983079214852 -0.049123360515369106 -0.055022306675479415 0.0025571700778967183 -0.12256752362751558 0.010292271222841801 0.03668480231406919 0.09654792471884184 -0.17959816012450469 -0.0091820141200513791 0.12110088195152986 0.053307134511124302 -0.10458629857278688 0.050718705933510112 0.033392742512227507 0.11534600537468885 -0.073034385557352324 0.15541957138433649 0.0082029520175538953 -0.044633142533579993 0.046642275990126353 -0.055944406641671607 0.0010226917530430915 -0.14994519081824839 -0.012909694863322413 0.044862471507512443 -0.19265437324438719 0.1254922759404169 0.17685222122692523
leaf_weight=14.261961611405694 0.96088083134964009 13.316321758952652 24.940041787352584 20.74423472135641 418.44652544657038 2.6843052350450298 47.566622201673454 16.51994248632036 5.6094127919059238 0.7785406905459239 608.18269717616477 1.1116713499650348 18.272041441377958 1.8279228319443053 15.04987968696514 37.674726597553672 1.0817865718563542 2.0698193236021316 1.2262876350432623 439.87102217855863 18.158052546961699 15.750957233831285 25.748014055308886 17.062379388080448 1.4095024000853289 13.067730492912231 49.256920896936208 0.40371804125606914 4.1545717921108007 1.0758317341096688
leaf_count=21254 7 1143 21349 14255 13315 56 760 324 64 13 43840 15 366 146 161 599 18 42 12 3415 396 133 526 383 14 100 429 9 16 6
internal_value=0 -0.00422457 -0.010499 -0.00925774 0.00504046 -0.00779086 0.00799158 -0.0073345 -0.00843867 0.0628922 -0.0091373 -0.046064 -0.00785696 0.0284931 0.00656112 0.00510413 -0.0447224 0.0404517 0.00827598 0.00799116 -0.00446758 0.00197687 -0.00524463 -0.0280896 0.0134831 0.0112493 0.0327493 0.0179023 0.0973147 0.0114517
internal_weight=0 1202.57 717.003 702.741 485.569 677.801 635.712 675.116 658.596 6.38795 652.208 21.8559 630.352 22.1698 471.171 456.121 14.3981 20.3419 634.752 633.525 131.33 113.172 97.4206 43.8862 53.5344 502.196 62.3247 52.1249 4.55829 18.1382
internal_count=123166 116960 101724 80470 15236 59121 6206 59065 58741 77 58664 14270 44394 554 14075 13914 1161 408 6199 6187 2243 1847 1714 915 799 3944 529 785 25 389
is_linear=0
shrinkage=0.1


Tree=63
num_leaves=31
num_cat=0
split_feature=2 4 2 6 6 9 6 8 2 22 22 18 3 19 10 2 11 2 3 7 22 3 6 12 22 0 12 20 22 0
split_gain=5.61668 5.93122 7.23869 5.19557 5.02551 4.13585 4.06955 3.92121 3.65709 5.25808 3.62668 3.46288 3.25586 3.09127 4.01686 3.08791 3.00317 3.52335 2.98203 2.90768 6.81316 4.2231 3.52732 2.95491 4.77906 3.22945 5.07421 4.32504 2.90381 4.04963
threshold=32.500000000000007 3.5000000000000004 20.500000000000004 22.500000000000004 1.0000000180025095e-35 5.5000000000000009 3.5000000000000004 7.5000000000000009 23.500000000000004 82.500000000000014 -18.499999999999996 6.5000000000000009 6.5000000000000009 1.0000000180025095e-35 1.0000000180025095e-35 39.500000000000007 1.0000000180025095e-35 18.500000000000004 3.5000000000000004 9.5000000000000018 55.500000000000007 7.5000000000000009 2.5000000000000004 10.500000000000002 33.500000000000007 15.500000000000002 11.500000000000002 478.50000000000006 17.500000000000004 9.5000000000000018
decision_type=2 2 2 2 2 2 2 2 2 2 2 2 2 2 2 2 2 2 2 2 2 2 2 2 2 2 2 2 2 2
left_child=1 2 3 10 5 15 19 16 9 -3 -1 -8 -11 14 -12 -2 -5 18 -18 23 21 28 -22 -4 25 26 -25 -28 -21 -30
right_child=4 8 6 7 -6 -7 11 -9 -10 12 13 -13 -14 -15 -16 -17 17 -19 -20 20 22 -23 -24 24 -26 -27 27 -29 29 -31
leaf_value=-0.082034590197485879 -0.058111555574034218 0.014818684410144306 -0.0056198235073478316 -0.0036230785602716477 0.054629256259261433 0.010839276052507696 0.020995599557476471 -0.086507105496820558 0.059759719557072349 0.0076442773849384237 -0.052516207106420569 0.13646588561208745 -0.085115902234782298 -0.0022946226174073874 -0.017875551560860747 0.10467885849130472 -0.048227638746798168 0.12252912037577098 0.055180652869155224 -0.0015172614986345657 -0.11021442522278027 0.11972273196031842 0.15097138884138578 0.06882330973073196 0.040063142768568399 -0.05787383140234529 -0.095454878660279407 0.10821519032949523 -0.13134219768507494 0.054570743625754994
leaf_weight=11.544940142039193 13.262553881388156 164.39814535266487 881.08920590168964 27.079493842914417 25.285111264092848 291.27013930806424 41.576298429565213 3.963106307135603 15.78921501431614 6.5349469342036164 55.987677475533928 2.7701955154479938 8.9885531868785602 47.64330586057531 83.247604408045845 1.2774499133229245 4.1031453273190008 4.7972718311357303 8.7051294886005035 28.321651490819931 5.2962909010238937 4.6524747163057318 0.57300639152526844 7.7690636842744443 36.559840186382644 10.805461756928706 4.9169691080460325 1.3232332579791544 1.2328841673443118 23.58748126460705
leaf_count=29468 144 1899 26583 2658 204 2498 651 147 147 105 31893 24 102 7489 16753 8 531 75 262 487 70 31 2 112 405 136 60 14 30 178
internal_value=0 -0.00261273 -0.00506039 -0.0204614 0.0117836 0.00824097 -0.00143807 0.00882515 0.013615 0.00956555 -0.0276417 0.0282087 -0.0460665 -0.0242814 -0.0318049 -0.0438092 0.0172801 0.0494319 0.0220537 -0.00274479 0.0179391 0.0283642 -0.0847154 -0.00414199 0.0170736 -0.0167971 0.0148857 -0.0522667 0.0203659 0.045336
internal_weight=0 1493.26 1297.55 247.072 331.095 305.81 1050.47 48.6481 195.711 179.922 198.424 44.3465 15.5235 186.879 139.235 14.54 44.685 17.6055 12.8083 1006.13 63.6638 57.7945 5.8693 942.464 61.3746 24.8147 14.0093 6.2402 53.142 24.8204
internal_count=123166 120312 118059 89276 2854 2650 28783 3673 2253 2106 85603 675 207 56135 48646 152 3526 868 793 28108 798 726 72 27310 727 322 186 74 695 208
is_linear=0
shrinkage=0.1


Tree=64
num_leaves=31
num_cat=0
split_feature=12 2 4 7 9 10 22 14 22 16 1 22 11 3 18 12 13 14 6 2 16 3 20 10 20 22 8 1 16 19
split_gain=5.43074 5.26046 5.10825 4.42482 4.14358 3.67122 5.06202 4.26549 3.5786 4.3425 3.34378 3.18694 3.05142 4.43698 3.75216 3.69447 3.47238 4.627 5.10809 4.4453 3.67061 3.22574 3.71128 3.3222 2.97633 3.73505 4.54072 4.25798 3.5838 3.46015
threshold=8.5000000000000018 21.500000000000004 4.5000000000000009 15.500000000000002 2.5000000000000004 1.5000000000000002 45.500000000000007 18.500000000000004 45.500000000000007 72.050000000000011 1.5000000000000002 33.500000000000007 1.0000000180025095e-35 9.5000000000000018 5.5000000000000009 5.5000000000000009 2.5000000000000004 6.5000000000000009 26.500000000000004 10.500000000000002 95.100000000000009 7.5000000000000009 309.50000000000006 1.5000000000000002 115.50000000000001 -21.499999999999996 11.500000000000002 20.500000000000004 71.950000000000017 1.0000000180025095e-35
decision_type=2 2 2 2 2 2 2 2 2 2 2 2 2 2 2 2 2 2 2 2 2 2 2 2 2 2 2 2 2 2
left_child=1 2 4 5 -1 24 11 -8 -4 -10 -11 -7 13 14 -6 -16 17 -14 21 -20 -18 22 -19 -24 -3 26 -26 -27 -29 -30
right_child=-2 3 8 -5 12 6 7 -9 9 10 -12 -13 16 -15 15 -17 20 18 19 -21 -22 -23 23 -25 25 27 -28 28 29 -31
leaf_value=-0.08440775051428312 0.010370054823639618 0.0067467053891409577 0.038488547255698793 0.11644081740107892 -0.034330656476682125 0.022351527746830427 -0.052807872530698546 0.050438488085374857 0.037296231866724594 0.063196788171838894 -0.11030839712877445 0.080003728946704655 -0.029507997818206608 0.026673238343365643 -0.0077761347175147877 0.10423923754247302 -0.046215408381835014 0.0017478281236539403 -0.17634071316378408 0.12947982641483147 0.13762048724702189 -0.036413693652988535 0.071883774309805623 -0.10792352432780594 -0.039345779760541856 -0.0054952560901958721 0.091965331063634387 0.057714651143651242 0.093038071771372369 -0.015776142251096487
leaf_weight=9.0820443986099217 394.65776045803068 296.36497403796966 29.41443109838292 3.2896095188334575 148.0708824906601 63.471501296437054 14.932360482052902 5.4662801225204012 6.207760935649274 1.3747383737936614 5.7840858493000269 11.294498097733593 26.740810996665004 15.960095309590541 19.923661011795506 3.4549992540160011 22.508885196953091 31.127692063045743 0.51712579946615633 5.8765393469329865 1.1411846914852493 11.687546888637369 15.675591604318472 1.0996540509113391 46.246106753260392 568.40180009842152 2.7924395881127557 20.253373042214662 3.4256037455052164 19.889420473249629
leaf_count=16388 5764 6379 255 16 48334 1113 199 55 59 13 59 132 6384 875 6444 191 4755 7011 2 137 132 711 1296 99 4702 11253 39 157 29 183
internal_value=0 -0.00289953 -0.0134182 0.000643607 -0.0178499 0.000281694 0.0190139 -0.0251407 0.0189918 -0.0239125 -0.0769895 0.0310607 -0.0158601 -0.0237578 -0.0284524 0.00877798 -0.00314166 0.00558206 0.0198027 0.104745 -0.0373448 0.010689 0.0221813 0.060097 -0.00158032 -0.00531377 -0.0318684 -0.00318588 0.0269427 0.000211591
internal_weight=0 1411.48 355.648 1055.83 312.867 1052.54 95.1646 20.3986 42.781 13.3666 7.15882 74.766 303.785 187.41 171.45 23.3787 116.375 92.725 65.9841 6.39367 23.6501 59.5905 47.9029 16.7752 957.374 661.009 49.0385 611.97 43.5684 23.315
internal_count=123166 117402 93145 24257 92759 24241 1499 254 386 131 72 1245 76371 55844 54969 6635 20527 15640 9256 139 4887 9117 8406 1395 22742 16363 4741 11622 369 212
is_linear=0
shrinkage=0.1


Tree=65
num_leaves=31
num_cat=0
split_feature=22 4 20 20 1 10 22 5 7 2 13 0 20 14 6 24 4 20 20 3 12 3 13 15 16 20 2 22 13 7
split_gain=6.4313 3.72957 5.20693 4.17985 3.97065 3.95587 4.01712 3.69235 4.00989 3.64411 3.49833 3.48031 3.69848 6.05108 4.38238 4.97316 5.42696 4.0801 4.20277 3.74691 4.65143 3.65351 3.3585 6.21929 4.20647 3.27926 4.1307 3.26602 3.21602 5.06984
threshold=-1.0000000180025095e-35 1.0000000180025095e-35 524.50000000000011 532.50000000000011 25.500000000000004 5.5000000000000009 17.500000000000004 3.5000000000000004 6.5000000000000009 11.500000000000002 11.500000000000002 18.500000000000004 399.50000000000006 24.500000000000004 3.5000000000000004 1.0000000180025095e-35 3.5000000000000004 341.50000000000006 319.50000000000006 8.5000000000000018 11.500000000000002 6.5000000000000009 1.5000000000000002 20.500000000000004 63.350000000000001 541.50000000000011 33.500000000000007 37.500000000000007 9.5000000000000018 2.5000000000000004
decision_type=2 2 2 2 2 2 2 2 2 2 2 2 2 2 2 2 2 2 2 2 2 2 2 2 2 2 2 2 2 2
left_child=9 2 22 -4 5 6 7 8 -3 -1 11 12 14 19 15 16 17 18 -8 -14 -21 -16 23 -2 -25 26 -5 -15 29 -24
right_child=1 4 3 25 -6 -7 10 -9 -10 -11 -12 -13 13 27 21 -17 -18 -19 -20 20 -22 -23 28 24 -26 -27 -28 -29 -30 -31
leaf_value=-0.075448573348530099 -0.013057191190865791 0.0089106128099801316 0.096329573407394883 -0.10032078917644008 0.10456315591917942 0.085183187329100948 -0.035958234591007616 0.10081228457661529 0.042439079821508921 -0.010575363172842201 -0.15889125386964584 0.020080179669456015 0.022572905166401102 -0.16573107472916626 0.0028089902860642751 0.0040610052378540424 -0.0030953191727602367 -0.084739438319565832 0.043087101531340162 -0.081174183927240656 0.040076097060943394 0.066830112073796327 -0.037694384559314627 -0.099984492985595572 0.027586689904362922 0.016869932327518499 0.080311021180647979 -0.019478979874302894 0.017540718679519895 -0.0083717858410099783
leaf_weight=8.8867170290222912 102.9031769208168 185.03466284913975 6.2515320929451255 5.0705173071037271 4.1749837789684525 6.3884221718180916 72.575530468930083 5.1723738457749269 44.188687582223793 337.72346306465442 1.3520252401940513 91.412045283825137 120.99984769279399 2.7344775591045609 25.927451896486673 134.60162792668234 86.063841028488241 15.466990592380169 7.4135081564963903 8.0354166012839396 5.2187154786661258 13.583939030126201 82.013714911568059 2.6690381737425914 81.812998770183185 95.184353222241043 1.6872844956815241 3.457636933773756 30.447530488265329 209.80552637108485
leaf_count=19529 15018 6577 107 126 26 60 7040 72 640 41582 15 828 1544 17 1292 3486 992 583 280 145 50 248 10972 17 897 1344 10 29 976 8664
internal_value=0 0.00292222 -0.00296608 0.0169584 0.00728544 0.00679591 0.00618761 0.0172594 0.0153741 -0.0122386 0.00178035 0.00215011 -0.00115385 0.012586 -0.00657998 -0.0105045 -0.0213052 -0.0377234 -0.0286322 0.0170438 -0.0334328 0.0248193 -0.00719583 0.0034499 0.0235563 0.012091 -0.0552207 -0.0840648 -0.0133859 -0.0166127
internal_weight=0 1451.65 617.846 108.194 833.802 829.627 823.239 234.396 229.223 346.61 588.843 587.491 496.079 140.446 355.633 316.121 181.52 95.456 79.989 134.254 13.2541 39.5114 509.652 187.385 84.482 101.942 6.7578 6.19211 322.267 291.819
internal_count=123166 62055 38131 1587 23924 23898 23838 7289 7217 61111 16549 16534 15706 1785 13921 12381 8895 7903 7320 1739 195 1540 36544 15932 914 1480 136 46 20612 19636
is_linear=0
shrinkage=0.1


Tree=66
num_leaves=31
num_cat=0
split_feature=4 9 7 13 14 20 20 3 4 2 14 16 20 1 15 22 9 0 20 22 10 2 2 7 23 3 22 7 12 16
split_gain=4.95766 4.76842 4.90197 4.6312 4.30613 4.15406 4.34649 3.82997 3.7953 3.75591 3.59627 3.57272 5.03075 3.51529 3.50394 3.47958 5.72549 4.62657 5.0475 3.83461 3.53263 3.43077 3.37283 3.29428 3.19245 3.24563 3.4407 4.66147 3.02106 2.94882
threshold=1.0000000180025095e-35 7.5000000000000009 1.0000000180025095e-35 7.5000000000000009 27.500000000000004 653.50000000000011 624.50000000000011 4.5000000000000009 6.5000000000000009 34.500000000000007 22.500000000000004 75.300000000000011 574.50000000000011 11.500000000000002 1.5000000000000002 26.500000000000004 17.500000000000004 19.500000000000004 347.50000000000006 -26.499999999999996 2.5000000000000004 34.500000000000007 33.500000000000007 11.500000000000002 1.0000000180025095e-35 8.5000000000000018 8.5000000000000018 1.0000000180025095e-35 7.5000000000000009 45.600000000000009
decision_type=2 2 2 2 2 2 2 2 2 2 2 2 2 2 2 2 2 2 2 2 2 2 2 2 2 2 2 2 2 2
left_child=1 3 -3 4 21 6 7 11 9 14 -8 12 15 -7 24 16 -4 18 20 -18 -17 -1 -6 28 25 26 -2 -28 29 -16
right_child=8 2 5 -5 22 13 10 -9 -10 -11 -12 -13 -14 -15 23 17 19 -19 -20 -21 -22 -23 -24 -25 -26 -27 27 -29 -30 -31
leaf_value=-0.030513213974965273 0.073079308904915707 -0.052294090576909882 -0.04042970665731957 0.012686532211583283 0.11046766131978412 0.0017389341647298191 -0.12751453991541561 0.0078259020615900742 0.079212082388285435 0.024893088638126011 0.029155256521541217 0.009429592755657976 0.059568907397630967 0.076404832832563288 -0.065064194090860533 -0.023677794594765576 -0.090781153667527092 -0.10143727813013273 0.03481809083004761 0.027327381881096409 0.15058798767435463 -0.12663370377070302 -0.0059832978451028161 0.051487288150499223 0.09129861593431518 -0.11770186261221922 0.17010715772967 -0.023690668656890131 0.0075960878474188439 -0.0034830481447998664
leaf_weight=129.01692816897776 9.5651255990160333 18.568365962319149 97.364073487023234 34.327156411044598 3.609960235829929 12.438438264900471 4.87126479652943 262.03168110369916 6.7779912836849681 80.128397407010198 2.0953892841935158 77.375131724366838 8.5080966522073123 12.788227431941776 7.8948838190653978 40.671741263497097 3.1342525592481278 4.4305473524145773 30.443926861466025 22.357862141972873 1.1975031169131387 3.8233365239575496 7.9968536726664752 12.802790877271034 7.5821766564740747 1.6632889930624504 1.3760504315578135 12.660465606775686 349.21234495372119 516.07171506847044
leaf_count=56270 563 1118 7524 3311 37 170 70 6641 103 661 22 3512 101 115 1441 1555 97 37 389 210 19 38 73 152 639 37 44 495 6246 31476
internal_value=0 -0.00599937 -0.0017172 -0.0203299 -0.028176 -9.71975e-05 -0.00190278 -0.000904072 0.00463523 0.00412922 -0.0803923 -0.00891691 -0.0157382 0.0395895 0.00231847 -0.0189482 -0.0293835 -0.00224267 0.00383487 0.012806 -0.0186936 -0.0332797 0.0302354 0.00112943 0.0343904 0.0173118 0.0268267 -0.00469197 0.000391066 -0.00441092
internal_weight=0 777.051 598.277 178.774 144.447 579.708 554.481 547.515 1005.74 998.957 6.96665 285.483 208.108 25.2267 918.829 199.6 122.856 76.7437 72.3132 25.4921 41.8692 132.84 11.6068 885.982 32.8471 25.2649 23.6016 14.0365 873.179 523.967
internal_count=123166 81309 21580 59729 56418 20462 20177 20085 41857 41754 92 13444 9932 285 41093 9831 7831 2000 1963 307 1574 56308 110 39315 1778 1139 1102 539 39163 32917
is_linear=0
shrinkage=0.1


Tree=67
num_leaves=31
num_cat=0
split_feature=7 4 2 6 10 22 20 9 22 20 18 7 8 13 16 3 20 22 0 20 2 22 22 16 14 13 1 3 13 3
split_gain=4.86353 4.51095 4.46243 4.56315 4.12637 3.86907 3.86036 3.82976 3.47006 5.39865 5.0947 4.84627 3.48085 4.61551 3.3758 4.09736 6.2642 4.56948 5.08485 4.1621 4.03865 5.01554 3.86442 4.47482 3.56491 3.48448 3.39997 3.36808 3.79573 4.29556
threshold=14.500000000000002 1.0000000180025095e-35 27.500000000000004 47.500000000000007 3.5000000000000004 -37.499999999999993 105.50000000000001 19.500000000000004 5.5000000000000009 243.50000000000003 1.5000000000000002 3.5000000000000004 1.0000000180025095e-35 10.500000000000002 63.750000000000007 6.5000000000000009 513.50000000000011 33.500000000000007 19.500000000000004 425.50000000000006 30.500000000000004 36.500000000000007 10.500000000000002 62.150000000000013 15.500000000000002 3.5000000000000004 9.5000000000000018 8.5000000000000018 2.5000000000000004 3.5000000000000004
decision_type=2 2 2 2 2 2 2 2 2 2 2 2 2 2 2 2 2 2 2 2 2 2 2 2 2 2 2 2 2 2
left_child=1 2 3 4 5 -1 -4 8 11 -10 14 -8 13 -12 22 20 17 25 19 -19 -16 -22 -11 24 26 -17 -24 28 -14 -30
right_child=-2 -3 6 -5 -6 -7 7 -9 9 10 12 -13 27 -15 15 16 -18 18 -20 -21 21 -23 23 -25 -26 -27 -28 -29 29 -31
leaf_value=-0.10012010473840774 0.084061404581387889 0.0041181973727143608 0.017859018669281513 0.066378985657386633 0.033334949523427811 -0.018111136087135212 -0.051427021616364844 0.034891494925930334 -0.060048112209632742 -0.15562127149672647 -0.067218125843460527 -0.0062815196597278931 0.060897671432232396 0.057916261916818659 0.041475888285489738 -0.15709376404094916 0.017739663758831414 0.06346978417690026 -0.13140171058422567 -0.088649603842645086 0.026359982153602291 -0.044585068870456157 0.09221482900363151 -0.12853578401006119 0.024160984441768479 -0.043148663848567213 -0.11392783154741155 0.071050203330682821 -0.053471666133627166 0.021977030288204108
leaf_weight=5.8718189907463048 6.8560360534556812 994.82679561904024 97.536114118163823 6.6929241942416402 15.408183357954838 283.96154348245545 37.168799393250083 23.008397507481277 14.294682612875475 2.7146305702626732 8.7079327236860973 66.001950524841959 15.815718730445949 4.4558691829442969 29.25882705335971 6.238809287548067 17.725806053727865 6.2769243814982456 2.9724366157315663 2.5210323547944427 20.925666175782681 19.024458077270538 0.98511719331145897 3.6806710939854375 11.582819623872636 4.7098380848765373 4.2598536137957126 16.301513723330572 10.070559280458836 30.101234433008358
leaf_count=15586 73 41829 1212 205 456 59010 1147 206 177 19 112 1274 115 35 287 52 154 69 29 36 163 156 6 30 100 61 45 133 97 292
internal_value=0 -0.000326883 -0.00608275 -0.0153008 -0.0170918 -0.0197726 0.000218327 -0.00457707 -0.00728142 -0.00051152 0.00338651 -0.0225459 0.0224352 -0.0248609 -0.00886363 -0.00152844 -0.026815 -0.0615773 -0.0183237 0.0198804 0.0132487 -0.00742442 -0.0434987 -0.0286574 -0.00681142 -0.108077 -0.0752099 0.0310478 0.0194005 0.003063
internal_weight=0 1763.1 768.274 311.934 305.242 289.833 456.34 358.804 335.795 232.624 218.33 103.171 85.4528 13.1638 132.877 109.654 40.4448 22.719 11.7704 8.79796 69.209 39.9501 23.2231 20.5085 16.8278 10.9486 5.24497 72.289 55.9875 40.1718
internal_count=123166 123093 81264 75257 75052 74596 6007 4795 4589 2168 1991 2421 784 147 1207 1007 401 247 134 105 606 319 200 181 151 113 51 637 504 389
is_linear=0
shrinkage=0.1


Tree=68
num_leaves=31
num_cat=0
split_feature=22 4 2 4 3 20 6 0 8 17 6 12 16 10 20 22 22 20 14 16 0 7 13 18 6 21 6 13 17 0
split_gain=4.19217 3.32119 4.69541 4.40348 3.59758 4.04858 3.7953 3.11749 4.29675 3.24418 3.08808 4.63554 3.18315 3.04907 3.35485 3.78584 2.85258 2.75334 2.91347 3.62323 3.10336 2.74269 3.2846 5.18266 3.59389 2.99851 3.29867 2.98856 3.21145 2.76659
threshold=-1.0000000180025095e-35 4.5000000000000009 24.500000000000004 2.5000000000000004 6.5000000000000009 642.50000000000011 42.500000000000007 11.500000000000002 2.5000000000000004 4.5000000000000009 1.0000000180025095e-35 10.500000000000002 55.45000000000001 2.5000000000000004 371.50000000000006 -18.499999999999996 102.50000000000001 353.50000000000006 12.500000000000002 55.45000000000001 15.500000000000002 3.5000000000000004 2.5000000000000004 7.5000000000000009 28.500000000000004 2.5000000000000004 59.500000000000007 3.5000000000000004 2.5000000000000004 5.5000000000000009
decision_type=2 2 2 2 2 2 2 2 2 2 2 2 2 2 2 2 2 2 2 2 2 2 2 2 2 2 2 2 2 2
left_child=7 2 4 10 5 21 16 8 9 -1 -4 12 -12 -9 -15 -16 -6 -3 19 -19 -21 22 -2 24 27 26 29 -24 -29 -23
right_child=1 17 3 -5 6 -7 -8 13 -10 -11 11 -13 -14 14 15 -17 -18 18 -20 20 -22 25 23 -25 -26 -27 -28 28 -30 -31
leaf_value=-0.071014175494766324 -0.013258352764514317 0.011128245006313688 0.0021058449609598468 0.038393428845652208 0.005914906030186292 0.10372886798913566 0.15590463212377501 -0.0076697883699213673 -0.0083580210773084619 0.028956845360591024 -0.062850067788112682 0.10163800808416029 0.021317443423540056 0.069408271871811242 0.079487051560920952 -0.10220135600667322 -0.11440245431815757 -0.19607070985360628 0.10922195546365628 0.060137510831278988 -0.073544563728411436 -0.075123769337692659 -0.099370418934579471 0.05300738651211049 0.017368630061733534 -0.047618323418648217 0.17975163731217042 -0.052791503391683814 0.091371451794021119 0.0021578154845294014
leaf_weight=25.302720611695808 118.72524103847172 56.069743246072903 753.16225572087569 39.090653052087873 146.71079974709392 2.9567929799086405 1.6697983290068794 251.17399334000129 42.845898230737475 3.7237870292601647 4.8287905743345609 6.8593510761857024 64.677732574520633 10.647357234087393 1.8830087708083736 2.9335273468459482 1.99734942904979 0.68450946919620292 6.5064817089587441 11.403126077726482 2.0485029341652981 4.8056665391832203 15.281631822059351 5.0452983400118674 6.1971887449617489 14.175160757427873 1.0215730108320702 24.138838428411876 1.650914043188094 128.37828228868784
leaf_count=37225 20413 486 8702 332 7872 77 10 15142 8082 179 55 49 591 334 84 65 194 6 62 88 20 2255 2707 918 169 1244 6 6296 35 9468
internal_value=0 0.00238681 0.00122949 0.0055943 -0.00679022 -0.0127482 0.00598231 -0.00999882 -0.0284828 -0.058189 0.00404867 0.0232099 0.0154701 -0.00501644 0.0380809 -0.0311709 0.00429888 0.0226234 0.0538467 0.028359 0.0397795 -0.0138264 -0.0224571 -0.0433336 -0.0536167 -0.00387767 0.000742341 -0.0643275 -0.043563 -0.00063073
internal_weight=0 1418.09 1341.37 868.619 472.755 322.377 150.378 338.51 71.8724 29.0265 829.528 76.3659 69.5065 266.638 15.4639 4.81654 148.708 76.7124 20.6426 14.1361 13.4516 319.42 171.039 52.3139 47.2686 148.381 134.206 41.0714 25.7898 133.184
internal_count=123166 62055 61393 9729 51664 43588 8076 61111 45486 37404 9397 695 646 15625 483 149 8066 662 176 114 108 43511 30538 10125 9207 12973 11729 9038 6331 11723
is_linear=0
shrinkage=0.1


Tree=69
num_leaves=31
num_cat=0
split_feature=2 4 22 13 9 16 2 6 2 0 11 5 5 19 22 14 19 21 13 14 16 11 15 13 22 18 8 14 9 19
split_gain=4.16498 4.74695 4.10242 3.78399 3.66756 3.60364 3.88913 3.53306 6.53515 3.70477 3.23772 4.18396 3.3133 3.54878 3.25602 3.1562 3.62039 3.82301 3.1528 3.1237 3.58334 5.35608 3.90323 3.03778 5.24164 2.93485 2.92699 3.22314 2.89873 3.11455
threshold=29.500000000000004 2.5000000000000004 -44.499999999999993 13.500000000000002 13.500000000000002 47.250000000000007 19.500000000000004 12.500000000000002 22.500000000000004 6.5000000000000009 1.5000000000000002 2.5000000000000004 1.5000000000000002 3.5000000000000004 70.500000000000014 14.500000000000002 1.5000000000000002 1.0000000180025095e-35 2.5000000000000004 26.500000000000004 81.050000000000011 2.5000000000000004 29.500000000000004 5.5000000000000009 5.5000000000000009 11.500000000000002 6.5000000000000009 28.500000000000004 14.500000000000002 4.5000000000000009
decision_type=2 2 2 2 2 2 2 2 2 2 2 2 2 2 2 2 2 2 2 2 2 2 2 2 2 2 2 2 2 2
left_child=1 2 -1 7 5 6 -3 8 9 -4 12 14 26 -14 19 16 -9 -18 -13 20 -12 -22 -23 -7 -25 28 27 -2 29 -11
right_child=10 4 3 -5 -6 23 -8 15 -10 25 11 18 13 -15 -16 -17 17 -19 -20 -21 21 22 -24 24 -26 -27 -28 -29 -30 -31
leaf_value=-0.078281340284346135 -0.0081902169169252772 0.011809112262109596 -0.078980783596536153 0.05932476192991603 0.061340793931903392 0.00083152603988223019 0.11067569847523079 0.026399131239245657 -0.0041417347766380215 -0.027939137675312073 0.036493667180577172 -0.21311910686648075 0.016471220133251595 0.091080946637226379 -0.015064165729118851 0.12401133477450353 -0.046054711572502259 0.030771048972927935 0.025333024432204004 0.093838777652032024 0.017562924477042649 -0.19914174321750755 0.033253313946785663 -0.14009084088033738 0.13762665000135593 0.068635395727050852 0.011036478246671852 0.037674513149603302 0.053020005177548728 0.07869648688033852
leaf_weight=8.0886066253458448 265.43530871234543 10.313933719589842 12.235550451960533 8.5857990770018642 12.041664965101516 264.88004897616338 6.4777255086228243 46.599581403409502 561.35298988455543 161.96018952945633 67.368072725716047 1.3056053919717663 38.01044464338338 7.6598300564801312 16.716656245756894 2.4758890906814477 18.338781307302273 10.014329371413622 0.96382790710777033 7.7190559612063216 9.5205727576976624 2.3752535468665879 1.0387961473315952 0.83996136812493105 3.559996273193974 3.4971803205662573 171.20678860667977 16.260884898831137 4.7600652347464338 2.7861096660635658
leaf_count=16629 3079 278 26363 153 103 5424 42 3961 14565 47303 583 12 382 63 160 37 940 417 10 61 95 25 11 11 20 426 1589 136 183 105
internal_value=0 -0.00356324 -0.00740787 -0.00671934 0.00727879 0.00500315 0.0499489 -0.00740748 -0.00951619 -0.0258031 0.00670076 0.0224838 0.00331328 0.0289848 0.0253944 0.0129253 0.00925587 -0.0189198 -0.111849 0.0330781 0.0272375 -0.0209716 -0.128431 0.00220044 0.0846098 -0.0220421 0.000724588 -0.00554268 -0.0239129 -0.0261358
internal_weight=0 1138.81 840.695 832.606 298.113 286.072 16.7917 824.021 746.592 185.239 605.581 107.008 498.573 45.6703 104.738 77.4286 74.9527 28.3531 2.26943 88.0218 80.3027 12.9346 3.41405 269.28 4.39996 173.004 452.903 281.696 169.506 164.746
internal_count=123166 116960 111082 94453 5878 5775 320 94300 88945 74380 6206 957 5249 445 935 5355 5318 1357 22 775 714 131 36 5455 31 48017 4804 3215 47591 47408
is_linear=0
shrinkage=0.1


Tree=70
num_leaves=31
num_cat=0
split_feature=22 10 2 16 16 9 15 1 4 6 3 13 17 11 16 16 8 20 4 18 6 7 0 4 22 12 6 14 9 1
split_gain=3.87926 3.60612 4.95148 4.8862 4.2485 4.61103 4.08335 6.63746 3.44998 3.10065 4.1259 3.00853 2.75992 4.09704 4.79561 4.30098 2.97604 2.91926 3.30269 4.07733 3.78311 3.47695 3.39604 3.60705 3.815 3.43273 3.22318 3.09121 2.9869 2.96464
threshold=-53.499999999999993 1.0000000180025095e-35 22.500000000000004 80.200000000000017 81.550000000000011 13.500000000000002 27.500000000000004 11.500000000000002 4.5000000000000009 28.500000000000004 4.5000000000000009 12.500000000000002 3.5000000000000004 2.5000000000000004 70.90000000000002 51.95000000000001 2.5000000000000004 593.50000000000011 2.5000000000000004 2.5000000000000004 3.5000000000000004 11.500000000000002 9.5000000000000018 1.0000000180025095e-35 102.50000000000001 6.5000000000000009 1.0000000180025095e-35 27.500000000000004 23.500000000000004 16.500000000000004
decision_type=2 2 2 2 2 2 2 2 2 2 2 2 2 2 2 2 2 2 2 2 2 2 2 2 2 2 2 2 2 2
left_child=-1 2 8 12 5 11 -3 -8 9 -2 -11 -5 13 17 15 16 -15 18 19 22 21 27 23 24 25 -4 -27 -21 -24 -19
right_child=1 6 3 4 -6 -7 7 -9 -10 10 -12 -13 -14 14 -16 -17 -18 29 -20 20 -22 -23 28 -25 -26 26 -28 -29 -30 -31
leaf_value=-0.052972095711081191 -0.026052397552347725 0.0048064146631382025 -0.037190215671287594 -0.085633880473589483 -0.0085502395849958689 0.013454301789152521 -0.068061763960017937 0.070636864502720553 0.027197176340660986 -0.0073519332071842643 0.13835905980051227 0.14581370510674416 -0.0964183208462005 -0.17635159540483569 0.075930330540893584 -0.042543302496795242 0.14798428628893995 0.012294946494652402 0.033560074179241083 -0.031154566949640292 0.069995858185883594 0.09123596818439178 -0.00062658913943492908 0.086202345075044984 0.18867402480006459 0.013250052627675025 0.1748863466771059 0.12735862239051468 0.10101769126242172 0.066496400084934321
leaf_weight=13.715195819177323 153.42766172220627 611.78550013009954 10.472135043077296 18.349816129746621 143.65024619835822 7.6482660253532222 4.1695393769186948 20.00211378489621 15.241164984181522 7.2594905431287753 2.6536105952982325 0.57935981079935928 2.7562408568337551 0.3248897478915781 16.457454665302066 8.6321969791606517 2.1895195357501507 70.493748770604725 28.013680195901543 83.99441352278518 4.3604582097032099 2.4820025893859556 470.45961375363186 9.4534790234174562 1.1187227651244018 4.6579973410698576 1.6781625487492418 1.2485508348327119 2.9089164584875098 11.777343413326888
leaf_count=12901 57187 35450 485 454 3222 85 51 167 134 908 55 4 17 5 161 124 11 908 213 1767 46 26 8368 175 6 105 12 11 27 81
internal_value=0 0.000422828 -0.00308889 -8.21176e-05 -0.0153455 -0.0520737 0.00639917 0.0467118 -0.0183046 -0.0225503 0.031653 -0.07855 0.00346025 0.00383698 0.0416278 -0.00901822 0.106076 0.00235333 7.74076e-06 -0.00157773 -0.0209168 -0.0254357 0.00197863 0.0362204 0.00986329 -0.00203795 0.0560602 -0.0288328 -1.97068e-06 0.020054
internal_weight=0 1718.25 1082.29 903.707 170.228 26.5774 635.957 24.1717 178.582 163.341 9.9131 18.9292 733.48 730.723 27.6041 11.1466 2.51441 703.119 620.848 592.834 92.0854 87.725 500.749 27.3805 17.927 16.8083 6.33616 85.243 473.369 82.2711
internal_count=123166 110265 74597 16313 3765 543 35668 218 58284 58150 963 458 12548 12531 301 140 16 12230 11241 11028 1850 1804 9178 783 608 602 117 1778 8395 989
is_linear=0
shrinkage=0.1


Tree=71
num_leaves=31
num_cat=0
split_feature=7 0 22 4 20 15 2 10 4 16 9 16 20 6 1 7 6 13 18 2 16 14 5 19 1 15 13 3 1 8
split_gain=3.90329 3.60757 4.42149 3.82238 3.80512 3.93417 3.48795 3.56046 3.44178 3.6858 3.57999 3.42771 3.34306 3.16621 2.99762 2.90486 2.77288 2.8065 4.94302 3.46917 3.0693 3.67321 3.05185 5.45044 4.32398 3.32574 3.0004 2.86644 2.74711 3.72171
threshold=4.5000000000000009 10.500000000000002 25.500000000000004 3.5000000000000004 369.50000000000006 16.500000000000004 38.500000000000007 4.5000000000000009 1.5000000000000002 71.050000000000011 13.500000000000002 80.700000000000003 653.50000000000011 51.500000000000007 15.500000000000002 14.500000000000002 27.500000000000004 12.500000000000002 1.5000000000000002 23.500000000000004 77.200000000000003 12.500000000000002 1.0000000180025095e-35 3.5000000000000004 4.5000000000000009 27.500000000000004 10.500000000000002 11.500000000000002 14.500000000000002 5.5000000000000009
decision_type=2 2 2 2 2 2 2 2 2 2 2 2 2 2 2 2 2 2 2 2 2 2 2 2 2 2 2 2 2 2
left_child=1 2 4 16 13 -6 7 8 15 -10 -11 -12 -13 -1 -4 -2 17 19 -19 27 21 -20 -21 24 -24 26 28 -3 -26 -30
right_child=6 3 14 -5 5 -7 -8 -9 9 10 11 12 -14 -15 -16 -17 -18 18 20 22 -22 -23 23 -25 25 -27 -28 -29 29 -31
leaf_value=-0.038611398504860853 -0.00050602524784498055 -0.022168086128720194 -0.0084711722761506621 0.016653256735876032 -0.053721789907662236 0.16127804058481854 0.04774742915585907 0.10364619447349027 0.0021826526141352563 0.021748020006214119 0.10769448002834524 0.039953205221471888 -0.19937114587828131 0.092840553502443968 0.041974378259481367 0.071150232739189648 0.036964847758409206 -0.13296388798911313 0.065620987704241268 -0.0074017790029749161 0.083613908970798984 -0.15448364012872598 0.086582629528405661 0.047197303100395945 0.0040306606019857435 0.042947876518609651 -0.17248785189964713 0.0279877072492698 -0.00077907125731696515 -0.054110251511360521
leaf_weight=87.114094397950339 473.90657672643169 146.82481609605111 78.173608678039272 107.54873335792217 1.4718535055644673 2.0179813617978652 19.596957616042346 3.6296239095099727 68.319679487389294 49.244719790413001 11.059666609042326 4.9993313979357472 0.66082668304443348 1.8717094841558708 13.869536171951038 5.7257469407959425 16.631942346877622 1.5121539306419425 1.7469065612131083 365.81088767260371 10.426687952473001 1.3396518745576029 5.794706951477564 29.744977094000205 130.28445545636714 15.838022210169582 1.0608478498179454 12.353333147319061 31.693371980451047 22.286608201044146
leaf_count=48772 20539 20569 15624 1098 586 122 175 31 1351 1139 93 42 1 50 305 70 291 28 56 7999 151 35 81 319 2456 133 22 379 414 235
internal_value=0 -0.0036471 -0.0163859 -0.001038 -0.0318294 0.0706009 0.00621309 0.00489506 0.00431122 0.0184619 0.0353225 0.0753031 0.012012 -0.0358465 -0.000869776 0.000349392 -0.00343628 -0.00430139 0.0384971 -0.00514565 0.0576838 -0.0299105 -0.00167683 0.00717074 0.00141794 -0.00103531 -0.00479415 -0.0182756 -0.0038287 -0.0227978
internal_weight=0 1085.42 184.519 900.898 92.4756 3.48983 637.143 617.546 613.917 134.284 65.9645 16.7198 5.66016 88.9858 92.0431 479.632 793.349 776.717 15.0254 761.692 13.5132 3.08656 602.514 236.703 206.958 201.163 185.325 159.178 184.264 53.98
internal_count=123166 99725 65459 34266 49530 708 23441 23266 23235 2626 1275 136 43 48822 15929 20609 33168 32877 270 32607 242 91 11659 3660 3341 3260 3127 20948 3105 649
is_linear=0
shrinkage=0.1


Tree=72
num_leaves=31
num_cat=0
split_feature=2 6 4 20 0 15 6 20 1 11 18 13 16 13 14 18 2 19 22 1 22 13 13 20 23 16 0 22 15 20
split_gain=4.03685 4.63356 4.39851 4.99828 6.45027 4.43733 4.0265 3.98559 3.85319 4.53402 4.04957 4.32668 3.19037 3.60642 3.04243 3.03678 2.9442 2.94341 3.27322 2.83545 4.17784 2.83316 2.96601 3.98487 4.90237 3.14778 4.11721 3.44728 4.26067 3.26958
threshold=32.500000000000007 1.0000000180025095e-35 1.5000000000000002 445.50000000000006 20.500000000000004 25.500000000000004 4.5000000000000009 411.50000000000006 10.500000000000002 1.5000000000000002 6.5000000000000009 11.500000000000002 75.950000000000017 4.5000000000000009 14.500000000000002 4.5000000000000009 31.500000000000004 1.5000000000000002 27.500000000000004 9.5000000000000018 8.5000000000000018 9.5000000000000018 2.5000000000000004 329.50000000000006 1.0000000180025095e-35 81.950000000000003 7.5000000000000009 30.500000000000004 17.500000000000004 267.50000000000006
decision_type=2 2 2 2 2 2 2 2 2 2 2 2 2 2 2 2 2 2 2 2 2 2 2 2 2 2 2 2 2 2
left_child=2 -2 3 4 6 19 8 -6 10 21 11 17 13 -12 -8 -13 -11 -1 -19 20 -5 22 -10 25 -25 26 -24 28 -28 -29
right_child=1 -3 -4 5 7 -7 14 -9 9 16 12 15 -14 -15 -16 -17 -18 18 -20 -21 -22 -23 23 24 -26 -27 27 29 -30 -31
leaf_value=-0.043523399611248924 0.0067967243551969331 0.052902662925646694 0.0052987927002774238 -0.033649601859118729 0.05095604376279303 -0.044507917038538902 0.0036453143708540837 -0.075021920429852396 -0.0077953554508663446 0.023912560167572483 0.044542445431228157 -0.0098807281775805701 0.032534154680932063 -0.12237915925404547 0.084412411079069966 0.14100828457562883 -0.048607366925321922 -0.036661351236221572 0.030564546579671583 0.018611376367605341 0.010154798154852903 0.051523816747904683 0.02737858856643817 -0.003796000548926726 -0.12796486039407703 0.0015762977252568216 -0.10282434406640231 -0.05996896897904145 -0.024994647770638739 -0.1554611849615016
leaf_weight=123.08412264772414 289.19574421894504 23.574063754989766 493.99183963586802 31.701163293279478 23.488889065381958 16.546496802991896 66.139838185562439 2.8119698514201437 181.0217245401227 50.51541717541113 2.1582431214601483 3.1587516839717855 17.297756270854507 3.2336419402254251 5.0177670208140617 2.3087032027942769 6.2959933119709595 17.271680138885134 12.473289996500169 133.984642220963 69.521569090316916 6.3170801527940048 5.4594791387089563 62.709405373658228 3.3494970363099119 12.004933003862787 9.8198118299660546 7.5480092727229913 24.791366161014594 6.8300646758361836
leaf_count=64668 2650 204 15592 2856 314 269 8019 61 7901 1341 971 148 3727 975 101 93 61 2266 627 2205 2058 293 696 1673 94 1047 1037 272 763 184
internal_value=0 0.0102718 -0.0022934 -0.00642907 -0.0110313 0.00554682 -0.0130607 0.037487 -0.0159192 -0.0101571 -0.0279109 -0.0335741 0.0115987 -0.0555644 0.00934071 0.0538341 0.0158757 -0.0367011 -0.00847077 0.0090681 -0.00356396 -0.014781 -0.016117 -0.0274849 -0.0100919 -0.0447745 -0.0549939 -0.0641737 -0.0470763 -0.105331
internal_weight=0 312.77 1400.85 906.861 655.107 251.754 628.807 26.3009 557.649 376.663 180.986 158.297 22.6896 5.39189 71.1576 5.46745 56.8114 152.829 29.745 235.207 101.223 319.851 313.534 132.513 66.0589 66.4537 54.4487 48.9893 34.6112 14.3781
internal_count=123166 2854 120312 104720 97332 7388 96957 375 88837 15362 73475 67802 5673 1946 8120 241 1402 67561 2893 7119 4914 13960 13667 5766 1767 3999 2952 2256 1800 456
is_linear=0
shrinkage=0.1


Tree=73
num_leaves=31
num_cat=0
split_feature=0 22 13 16 12 15 16 15 20 1 7 20 20 18 25 7 9 8 13 3 18 1 4 23 22 12 6 18 19 15
split_gain=3.78909 5.64869 4.66295 4.5801 4.98533 5.59466 4.32423 6.97537 4.58199 4.19932 3.77714 3.73866 4.58915 4.03186 3.84826 3.99328 3.67611 4.04505 3.60708 3.60452 3.51944 3.40358 3.22539 3.53894 3.54415 3.99913 3.47424 3.4506 4.6237 3.24478
threshold=15.500000000000002 -35.499999999999993 1.0000000180025095e-35 56.300000000000004 4.5000000000000009 9.5000000000000018 73.15000000000002 15.500000000000002 429.50000000000006 11.500000000000002 14.500000000000002 460.50000000000006 337.50000000000006 2.5000000000000004 1.0000000180025095e-35 5.5000000000000009 6.5000000000000009 4.5000000000000009 3.5000000000000004 11.500000000000002 7.5000000000000009 19.500000000000004 4.5000000000000009 1.0000000180025095e-35 56.500000000000007 10.500000000000002 4.5000000000000009 2.5000000000000004 2.5000000000000004 32.500000000000007
decision_type=2 2 2 2 2 2 2 2 2 2 2 2 2 2 2 2 2 2 2 2 2 2 2 2 2 2 2 2 2 2
left_child=1 -1 6 -3 5 9 7 -2 -8 -5 19 12 13 18 -15 21 17 -4 -7 22 -18 -16 23 24 25 26 29 -27 -29 -6
right_child=2 3 16 4 10 11 8 -9 -10 -11 -12 -13 -14 14 15 -17 20 -19 -20 -21 -22 -23 -24 -25 -26 27 -28 28 -30 -31
leaf_value=-0.056843551719579923 0.038627692452078734 -0.022577867213906672 -0.0145323011073698 -0.067807552154890913 0.0035148294022944587 -0.0085410729212323719 0.029401813801010986 -0.011382849484673862 0.11776171928270772 0.15071719643669723 0.12773115498046692 0.045318676089401183 -0.045820342229028595 -0.0072996541104893113 0.019296382117011596 0.13249140062058759 0.0054532375401644155 -0.16108289156178271 -0.057018249054336424 0.073428879707044536 -0.079693980808556095 0.18086799639725967 0.02714864693544336 -0.014250546435446041 -0.017280735066248516 0.059574694535486916 0.037900311202509362 0.033299413830008305 -0.20661757696964145 -0.13788651915800526
leaf_weight=19.830073762515894 43.423127484062206 105.67034768263875 90.441542022426802 21.57421820007335 266.35014948837761 142.40049472904479 74.096864334263955 77.964697710645851 6.3735257676744359 0.91674870232236472 2.4977442367671747 12.997160828814229 30.919238804205634 38.679286155280352 29.895067024137465 3.9972797723567046 414.10340867650302 1.9234846700273909 17.203365830139774 7.481907953915651 4.9119543381566464 1.3632381111383427 52.426338835968636 115.76124019317785 57.155609723168709 24.251043075724741 31.223210473480776 2.4762789015076119 1.1889712882693855 1.6327969357371319
leaf_count=22074 926 15188 3749 20748 10900 11573 1250 1066 60 33 17 785 3578 2438 7089 282 5630 33 3312 110 100 7 450 7791 2505 256 1148 40 14 14
internal_value=0 -0.00401016 0.00555438 -0.0029279 -0.000520156 -0.0109317 0.0184239 0.00650703 0.0364002 -0.0589003 0.00503219 -0.00704324 -0.00961664 -0.00482347 0.0144816 0.038378 0.000474377 -0.0175842 -0.0137663 0.00448487 0.00445509 0.0263428 0.00355117 0.00107711 0.00569446 0.00970875 0.00633143 0.0459067 -0.0445273 0.00265328
internal_weight=0 987.892 713.239 968.062 862.391 299.946 201.858 121.388 80.4704 22.491 562.445 277.455 264.458 233.539 73.9349 35.2556 511.38 92.365 159.604 559.948 419.015 31.2583 552.466 500.039 384.278 327.122 299.206 27.9163 3.66525 267.983
internal_count=123166 110352 12814 88278 73090 49845 3302 1992 1310 20781 23245 29064 28279 24701 9816 7378 9512 3782 14885 23228 5730 7096 23118 22668 14877 12372 12062 310 54 10914
is_linear=0
shrinkage=0.1


Tree=74
num_leaves=31
num_cat=0
split_feature=2 19 4 2 4 18 6 4 2 20 3 7 6 19 5 8 1 16 17 8 20 0 22 14 22 7 22 6 3 6
split_gain=4.43308 3.78275 3.44372 3.07953 3.86728 3.36348 2.67687 2.56344 2.61941 3.85601 2.37898 2.73562 2.50006 2.43804 3.48248 4.91087 3.62738 3.49051 2.83551 3.33308 2.80499 2.75343 2.68457 2.59523 2.37573 2.2573 2.52149 2.33501 3.00614 2.42526
threshold=32.500000000000007 4.5000000000000009 6.5000000000000009 15.500000000000002 1.5000000000000002 4.5000000000000009 47.500000000000007 3.5000000000000004 12.500000000000002 215.50000000000003 1.5000000000000002 9.5000000000000018 5.5000000000000009 1.5000000000000002 2.5000000000000004 4.5000000000000009 3.5000000000000004 65.450000000000017 4.5000000000000009 2.5000000000000004 497.50000000000006 8.5000000000000018 131.00000000000003 4.5000000000000009 35.500000000000007 8.5000000000000018 -35.499999999999993 22.500000000000004 2.5000000000000004 2.5000000000000004
decision_type=2 2 2 2 2 2 2 2 2 2 2 2 2 2 2 2 2 2 2 2 2 2 2 2 2 2 2 2 2 2
left_child=2 -2 3 5 6 7 25 -1 9 -9 11 12 -6 14 16 17 -12 -16 19 -15 -20 24 -21 -23 -18 26 -5 29 -29 -27
right_child=1 -3 -4 4 10 -7 -8 8 -10 -11 13 -13 -14 18 15 -17 21 -19 20 22 -22 23 -24 -25 -26 27 -28 28 -30 -31
leaf_value=-0.037487095079407118 0.0072512652233877005 0.044909373932133845 0.07450456062636511 -0.054223461643680429 -0.06611161116635815 0.021531255875044869 0.059782710891325155 -0.021120606790200259 -0.025367364041489666 0.050248478014532284 -0.045701323697872068 0.10347736790266793 0.15962058225060571 0.109779835964375 0.011924157525520104 -0.16064472183452205 0.0041449483428091802 0.078262509349468767 -0.18760182736287867 0.019809817400082398 0.1181937309860428 0.046983165966318678 0.18037185136643424 -0.00083519584528695496 0.1056200635178582 0.009850421619596407 -0.0062735395057808528 0.14975384846368464 -0.16822418151730853 0.10607530766555014
leaf_weight=58.984796619739313 277.13117118162336 29.515025477739982 5.795751408673822 11.129589046583304 9.6409978547599131 20.533888640594228 6.3703074569057199 15.828426564577969 42.961282332544215 14.510347015835576 15.778285998108911 1.2265751708764572 0.5169496629387148 4.663217489316593 17.051492208658605 1.2325874522794027 4.4047222656281502 14.829648725382865 1.1555061256512988 65.962322832707287 0.40513407438993443 11.972344281566619 1.0580329559743393 218.26206769960572 4.8448469041759381 76.490508691188552 750.00609730942142 0.37557674114941519 1.4267831427569033 2.7121652648820591
leaf_count=52629 2591 263 103 9174 308 9294 101 381 572 205 329 14 6 55 330 18 282 155 13 758 4 206 3 3945 151 1769 39420 11 24 52
internal_value=0 0.0108759 -0.00241648 -0.00274086 -0.00106656 -0.016124 -0.00479718 -0.021969 -0.00948154 0.0130136 0.00741986 -0.0375899 -0.0546238 0.00883686 0.00469876 0.0352096 0.000740763 0.0427817 0.0251293 0.0280325 -0.108219 0.00380058 0.0223446 0.00165139 0.0572968 -0.00528569 -0.00697468 0.0105843 -0.101964 0.0131455
internal_weight=0 306.646 1380.13 1374.33 1221.52 152.819 848.511 132.285 73.3001 30.3388 373.005 11.3845 10.1579 361.62 288.376 33.1137 255.262 31.8811 73.2442 71.6836 1.56064 239.484 67.0204 230.234 9.24957 842.141 761.136 81.005 1.80236 79.2027
internal_count=123166 2854 120312 120209 57128 63081 50551 53787 1158 586 6577 328 314 6249 5416 503 4913 485 833 816 17 4584 761 4151 433 50450 48594 1856 35 1821
is_linear=0
shrinkage=0.1


Tree=75
num_leaves=31
num_cat=0
split_feature=2 6 5 16 22 15 20 3 14 4 13 12 20 22 6 9 2 18 9 1 14 22 7 12 8 15 4 20 22 16
split_gain=4.1559 3.19502 3.96991 3.41153 3.47435 3.0488 2.99611 3.037 2.94105 2.93858 2.8671 3.86299 3.22446 2.67047 2.73401 2.65144 2.9687 2.50333 2.48123 2.8735 2.46754 3.41168 2.56996 2.42885 3.36559 2.40392 2.38964 2.39785 2.90536 2.4255
threshold=26.500000000000004 4.5000000000000009 1.5000000000000002 53.95000000000001 31.500000000000004 16.500000000000004 247.50000000000003 8.5000000000000018 14.500000000000002 3.5000000000000004 3.5000000000000004 8.5000000000000018 209.50000000000003 83.500000000000014 1.0000000180025095e-35 21.500000000000004 29.500000000000004 5.5000000000000009 2.5000000000000004 1.0000000180025095e-35 12.500000000000002 -24.499999999999996 9.5000000000000018 10.500000000000002 3.5000000000000004 13.500000000000002 1.5000000000000002 385.50000000000006 28.500000000000004 70.65000000000002
decision_type=2 2 2 2 2 2 2 2 2 2 2 2 2 2 2 2 2 2 2 2 2 2 2 2 2 2 2 2 2 2
left_child=1 2 18 4 -3 9 7 10 23 -4 17 12 -12 -11 -15 -2 -17 -5 -1 -20 22 -22 -18 -8 -25 -10 -7 29 -29 -28
right_child=15 3 5 6 -6 26 8 -9 25 13 11 -13 -14 14 -16 16 20 -19 19 -21 21 -23 -24 24 -26 -27 27 28 -30 -31
leaf_value=-0.059992536088746086 0.0037387363818491477 -0.072781173333463955 -0.014517755474569866 -7.3532755347216063e-05 0.042092249330610232 -0.013560880731603126 -0.026997316779250963 0.099621505442682473 -0.45511881069165344 0.025000686391833549 -0.01638929372723108 0.15790324759982069 0.10820408689957178 -0.0059510280395598959 -0.17431900702849773 0.1284342690496196 0.009999115469725102 0.072538629634251381 0.070588655154446789 -0.011263382224711703 -0.073072787605548681 0.085233950323729907 -0.13243816757261392 -0.11077406188527256 0.12791819406810959 0.11597706714116225 0.12843916096991176 -0.0039701929212310116 0.13930677056484339 -0.0045613971049444377
leaf_weight=10.368784918513027 873.70271961507387 8.5837646674049193 57.634810957188165 32.218027328836342 3.7977946488963417 5.5710980885414783 24.289673833928653 5.9786010093412179 0.076076171360909384 48.76916380453622 5.3885736909296593 3.3482175431272472 3.3800676498794928 3.4179919395828611 1.343565967865288 3.1225265602115568 9.2435945263132471 5.5684963161622809 4.3237638344185134 532.87021423282908 1.6251835636794556 8.3857355872169119 1.4678649082779873 0.79347846406744738 2.3118023006245494 2.3657105199235957 1.7573290010914187 1.8901671462226657 5.6334058777429163 6.2400992508046329
leaf_count=15659 11569 1516 6943 5207 306 312 826 104 6 545 526 33 101 54 11 21 99 521 505 77986 21 82 11 20 16 36 11 24 31 64
internal_value=0 -0.00534965 -0.00778413 0.011521 -0.0375461 0.00776476 0.0186084 0.0322694 -0.00697753 0.0011513 0.0242003 0.0665285 0.031638 0.0180217 -0.0534593 0.00463664 0.0375367 0.0106271 -0.0115398 -0.0106046 0.0238399 0.0595343 -0.00952004 -0.0163509 0.0669262 0.098184 0.0426209 0.0627868 0.103311 0.0246637
internal_weight=0 777.921 679.82 98.1003 12.3816 132.258 85.7187 55.882 29.8367 111.166 49.9034 12.1169 8.76864 53.5307 4.76156 897.548 23.8449 37.7865 547.563 537.194 20.7224 10.0109 10.7115 27.395 3.10528 2.44179 21.0921 15.521 7.52357 7.99743
internal_count=123166 111363 102145 9218 1822 7995 7396 6492 904 7553 6388 660 627 610 65 11803 234 5728 94150 78491 213 103 110 862 36 42 442 130 55 75
is_linear=0
shrinkage=0.1


Tree=76
num_leaves=31
num_cat=0
split_feature=8 12 22 20 6 2 17 12 0 16 15 3 4 22 6 24 0 9 14 1 18 22 22 22 3 13 22 16 1 16
split_gain=3.16057 3.70655 4.16724 4.13203 3.87721 4.56628 4.04545 3.73789 5.42498 4.81745 6.49151 3.70034 3.33787 5.17845 3.00135 3.13866 4.89623 3.39081 3.28865 4.76129 3.25205 4.1081 3.94915 3.43103 4.98822 4.18163 3.81152 3.30326 3.71091 4.01884
threshold=6.5000000000000009 6.5000000000000009 -31.499999999999996 653.50000000000011 22.500000000000004 19.500000000000004 1.5000000000000002 1.0000000180025095e-35 17.500000000000004 74.700000000000017 16.500000000000004 12.500000000000002 3.5000000000000004 45.500000000000007 47.500000000000007 1.0000000180025095e-35 19.500000000000004 20.500000000000004 10.500000000000002 14.500000000000002 2.5000000000000004 18.500000000000004 8.5000000000000018 34.500000000000007 6.5000000000000009 5.5000000000000009 40.500000000000007 88.750000000000014 13.500000000000002 80.700000000000003
decision_type=2 2 2 2 2 2 2 2 2 2 2 2 2 2 2 2 2 2 2 2 2 2 2 2 2 2 2 2 2 2
left_child=1 4 -3 -4 5 12 -6 8 -7 10 11 -10 -1 -14 15 16 17 -2 19 -18 21 22 -17 25 26 -22 -25 28 -24 -30
right_child=14 2 3 -5 6 7 -8 -9 9 -11 -12 -13 13 -15 -16 20 18 -19 -20 -21 23 -23 27 24 -26 -27 -28 -29 29 -31
leaf_value=-0.03525423943790916 -0.026906625638100586 -0.067050932995806875 0.0027950930109969479 0.039502705388667438 0.0084120257404264806 -0.0063389087806047717 0.094907648749959383 -0.011493719596453636 0.062884467420995349 0.054718802022177375 -0.019088469006715972 -0.19291287629835371 0.017195660786709532 -0.059589739347866592 0.10985500818608403 0.012575954736595216 -0.15124720263715749 0.050412859278786838 0.050096002099679376 0.17834881071360664 -0.0077265741113577494 0.028833646910730627 -0.087898161697602561 -0.1895051866802423 0.06187375909169486 0.088678356356721805 -0.050700932445878422 0.14029633878858253 0.011554314495147058 -0.13052726471213211
leaf_weight=95.709325076044934 69.508049063522776 8.1161367826771293 472.42283501727752 32.794315634324448 25.151699928527705 153.58734942588126 6.8881350330702835 327.42009021315062 17.589060937203616 33.414352004539978 34.772377379696991 0.58430930157191951 34.254482484684559 11.811526138102634 2.8505495020654044 103.34887433342192 1.8657649841625272 6.1758028027252285 17.587928817141801 0.57286093197762955 31.073646175143949 130.64671490649926 9.3795732017024473 2.4250021371990469 3.2614605026319614 5.2611036593443705 10.739672644762321 1.0850404277443875 13.863242674386131 2.3246096521615973
leaf_count=75257 1414 1231 12227 323 2923 6666 170 16298 326 521 443 6 571 203 40 1934 21 56 169 3 486 1334 138 17 27 50 130 6 150 26
internal_value=0 -0.00249561 0.00403585 0.00517783 -0.00701921 -0.00855657 0.0270074 -0.00454529 0.00493618 0.0249884 0.00622536 0.0546601 -0.0246092 -0.00249245 0.00759953 0.00688707 -0.00896271 -0.0205974 0.0350066 -0.0738214 0.0117274 0.0163104 0.00372493 -0.0109136 -0.0488406 0.00623241 -0.0762694 -0.0305962 -0.0378486 -0.0088489
internal_weight=0 1254.52 513.333 505.217 741.183 709.143 32.0398 567.368 239.947 86.3601 52.9457 18.1734 141.775 46.066 411.97 409.119 95.7104 75.6839 20.0266 2.43863 313.409 260.648 130.001 52.7609 16.4261 36.3347 13.1647 26.6525 25.5674 16.1879
internal_count=123166 117165 13781 12550 103384 100291 3093 24260 7962 1296 775 332 76031 774 6001 5961 1663 1470 193 24 4298 3588 2254 710 174 536 147 320 314 176
is_linear=0
shrinkage=0.1


Tree=77
num_leaves=31
num_cat=0
split_feature=22 2 19 10 4 7 22 16 15 15 16 4 12 18 20 14 25 19 22 22 16 6 11 1 18 14 3 6 12 1
split_gain=3.09313 3.08677 3.5518 3.45126 3.12824 2.94018 2.96053 2.804 2.73842 3.70615 4.39992 6.08849 3.10053 3.1451 4.31742 2.86184 4.04277 2.82699 4.04655 3.52825 3.2548 2.79503 2.77084 2.63412 2.94295 2.59712 2.58963 2.57456 2.53014 2.50931
threshold=-50.499999999999993 29.500000000000004 8.5000000000000018 3.5000000000000004 5.5000000000000009 4.5000000000000009 -17.499999999999996 60.250000000000007 1.0000000180025095e-35 9.5000000000000018 64.800000000000026 3.5000000000000004 11.500000000000002 4.5000000000000009 653.50000000000011 16.500000000000004 1.0000000180025095e-35 2.5000000000000004 40.500000000000007 50.500000000000007 62.000000000000007 1.5000000000000002 2.5000000000000004 12.500000000000002 3.5000000000000004 12.500000000000002 10.500000000000002 62.500000000000007 4.5000000000000009 11.500000000000002
decision_type=2 2 2 2 2 2 2 2 2 2 2 2 2 2 2 2 2 2 2 2 2 2 2 2 2 2 2 2 2 2
left_child=-1 3 -3 4 5 6 -2 23 22 28 11 12 13 14 15 16 17 18 -11 20 25 -20 -8 -7 -25 -19 -13 -9 -10 -18
right_child=1 2 -4 -5 -6 7 8 27 9 10 -12 26 -14 -15 -16 -17 29 19 21 -21 -22 -23 -24 24 -26 -27 -28 -29 -30 -31
leaf_value=-0.045991667823712508 -0.041125006080376593 0.0059903334281091979 0.16592490426298009 0.021190343172060921 0.035364810092381536 -0.0043842207791668702 0.014862773814025785 0.0069342941728361964 -0.059293029354299656 0.0047280839859927797 -0.010728920067346964 0.073750583667528805 -0.17057132997755359 0.07010388271338483 -0.13338747627863995 0.037321520817053859 -0.10659778292354978 -0.0098923953036926665 -0.097423702975863918 0.12661125968315395 -0.096611549590644552 0.029111369305165335 0.13171266906798804 -0.060823015194983711 0.088627693368857757 0.096342176400566942 -0.11123171667069198 0.25759423374407492 -0.01740288584558633 0.03407941765588654
leaf_weight=14.495085267444209 27.239963141785779 564.58581670541025 1.3919800128787745 57.066524745896459 19.714751739054918 61.512456034237857 21.368705345808738 272.01474350740818 21.570473789080097 34.51447118761098 418.43311615472294 16.867683597840372 1.0356027386151243 6.5760469792949143 2.4173558238544492 18.179315611259881 5.9162401082176066 5.0963584995042748 7.5280582414816291 3.5087468221900044 2.2234760520659611 2.2726978148857597 2.2422886825661399 15.94421402263106 1.4363044754427381 4.1958357581752352 0.79234274197369714 0.41038136929273505 43.486490498456078 1.6138389178231589
leaf_count=14291 20834 5731 11 1294 218 4610 3024 13655 18946 1790 30462 124 31 241 43 448 768 123 441 50 67 61 33 411 23 52 8 3 5288 85
internal_value=0 0.000406209 0.00638368 -0.00274035 -0.0040817 -0.00486063 -0.00885922 0.00250422 -0.00744124 -0.00876394 -0.00600473 0.0115294 0.0015138 0.00340881 -0.00160557 0.00214008 -0.0074244 0.00133455 -0.0113745 0.0388204 0.0120711 -0.0680815 0.0259598 -0.0140971 -0.0484726 0.0380772 0.0654511 0.00731189 -0.0312921 -0.076448
internal_weight=0 1641.16 565.978 1075.18 1018.11 998.397 647.079 351.318 619.839 596.228 531.171 112.738 95.078 94.0424 87.4664 85.049 66.8697 59.3396 44.3152 15.0244 11.5157 9.80076 23.611 78.893 17.3805 9.29219 17.66 272.425 65.057 7.53008
internal_count=123166 108875 5742 103133 101839 101621 82919 18702 62085 59028 34794 4332 4200 4169 3928 3885 3437 2584 2292 292 242 502 3057 5044 434 175 132 13658 24234 853
is_linear=0
shrinkage=0.1


Tree=78
num_leaves=31
num_cat=0
split_feature=3 7 14 4 22 1 14 20 0 3 9 4 8 22 7 7 2 19 14 1 3 2 1 9 13 2 11 9 14 12
split_gain=3.25085 3.53285 5.05205 2.97472 2.92178 3.20264 2.9024 4.0192 3.10939 2.64693 3.93834 3.70776 2.98492 2.79911 2.7708 2.67093 2.46265 2.43175 2.45712 4.20735 4.75681 4.09721 3.34438 4.23593 2.715 2.9207 3.46122 2.99826 3.58364 3.53651
threshold=12.500000000000002 2.5000000000000004 29.500000000000004 5.5000000000000009 1.5000000000000002 24.500000000000004 16.500000000000004 87.500000000000014 18.500000000000004 4.5000000000000009 9.5000000000000018 2.5000000000000004 8.5000000000000018 -2.4999999999999996 11.500000000000002 5.5000000000000009 19.500000000000004 8.5000000000000018 7.5000000000000009 10.500000000000002 2.5000000000000004 33.500000000000007 11.500000000000002 10.500000000000002 2.5000000000000004 36.500000000000007 1.0000000180025095e-35 14.500000000000002 12.500000000000002 11.500000000000002
decision_type=2 2 2 2 2 2 2 2 2 2 2 2 2 2 2 2 2 2 2 2 2 2 2 2 2 2 2 2 2 2
left_child=1 2 3 4 6 -6 -1 -8 -9 10 12 17 -3 15 -15 -11 -13 18 -12 20 -20 -22 23 -21 -24 26 -26 28 -28 -29
right_child=-2 9 -4 -5 5 -7 7 8 -10 13 11 16 -14 14 -16 -17 -18 -19 19 22 21 -23 24 -25 25 -27 27 29 -30 -31
leaf_value=-0.040509333238685802 0.029799382197307024 -0.020400316716544891 0.092484403764064887 0.032719205675696646 -0.0066961728114899866 0.10814828472614609 0.051769801633303553 -0.05483947305503975 0.010332696666554099 -0.023040539422067817 0.021499695654671268 -0.030454352110002317 0.18272785793637919 0.0097995729057471347 0.069841612384518664 0.011247455784107959 0.056077752985676348 0.1659111434511984 0.0065579697079337215 -0.08230964482273849 -0.059841837164815871 0.16345616126744228 0.0088291049118405778 0.048904797610254513 -0.0013889719661370889 0.029487793247597361 0.07248654037217471 -0.064182439733203381 -0.026055727988187095 0.065962913997591618
leaf_weight=54.344419629813274 35.811291763639019 110.68242326104701 5.0309087739442466 17.198382279137149 422.0050810260509 2.442275612615048 9.5127536307772953 15.004447370562504 14.295349944339248 52.661012522248711 44.735641545956241 3.9762147001747534 0.7281829004350574 440.90432626210486 7.8222643798653726 39.955642859497857 19.026335682254285 0.87946342688519408 22.058064202428795 2.7458002921775941 30.890898096258756 0.8441647244617333 123.49973386219244 23.660491470483976 70.022197794936801 15.584286277182398 4.4431678806613517 29.627780157985402 21.784035240689263 2.2462381534278384
leaf_count=31431 587 28294 44 192 30851 22 480 1533 474 6312 2534 92 8 11201 72 1544 160 8 818 186 1062 7 2391 473 1333 142 163 345 392 15
internal_value=0 -0.000663401 -0.00725743 -0.0081957 -0.00955518 -0.00603536 -0.0255924 -0.00470603 -0.023042 0.0026672 -0.00237452 0.00209721 -0.0190727 0.0075794 0.0108462 -0.0082484 0.0411198 -0.000186685 -0.000559195 -0.00339972 -0.0291102 -0.053902 0.00131071 0.0352608 -0.00204435 -0.0113888 -0.0163608 -0.0344045 -0.00936162 -0.0550108
internal_weight=0 1608.61 539.834 534.803 517.604 424.447 93.157 38.8126 29.2998 1068.78 527.435 416.025 111.411 541.343 448.727 92.6167 23.0026 393.022 392.142 347.407 53.7931 31.7351 293.614 26.4063 267.207 143.708 128.123 58.1012 26.2272 31.874
internal_count=123166 122579 65027 64983 64791 30873 33918 2487 2007 57552 38423 10121 28302 19129 11273 7856 252 9869 9861 7327 1887 1069 5440 659 4781 2390 2248 915 555 360
is_linear=0
shrinkage=0.1


Tree=79
num_leaves=31
num_cat=0
split_feature=19 22 14 8 0 22 12 2 4 20 22 5 16 18 2 13 23 6 12 19 16 20 3 9 19 13 16 20 9 5
split_gain=3.32946 3.01861 3.23332 2.76769 3.52108 4.32714 4.0514 3.28841 2.81044 3.85009 3.64302 3.51709 3.47405 3.1207 3.24426 2.83871 2.79346 3.0206 2.72291 3.52024 2.66397 3.90299 3.69495 3.28689 3.08517 3.83671 3.60897 2.89746 3.18606 2.66193
threshold=8.5000000000000018 -1.0000000180025095e-35 31.500000000000004 6.5000000000000009 15.500000000000002 111.50000000000001 2.5000000000000004 35.500000000000007 2.5000000000000004 642.50000000000011 18.500000000000004 3.5000000000000004 49.400000000000006 1.5000000000000002 21.500000000000004 11.500000000000002 1.0000000180025095e-35 42.500000000000007 3.5000000000000004 3.5000000000000004 83.500000000000014 365.50000000000006 1.5000000000000002 15.500000000000002 2.5000000000000004 1.0000000180025095e-35 63.350000000000001 243.50000000000003 13.500000000000002 3.5000000000000004
decision_type=2 2 2 2 2 2 2 2 2 2 2 2 2 2 2 2 2 2 2 2 2 2 2 2 2 2 2 2 2 2
left_child=1 -1 3 8 7 6 -6 20 11 10 12 13 -10 14 -3 -16 -15 -18 19 -8 24 23 -23 -22 -5 -26 27 28 -27 -20
right_child=-2 2 -4 4 5 -7 18 -9 9 -11 -12 -13 -14 16 15 -17 17 -19 29 -21 21 22 -24 -25 25 26 -28 -29 -30 -31
leaf_value=-0.0089826996420354511 0.13243249790256184 -0.032591113914598006 0.083057832839993934 -0.024261588917736471 0.053713374327053448 -0.14414542174088918 -0.16412491259958861 0.054447453541425953 0.098777062221017425 0.1376389115821528 -9.8958474593417907e-05 0.077189943229000274 0.0199725914603049 0.0057691087962455367 -0.006075279920541062 -0.12772298219798406 -0.030827085734415532 0.14170119498893483 0.018352422171576337 0.061004427535122752 -0.037881703530218289 -0.23027576203780975 0.11933501537141306 0.079218709187126701 0.083006111141724598 -0.15814591869549219 -0.012097465364606793 0.017860945569790759 0.14921062368947297 -0.1763844405044995
leaf_weight=312.96259516229475 1.8961839925032098 55.739276628866037 4.8957835752516976 61.527251901366981 34.816808560281061 1.5366792511194933 1.8692616354674094 10.656063738744704 6.1772393900318994 2.2828792976215473 182.03434320919769 5.3185708643600256 59.265360714081908 303.3742052983705 367.62924102500256 1.9283480406738807 31.153876595252314 1.0489483237033699 87.870513902511448 1.1052240729331968 7.510544237156866 0.31966647878289123 5.564677192363888 3.5206167194992304 5.9156796589086289 0.3746965294121759 58.636237833736232 12.053686274215577 3.3758889350574464 0.70759232342243095
leaf_count=61104 17 21071 37 910 299 14 21 86 65 20 3129 198 968 21998 6750 41 4445 10 799 8 140 4 36 34 73 15 695 147 25 7
internal_value=0 -0.000153948 0.00194213 0.00163975 0.0101251 0.0226501 0.0246783 0.000671106 -0.000843844 0.00836825 0.00717577 -0.00384676 0.0274111 -0.00441321 -0.010102 -0.00671004 0.00279653 -0.0252073 0.0136365 -0.080474 -0.00293751 0.034574 0.100342 -0.000508876 -0.00740967 0.00549354 -0.000666275 0.0417452 0.118505 0.0167968
internal_weight=0 1631.17 1318.21 1313.31 297.361 127.906 126.369 169.455 1015.95 249.76 247.477 766.192 65.4426 760.874 425.297 369.558 335.577 32.2028 91.5526 2.97449 158.799 16.9155 5.88434 11.0312 141.883 80.3562 74.4405 15.8043 3.75059 88.5781
internal_count=123166 123149 62045 62008 3313 1148 1134 2165 58695 4182 4162 54513 1033 54315 27862 6791 26453 4455 835 29 2079 214 40 174 1865 955 882 187 40 806
is_linear=0
shrinkage=0.1


Tree=80
num_leaves=31
num_cat=0
split_feature=11 3 2 22 16 6 4 2 18 12 15 7 3 1 19 6 15 0 16 18 11 19 23 14 7 3 1 22 14 12
split_gain=3.5384 3.18388 2.9873 3.43993 2.94704 2.78671 2.99999 3.34527 3.81046 4.09081 4.48035 3.83854 3.53469 2.69426 3.48544 2.63741 2.45462 2.71624 3.40763 2.43592 2.73027 3.97317 3.00857 2.46464 2.38224 9.58287 4.36034 4.13596 2.85484 3.73729
threshold=5.5000000000000009 14.500000000000002 40.500000000000007 -65.499999999999986 86.750000000000014 40.500000000000007 1.5000000000000002 21.500000000000004 5.5000000000000009 4.5000000000000009 19.500000000000004 6.5000000000000009 3.5000000000000004 12.500000000000002 6.5000000000000009 4.5000000000000009 24.500000000000004 20.500000000000004 88.750000000000014 14.500000000000002 1.0000000180025095e-35 1.0000000180025095e-35 1.0000000180025095e-35 8.5000000000000018 1.5000000000000002 4.5000000000000009 21.500000000000004 9.5000000000000018 24.500000000000004 8.5000000000000018
decision_type=2 2 2 2 2 2 2 2 2 2 2 2 2 2 2 2 2 2 2 2 2 2 2 2 2 2 2 2 2 2
left_child=1 2 3 -1 -3 6 7 19 24 11 12 15 -11 -8 -15 16 17 -10 -19 20 23 22 -22 -5 25 27 28 -9 -27 -30
right_child=-2 4 -4 5 -6 -7 13 8 9 10 -12 -13 -14 14 -16 -17 -18 18 -20 -21 21 -23 -24 -25 -26 26 -28 -29 29 -31
leaf_value=-0.083095102401619464 0.17380199730066812 0.081098233423297084 0.037453411925963201 -0.014065300402404446 -0.030554819924727552 0.034507676054597973 0.00164042185545715 -0.034592018365387105 0.05628639361751752 -0.13358159263123701 -0.077117852320557484 -0.15383938093530941 0.096802883471460405 0.023403555345515196 -0.10631302872535829 0.19746304997210126 0.12638990051581461 -0.15445121462731967 0.16954606147108015 0.13214033605172373 -0.010589592237134994 0.030939947360169109 -0.10071289164140076 -0.0477052419122444 -0.0012803855383932488 -0.045477905290165432 0.10235493580940964 0.049714166296782485 -0.029933825971315789 0.096811480344128314
leaf_weight=5.0873005383821228 1.1705332816345606 8.8037399873064697 20.46627430524677 44.428499589812191 3.2317808817024334 22.125679277418385 395.81603935540511 7.6227742922783355 10.579182764877272 0.80883473401627082 5.6260554337422946 0.79398227640194718 3.7699578952342563 91.83220840118156 2.1192122055217615 1.5070203766226757 4.0912163183093062 1.3589627229375754 0.42649254761636246 1.0565729841227938 17.912889187253658 21.355062205146623 4.6697744871864861 42.722075169804043 796.34758949429033 70.934661239005436 2.269174631102941 24.59342242362618 7.4519478689180669 3.3824093413422816
leaf_count=7972 5 91 196 34006 54 656 14331 731 472 26 137 18 81 1034 13 7 38 44 4 159 9103 3763 5550 23245 17736 2943 22 566 129 34
internal_value=0 -0.000125335 -0.000508122 -0.000996546 0.0511171 -0.000733138 -0.00123185 -0.00419031 -0.00209922 0.033611 -0.0173419 0.0613325 0.0561059 0.00525393 0.0204776 0.0708433 0.0592476 0.0370315 -0.0770578 -0.0190898 -0.0203087 1.65647e-05 -0.0292258 -0.0305559 -0.0032325 -0.0166046 -0.0343809 0.0297662 -0.0381754 0.00963516
internal_weight=0 1623.19 1611.16 1590.69 12.0355 1585.6 1563.48 1073.71 941.564 28.9617 10.2048 18.7569 4.57879 489.767 93.9514 17.9629 16.4559 12.3646 1.78546 132.145 131.088 43.9377 22.5827 87.1506 912.602 116.254 84.0382 32.2162 81.769 10.8344
internal_count=123166 123161 123016 122820 145 114848 114192 98814 22988 827 244 583 107 15378 1047 565 558 520 48 75826 75667 18416 14653 57251 22161 4425 3128 1297 3106 163
is_linear=0
shrinkage=0.1


Tree=81
num_leaves=31
num_cat=0
split_feature=8 10 22 14 4 5 9 16 16 16 1 18 7 6 10 0 19 11 15 19 7 14 3 19 14 7 8 0 13 11
split_gain=2.98426 2.83324 2.66096 2.77878 3.42722 3.31822 3.30782 3.18655 4.06307 3.87626 3.12716 4.9408 2.81515 4.18471 3.3105 3.16002 2.74975 3.15325 3.10265 2.71221 3.55783 3.09947 3.53586 4.02763 2.97337 2.96314 2.67626 2.62475 2.62269 2.61888
threshold=6.5000000000000009 1.5000000000000002 -53.499999999999993 18.500000000000004 3.5000000000000004 3.5000000000000004 2.5000000000000004 69.65000000000002 78.850000000000009 55.45000000000001 24.500000000000004 3.5000000000000004 5.5000000000000009 12.500000000000002 6.5000000000000009 24.500000000000004 2.5000000000000004 1.0000000180025095e-35 24.500000000000004 1.5000000000000002 6.5000000000000009 22.500000000000004 6.5000000000000009 1.0000000180025095e-35 27.500000000000004 4.5000000000000009 1.0000000180025095e-35 10.500000000000002 12.500000000000002 3.5000000000000004
decision_type=2 2 2 2 2 2 2 2 2 2 2 2 2 2 2 2 2 2 2 2 2 2 2 2 2 2 2 2 2 2
left_child=2 -2 -1 4 6 7 -4 9 16 -5 -10 -12 13 28 26 -14 17 -9 19 20 21 22 23 27 -23 -25 -15 -19 -8 -18
right_child=1 -3 3 5 -6 -7 12 8 10 -11 11 -13 15 14 -16 -17 29 18 -20 -21 -22 24 -24 25 -26 -27 -28 -29 -30 -31
leaf_value=-0.066886296895877773 0.0053432860424806761 0.040101512068000222 -0.08113209487098455 0.057109444406449175 0.007597255891338201 0.1155017602842698 -0.015759036861375149 0.0103774073085783 -0.00067667842365102008 -0.016830066461345796 -0.15732733673432697 0.17397412619184505 0.0046897297339893338 0.11581733694678065 -0.15304983853639845 -0.16242438130936659 -0.03272098189656316 0.12655247399086261 0.068375485386182974 0.075167561102963604 -0.10264609520717319 -0.054701438591593127 0.079374406837252137 0.11111526128482536 0.23320916387031365 -0.15927015337865524 0.014600731482021432 -0.067128643760507076 0.033040360135454784 0.18153229366874946
leaf_weight=6.3761171292971985 370.85941204241863 25.034454850698239 6.2126282258839174 7.6850608121876567 164.70669765143248 2.699655955657362 440.43811392665134 67.171219168406424 124.7765272924571 91.601783200780119 2.6460843225941058 0.54241674207150925 163.18394769160705 2.7770118819830705 1.1241653710603703 1.1394251468591381 12.307078861282204 0.78622713790537968 25.602310187965486 8.1172583773150091 2.5608230271609491 6.420126436976715 10.811598188316564 3.5068320508289621 0.3799290508031844 0.45827456330880512 44.045952839901474 6.3580695125783677 11.29577235367651 0.59823883743956763
leaf_count=12403 5678 323 14247 114 2147 18 67695 1254 2740 1466 19 5 9367 287 3 6 135 17 219 88 38 123 212 46 2 14 4031 174 291 4
internal_value=0 0.00754123 -0.00245454 -0.002115 -0.00532683 0.00503545 -0.00850294 0.00423449 0.00981311 -0.011107 -0.00317562 -0.100967 -0.0078234 -0.0115573 0.0165323 0.00353095 0.0212697 0.0255716 0.041273 0.0236613 0.0102961 0.0203663 0.0386628 -0.000957432 -0.0386155 0.079865 0.0206038 -0.0458141 -0.0145388 -0.0227891
internal_weight=0 395.894 1216.33 1209.95 834.924 375.03 670.217 372.33 273.043 99.2868 127.965 3.1885 664.004 499.681 47.9471 164.323 145.078 132.173 65.0014 39.3991 31.2819 28.7211 21.921 11.1094 6.80006 3.96511 46.823 7.1443 451.734 12.9053
internal_count=123166 6001 117165 104762 98074 6688 95927 6670 5090 1580 2764 24 81680 72307 4321 9373 2326 2187 933 714 626 588 463 251 125 60 4318 191 67986 139
is_linear=0
shrinkage=0.1


Tree=82
num_leaves=31
num_cat=0
split_feature=6 0 21 1 22 12 12 20 10 8 15 18 14 14 1 15 21 17 20 22 7 13 7 10 16 16 19 19 3 16
split_gain=2.95064 2.93349 3.68132 3.70829 2.93458 2.65708 3.41859 2.92087 2.79766 3.60663 3.4987 6.23711 3.73361 5.03788 4.84926 3.25052 4.85209 3.17654 3.14002 3.18231 3.04341 3.7845 2.83798 2.80295 2.70761 3.87284 2.93329 2.83883 2.69472 2.65052
threshold=55.500000000000007 13.500000000000002 1.0000000180025095e-35 25.500000000000004 -20.499999999999996 1.0000000180025095e-35 4.5000000000000009 437.50000000000006 1.0000000180025095e-35 1.0000000180025095e-35 23.500000000000004 1.5000000000000002 19.500000000000004 16.500000000000004 7.5000000000000009 28.500000000000004 1.0000000180025095e-35 4.5000000000000009 297.50000000000006 30.500000000000004 4.5000000000000009 2.5000000000000004 2.5000000000000004 1.5000000000000002 83.100000000000009 80.200000000000017 2.5000000000000004 4.5000000000000009 6.5000000000000009 76.800000000000026
decision_type=2 2 2 2 2 2 2 2 2 2 2 2 2 2 2 2 2 2 2 2 2 2 2 2 2 2 2 2 2 2
left_child=1 2 -1 4 -4 -3 -7 8 9 17 11 18 13 14 -13 24 22 -8 19 -11 -10 23 -17 -22 25 28 -27 -26 -12 -18
right_child=-2 5 3 -5 -6 6 7 -9 20 10 15 12 -14 -15 -16 16 29 -19 -20 -21 21 -23 -24 -25 27 26 -28 -29 -30 -31
leaf_value=-0.011574251975429635 0.085972089689709902 0.012037470271555236 -0.05180830777096912 0.094676994516552815 0.004546376312872801 -0.014196338688821487 -0.11016527853795235 0.0092654296966177118 -0.0042192797666954487 -0.005289524487527314 0.051895634904680625 0.052937859191126847 -0.13085332193854329 0.033063044940140111 -0.082862633128052865 -0.085549492859973042 0.084078549991112431 0.11195123974849477 0.0064793086366633909 -0.12366671587928602 -0.074342925894117853 0.062807457734822061 0.052997690663435459 0.048223497886082628 0.088972755688696392 -0.001946241497703493 -0.18279050963788429 -0.19162726924738219 -0.025258072868674927 -0.15902200553353704
leaf_weight=387.82526766135481 3.9822003730223505 254.41108298297377 9.6159123237472368 4.4280429214704773 236.54812768620445 134.95759062620846 5.8328748173344129 346.69948393630148 48.53812582134924 5.2722225757643155 14.837523637688724 3.0529864279014935 5.4200944062322369 7.0586345492883984 18.956393048785685 2.0573111809790117 0.52010303735733066 0.72375235683284689 57.27672137940317 3.9892797897118726 4.2983199305308544 18.332910070996149 5.2548218504525721 3.2970045176334679 8.3462974801950587 1.989701337879523 1.6330282110720871 0.37682778947055418 6.5144152680877587 3.2576181404292583
leaf_count=75591 60 5595 7179 39 17970 6776 488 5433 1056 158 147 176 114 181 298 20 5 9 1161 72 83 215 49 34 100 34 16 3 81 23
internal_value=0 -0.000213796 -0.00547025 0.00397653 0.00234499 0.00327129 0.000123471 0.00349303 -0.00532954 -0.0130933 -0.00983084 -0.0201446 -0.054657 -0.0404492 -0.0640253 0.0134336 -0.0335272 -0.085647 -0.00225607 -0.0562791 0.0105563 0.0382165 0.0140166 -0.0211389 0.0288882 0.0121358 -0.0834659 0.0768512 0.0283563 -0.125553
internal_weight=0 1601.32 638.417 250.592 246.164 962.905 708.494 573.536 226.837 152.371 145.814 101.026 34.4881 29.068 22.0094 44.7876 11.0899 6.55663 66.5382 9.2615 74.4664 25.9282 7.31213 7.59532 33.6978 24.9747 3.62273 8.72313 21.3519 3.77772
internal_count=123166 123106 100779 25188 25149 22327 16732 9956 4523 3135 2638 2160 769 655 474 478 97 497 1391 230 1388 332 69 117 381 278 50 103 228 28
is_linear=0
shrinkage=0.1


Tree=83
num_leaves=31
num_cat=0
split_feature=4 2 6 3 15 9 7 22 4 19 23 16 7 2 6 20 3 13 9 13 14 21 15 20 17 0 6 9 15 18
split_gain=2.74783 2.60908 3.18683 3.08984 2.83074 2.78166 3.02912 2.5455 2.47686 2.23662 2.21359 3.02544 2.13276 2.02014 1.97383 1.9527 1.97728 1.93286 2.50571 3.27775 3.15969 2.48247 2.92151 2.87397 2.31835 2.2794 2.26816 2.13121 1.94393 1.90703
threshold=6.5000000000000009 24.500000000000004 3.5000000000000004 5.5000000000000009 22.500000000000004 17.500000000000004 5.5000000000000009 -17.499999999999996 2.5000000000000004 8.5000000000000018 1.0000000180025095e-35 65.750000000000014 1.0000000180025095e-35 7.5000000000000009 63.500000000000007 642.50000000000011 8.5000000000000018 2.5000000000000004 11.500000000000002 7.5000000000000009 15.500000000000002 1.0000000180025095e-35 12.500000000000002 357.50000000000006 3.5000000000000004 14.500000000000002 49.500000000000007 7.5000000000000009 19.500000000000004 14.500000000000002
decision_type=2 2 2 2 2 2 2 2 2 2 2 2 2 2 2 2 2 2 2 2 2 2 2 2 2 2 2 2 2 2
left_child=1 3 8 5 -4 7 -7 -1 9 -3 12 -12 -10 -9 17 29 -17 28 19 24 27 23 -23 26 -19 -25 -20 -21 -15 -5
right_child=-2 2 4 15 -6 6 -8 13 10 -11 11 -13 -14 14 -16 16 -18 18 21 20 -22 22 -24 25 -26 -27 -28 -29 -30 -31
leaf_value=-0.056707807197275195 0.071370394804512335 0.00068533869952555105 0.056527404268441744 0.00087114133226742557 -0.041052853882762468 -0.021471695302072224 0.13968952113771843 -0.093074330367570832 -0.081055978210995125 0.12914081972773805 -0.090856623456301924 0.019023237377320243 0.043912556444402062 -0.0044081102302667491 0.14402680157504946 0.12390208053396393 -0.09682052658015261 -0.049159194113052161 -0.08516903043930972 0.063662121779492736 0.2304935570860184 -0.05056523737657144 0.044180236775470096 0.049340521567450779 0.09542757879852784 -0.10956291898469683 0.12464064402439401 -0.05584471708796479 -0.077349317768047557 0.14656097845331403
leaf_weight=13.167381133429215 5.3763418572489163 952.03281711571981 18.233646651264284 259.08924626713838 3.5519978445372535 2.2000005189038339 2.4820308514681528 3.0218463099220108 1.4278002362698305 1.3573954855091859 3.4350449906196436 9.2633521789684874 31.374937512911856 191.91582150230784 0.82020511850714584 2.3157665390899633 0.49210406866041001 47.200519537981108 7.7332449703244475 3.0664937369147074 0.6970520149625371 4.2207328720978721 14.217376162152503 4.8601127247675313 1.1356587650079735 1.1086432139854876 0.55203616386279453 2.9067578617286927 3.7246206379968489 0.90158732375857553
leaf_count=29256 103 16315 183 23417 47 50 34 7411 11 15 37 100 297 29695 5 68 26 13141 425 903 34 165 309 96 22 37 9 670 230 55
internal_value=0 -0.000241555 0.00278128 -0.00567512 0.0406176 -0.0125221 0.0639628 -0.0137144 0.00195607 0.000868228 0.0247498 -0.0107004 0.0384731 -0.0117431 -0.0108782 0.00227217 0.0852185 -0.0113266 -0.0236628 -0.036694 0.0290179 -0.00173705 0.0224917 -0.0330778 -0.0457621 0.0198256 -0.0711897 0.00550662 -0.00579677 0.00137636
internal_weight=0 1588.51 1020.68 567.829 21.7856 305.031 4.68203 300.349 998.891 953.39 45.5011 12.6984 32.8027 287.181 284.159 262.799 2.80787 283.339 87.6986 55.0065 6.6703 32.6921 18.4381 14.254 48.3362 5.96876 8.28528 5.97325 195.64 259.991
internal_count=123166 123063 17005 106058 230 82492 84 82408 16775 16330 445 137 308 53152 45741 23566 94 45736 15811 14770 1607 1041 474 567 13163 133 434 1573 29925 23472
is_linear=0
shrinkage=0.1


Tree=84
num_leaves=31
num_cat=0
split_feature=19 14 5 15 12 9 6 8 14 7 16 6 3 22 7 16 19 16 20 8 20 16 21 16 12 22 9 20 11 22
split_gain=3.0532 2.50478 3.47519 3.80576 3.00511 2.31954 3.72532 3.57485 2.89351 2.87656 3.0982 2.89656 2.78643 3.52754 2.63342 3.45314 2.84402 2.46596 2.40749 3.16955 2.94618 3.72074 4.12363 2.7377 2.57044 3.32089 3.24455 2.65049 2.62673 4.77919
threshold=9.5000000000000018 25.500000000000004 1.0000000180025095e-35 25.500000000000004 9.5000000000000018 9.5000000000000018 20.500000000000004 8.5000000000000018 24.500000000000004 1.0000000180025095e-35 67.050000000000026 1.0000000180025095e-35 2.5000000000000004 12.500000000000002 4.5000000000000009 63.750000000000007 2.5000000000000004 67.950000000000017 494.50000000000006 14.500000000000002 488.50000000000006 76.250000000000014 1.5000000000000002 86.750000000000014 11.500000000000002 84.500000000000014 17.500000000000004 500.50000000000006 1.0000000180025095e-35 8.5000000000000018
decision_type=2 2 2 2 2 2 2 2 2 2 2 2 2 2 2 2 2 2 2 2 2 2 2 2 2 2 2 2 2 2
left_child=1 5 3 4 -3 6 7 12 18 -10 -11 -12 13 -1 16 -16 17 -15 20 23 -7 -22 -23 24 25 28 27 -27 29 -20
right_child=-2 2 -4 -5 -6 8 -8 -9 9 10 11 -13 -14 14 15 -17 -18 -19 19 -21 21 22 -24 -25 -26 26 -28 -29 -30 -31
leaf_value=-0.067378312887032207 0.18516843659334134 -0.081585562739081144 0.047734329305942798 0.016304758223735512 0.10824070906673443 0.0011484341678215703 0.033258665485007666 0.14901157189575906 -0.19654133538958254 0.062323177352299475 -0.079566799686195941 0.11079873450300966 -0.0055166397156596238 0.026070677561448749 -0.064356166827196887 0.06244115901474348 -0.14945478652687036 -0.052499335290088101 -0.0070884248720075498 0.15786878364107476 -0.12175790376498144 0.097817991383277153 -0.18203122496847315 0.086173573250388436 0.052777107834754325 0.1039045804379907 0.11878631010967032 -0.14783269335091095 -0.0052889742406710162 0.04368359387571491
leaf_weight=16.942878951827765 0.88997644931077857 7.3080189172469527 25.669146734056994 31.785061354428763 0.94139250181615342 705.21922985430183 23.778087756054902 1.4634922707336944 1.1448347717523564 2.742228962481021 7.689002442173658 0.89201942458748806 559.2100298761103 6.8252294479216387 2.9281476656869918 8.0593279552645054 1.8893740105559107 9.6317278007695659 32.454290983478131 1.5144644267857064 4.3134773954952825 2.0705731759662744 0.70609981194138516 4.8992436522676135 13.073197957808587 0.47970465570688192 0.70133366808295239 3.2645511208102107 66.824154194851872 43.242471210309304
leaf_count=21138 5 120 243 339 9 17569 3142 8 3 24 77 6 69133 3285 631 1048 94 4205 541 9 80 21 4 49 145 3 4 31 820 380
internal_value=0 -0.000103797 0.0190129 0.000597383 -0.0599233 -0.000929072 -0.00556967 -0.00709082 0.0023551 -0.0454807 -0.0302078 -0.0597778 -0.00746812 -0.03105 -0.0100671 0.0286498 -0.0332544 -0.0199138 0.0030338 0.0138615 0.00050358 -0.0636366 0.0266532 0.0125392 0.010285 0.00650523 -0.0786071 -0.115581 0.0091601 0.0219156
internal_weight=0 1587.66 65.7036 40.0345 8.24941 1521.96 630.728 606.95 891.231 12.4681 11.3233 8.58102 605.487 46.2767 29.3338 10.9875 18.3463 16.457 878.763 166.453 712.309 7.09015 2.77667 164.939 160.04 146.967 4.44559 3.74426 142.521 75.6968
internal_count=123166 123161 711 468 129 122450 102684 99542 19766 110 107 83 99534 30401 9263 1679 7584 7490 19656 1982 17674 105 25 1973 1924 1779 38 34 1741 921
is_linear=0
shrinkage=0.1


Tree=85
num_leaves=31
num_cat=0
split_feature=10 2 22 7 16 13 4 16 13 16 21 0 2 14 13 3 3 8 22 8 22 1 11 22 16 16 4 7 22 22
split_gain=2.61338 4.17548 2.97048 2.56509 2.53401 2.64539 2.68981 3.46618 3.04888 2.61496 2.51314 2.46375 2.44123 2.34608 2.19903 2.1662 2.15851 2.55011 2.49488 4.23644 2.10511 2.07162 2.36019 2.64034 2.63978 2.07813 5.17459 3.95252 3.56289 3.30873
threshold=1.0000000180025095e-35 36.500000000000007 -43.499999999999993 14.500000000000002 80.200000000000017 9.5000000000000018 2.5000000000000004 81.950000000000003 1.5000000000000002 81.300000000000026 2.5000000000000004 27.500000000000004 37.500000000000007 17.500000000000004 15.500000000000002 3.5000000000000004 4.5000000000000009 6.5000000000000009 64.500000000000014 2.5000000000000004 109.50000000000001 10.500000000000002 2.5000000000000004 74.500000000000014 72.300000000000026 70.65000000000002 1.0000000180025095e-35 9.5000000000000018 19.500000000000004 35.500000000000007
decision_type=2 2 2 2 2 2 2 2 2 2 2 2 2 2 2 2 2 2 2 2 2 2 2 2 2 2 2 2 2 2
left_child=2 11 -1 4 14 6 7 12 -8 -7 -10 16 -6 -9 21 -11 18 -18 -2 -20 -19 25 -23 24 -24 26 27 -4 -27 -30
right_child=1 -3 3 -5 5 9 8 13 10 15 -12 -13 -14 -15 -16 -17 17 20 19 -21 -22 22 23 -25 -26 28 -28 -29 29 -31
leaf_value=-0.050276420351527053 -0.01126340032858459 0.055131136602986852 -0.045069341075108071 0.07833747422819165 -0.058772411947521523 0.16904464410087927 -0.017895210957910978 -0.030130583781876476 0.066260185362282328 0.14741366537520822 -0.13239825930423293 0.13215472539841724 0.048082584795105479 -0.0019197945558239683 0.19074465837847757 -0.024993773874079327 0.0046206887768429549 0.033866917546223299 -0.059069536968954818 0.069310107042429833 -0.17265618227427162 0.0018351530023237297 0.0026027971435663355 -0.062082284241277978 0.081664582392767457 -0.020240795593427136 -0.0019089077498025287 0.064893525682669137 0.045351924075147501 -0.0021087791820570728
leaf_weight=13.186524248190379 130.24168684761185 16.341543459333479 54.627661854569851 3.9101068197633131 28.059798259550011 1.4631975712545671 12.538237005897829 48.360920398128883 10.40243174962961 0.93989672681163927 0.67832261137664396 1.4930062638595689 2.3144032703712574 75.502632376224938 0.60165848676115175 3.244247248469037 385.49157738329086 39.123675054710475 3.5221126768096829 9.5132119427707931 0.49986284971237083 499.81010029639992 7.0141635384279715 2.3764376706676549 10.613144234630452 36.846508912691661 115.61463388387074 3.4767943032884423 26.816475143474236 32.48071691985615
leaf_count=13117 16553 183 17224 56 2419 25 392 13972 153 38 12 11 22 1883 3 193 20942 487 729 273 4 10889 109 40 117 8971 9040 213 2015 3081
internal_value=0 0.00529235 -0.00313107 -0.00249521 -0.00281978 -0.013406 -0.0155455 -0.0203579 0.0158806 0.0539747 0.0540991 0.00386321 -0.0506305 -0.0129343 -0.00036164 0.0137346 0.00352622 0.00710379 -0.00708873 0.0346222 0.0312616 -0.000507245 0.00318319 0.0368651 0.0502047 -0.00761582 -0.0141442 -0.0384895 0.00418001 0.0193548
internal_weight=0 586.227 990.879 977.692 973.782 183.504 177.857 154.238 23.619 5.64734 11.0808 569.885 30.3742 123.864 790.278 4.18414 568.392 425.115 143.277 13.0353 39.6235 789.677 519.814 20.0037 17.6273 269.863 173.719 58.1045 96.1437 59.2972
internal_count=123166 39182 83984 70867 70811 19109 18853 18296 557 256 165 38999 2441 15855 51702 231 38988 21433 17555 1002 491 51699 11155 266 226 40544 26477 17437 14067 5096
is_linear=0
shrinkage=0.1


Tree=86
num_leaves=31
num_cat=0
split_feature=3 20 20 5 13 7 0 15 2 26 20 11 8 13 14 2 0 16 10 19 6 1 20 8 22 20 12 20 14 9
split_gain=2.15768 3.41875 3.6426 2.89635 2.71143 3.19558 2.63118 2.92539 4.0886 2.79253 3.00308 2.64495 2.60018 2.61831 3.34442 3.89898 3.15042 3.08545 4.17956 2.88128 2.86179 2.42945 2.41044 2.25742 3.01442 3.19819 3.56612 3.75391 3.56598 2.50622
threshold=8.5000000000000018 369.50000000000006 517.50000000000011 2.5000000000000004 11.500000000000002 4.5000000000000009 17.500000000000004 27.500000000000004 32.500000000000007 1.0000000180025095e-35 361.50000000000006 1.5000000000000002 9.5000000000000018 4.5000000000000009 23.500000000000004 22.500000000000004 19.500000000000004 73.600000000000009 1.0000000180025095e-35 1.5000000000000002 34.500000000000007 14.500000000000002 666.50000000000011 6.5000000000000009 -18.499999999999996 389.50000000000006 5.5000000000000009 391.50000000000006 22.500000000000004 12.500000000000002
decision_type=2 2 2 2 2 2 2 2 2 2 2 2 2 2 2 2 2 2 2 2 2 2 2 2 2 2 2 2 2 2
left_child=23 6 3 12 5 -4 7 8 9 10 -2 -8 13 17 15 -15 -16 18 -3 -17 -21 -20 -7 24 -1 -26 28 -28 29 -27
right_child=1 2 4 -5 -6 22 11 -9 -10 -11 -12 -13 -14 14 16 19 -18 -19 21 20 -22 -23 -24 -25 25 26 27 -29 -30 -31
leaf_value=-0.026527978345316436 0.0020522327989359631 -0.15050794127792899 -0.0028528260955573547 0.05851026230628123 0.096649473840344155 0.089933304005069506 0.052233561807070172 0.11266271639838712 -0.15394713352324541 0.10102652596923944 0.10294463539983312 -0.026967477457648454 0.14766299919198986 0.063323627235446267 -0.092390056729657721 -0.059904980641741025 0.10013648854434153 -0.020645200201178389 -0.056484224316471682 0.099581140825675554 -0.16955303765933827 0.13137695005309827 -0.051662370345885139 0.0050412687429493945 -0.0070904515530288582 -0.013574164561220799 0.11682427387637118 0.010295867642853104 -0.068262008349350131 0.030346563826927186
leaf_weight=56.381228138704046 71.188528296470849 5.835362614940097 38.77373178601556 4.2880586912142453 3.8377794701664234 6.9096284575643931 33.461701557283959 2.7093385589541858 1.5477270809933532 3.2434574959352167 3.0777422650862709 4.8244678342016405 0.84097371250390907 4.0956854512915077 1.0580052041914303 16.434421574835145 4.321875486522913 13.7254911523014 5.1244454359002702 2.2165291673736642 0.48079563677310933 0.79521457385271777 1.4555048551410434 376.04139621209924 588.02483606146347 63.690250671971626 3.3562904225873345 229.43902510199041 9.8909843914443609 16.32153590786038
leaf_count=36703 3652 134 719 71 42 69 524 25 13 68 90 64 5 253 23 449 36 437 132 20 2 8 19 5898 65343 4047 55 3940 149 176
internal_value=0 0.00894417 -0.00377461 -0.0206437 0.0158213 0.0092407 0.0206184 0.0104881 0.00698656 0.0102001 0.00623342 0.0422534 -0.0268229 -0.0295358 -0.0087711 -0.0252265 0.0622743 -0.0528487 -0.0904503 -0.0441831 0.0516082 -0.031248 0.0652961 -0.00153324 -0.00408962 -0.0027005 0.00529892 0.0118317 -0.0116172 -0.00461481
internal_weight=0 230.246 110.194 59.2169 50.9766 47.1389 120.053 81.7668 79.0575 77.5097 74.2663 38.2862 54.9288 54.0878 28.6073 23.2274 5.37988 25.4805 11.755 19.1317 2.69732 5.91966 8.36513 1343.15 967.104 910.723 322.698 232.795 89.9028 80.0118
internal_count=123166 6855 2419 1570 849 807 4436 3848 3823 3810 3742 588 1499 1494 783 724 59 711 274 471 22 140 88 116311 110413 73710 8367 3995 4372 4223
is_linear=0
shrinkage=0.1


Tree=87
num_leaves=31
num_cat=0
split_feature=4 2 7 10 20 1 20 11 8 9 6 6 16 25 3 6 22 8 1 0 16 22 21 8 19 9 11 1 2 19
split_gain=2.39767 2.60911 2.67919 4.09954 3.23532 2.55483 2.2696 2.21447 2.32503 2.94018 2.20041 2.99512 3.36879 2.90826 2.1864 2.16853 2.14745 3.66386 2.86798 2.09855 2.04162 2.61135 2.363 2.52729 2.22489 2.07881 1.97621 3.28659 3.79011 5.19423
threshold=1.5000000000000002 23.500000000000004 4.5000000000000009 1.5000000000000002 607.50000000000011 16.500000000000004 553.50000000000011 1.0000000180025095e-35 1.5000000000000002 5.5000000000000009 3.5000000000000004 1.5000000000000002 61.400000000000006 1.0000000180025095e-35 7.5000000000000009 2.5000000000000004 22.500000000000004 6.5000000000000009 7.5000000000000009 13.500000000000002 68.050000000000011 4.5000000000000009 1.5000000000000002 6.5000000000000009 2.5000000000000004 15.500000000000002 1.5000000000000002 7.5000000000000009 31.500000000000004 2.5000000000000004
decision_type=2 2 2 2 2 2 2 2 2 2 2 2 2 2 2 2 2 2 2 2 2 2 2 2 2 2 2 2 2 2
left_child=1 2 3 4 -1 -2 -5 20 -9 -10 11 26 -13 -14 19 -15 17 -12 -19 -11 -4 -22 23 -23 -24 -25 -3 -28 -29 -30
right_child=5 10 7 6 -6 -7 -8 8 9 14 16 12 13 15 -16 -17 -18 18 -20 -21 21 22 24 25 -26 -27 27 28 29 -31
leaf_value=-0.036487716870023813 0.003942173626183358 -0.0022342983211443967 -0.035652573675101211 0.0052803742628988104 0.083695742511141466 0.033397264590596179 -0.1499061877331303 -0.068143554617754662 0.15336049324140072 0.029288019032647328 -0.081444013165783091 -0.12259979948946163 0.0028558040125614206 -0.021484796035979498 0.13456077679403042 -0.18521786225799416 0.059686088681519811 -0.25252621331771863 0.058595088728175662 -0.05171580151702642 -0.052675559837825819 0.0286633928583859 0.0047863717295257464 -0.14982377578016626 0.15608074957687232 0.084870431208444078 -0.053326178872261265 0.029186248428323167 0.01808583364167515 -0.049018684930494959
leaf_weight=87.420376195933841 449.02105868629951 694.52522402664454 18.927035259941135 49.130380289268487 2.2987925920888292 31.513707953708945 0.96084520640942983 2.4848813966452807 1.8858477309427168 19.339259202406545 3.7428686962593947 3.9147515170043361 12.536452826188905 1.6151682945710482 1.6640939475328185 1.6204170663040713 11.942990145413203 0.31159473583102215 6.0322076271986589 3.8319212152764512 5.0635244264732391 9.5682715924745008 1.6179066026725184 1.5677406512550072 2.4346764772781171 0.49706921912729729 7.4682684234503531 74.874969063315802 31.584000368166016 18.171571922488511
leaf_count=67322 15611 15367 4764 7043 250 330 46 1834 385 2090 89 85 202 56 40 31 102 4 74 269 3060 1675 332 75 31 7 145 1359 310 178
internal_value=0 -0.00262071 -0.0126605 -0.0206135 -0.0334084 0.00587385 0.0023036 0.00348181 0.0243801 0.0329842 -0.000207804 -0.00101997 -0.0395686 -0.0189595 0.0238435 -0.103484 0.0309931 -0.0029804 0.0433134 0.0158921 -0.0119016 0.0097636 0.0299197 0.00701111 0.0956797 -0.093325 -0.000101902 0.0111094 0.0149706 -0.00642187
internal_weight=0 1077.03 208.693 139.81 89.7192 480.535 50.0912 68.8822 29.206 26.7211 868.34 846.311 19.6868 15.772 24.8353 3.23559 22.0297 10.0867 6.3438 23.1712 39.6762 20.7492 15.6857 11.6331 4.05258 2.06481 826.624 132.099 124.631 49.7556
internal_count=123166 107225 89223 74661 67572 15941 7089 14562 4618 2784 18002 17733 374 289 2399 87 269 167 78 2359 9944 5180 2120 1757 363 82 17359 1992 1847 488
is_linear=0
shrinkage=0.1


Tree=88
num_leaves=31
num_cat=0
split_feature=1 2 4 2 0 22 11 14 6 13 7 21 13 2 7 0 24 16 15 0 14 7 3 1 22 3 5 20 22 2
split_gain=1.91565 1.85924 2.42725 2.75195 2.28247 2.97094 2.34943 3.28768 2.12907 3.4431 3.23285 2.77081 2.75795 3.11988 5.20542 2.58331 2.54351 2.46258 2.33886 2.31845 2.35739 2.42442 2.30173 2.14871 2.89791 2.69076 3.67209 2.59603 3.99134 2.4491
threshold=33.000000000000007 30.500000000000004 3.5000000000000004 10.500000000000002 14.500000000000002 45.500000000000007 1.0000000180025095e-35 6.5000000000000009 1.0000000180025095e-35 10.500000000000002 8.5000000000000018 3.5000000000000004 7.5000000000000009 17.500000000000004 7.5000000000000009 20.500000000000004 1.0000000180025095e-35 82.15000000000002 28.500000000000004 25.500000000000004 15.500000000000002 4.5000000000000009 11.500000000000002 16.500000000000004 73.500000000000014 3.5000000000000004 3.5000000000000004 247.50000000000003 50.500000000000007 27.500000000000004
decision_type=2 2 2 2 2 2 2 2 2 2 2 2 2 2 2 2 2 2 2 2 2 2 2 2 2 2 2 2 2 2
left_child=1 2 3 -1 5 -4 7 -7 10 11 12 22 13 14 -5 17 -16 -12 -15 20 21 -14 23 25 -25 26 29 28 -27 -10
right_child=-2 -3 4 8 -6 6 -8 -9 9 -11 15 -13 19 18 16 -17 -18 -19 -20 -21 -22 -23 -24 24 -26 27 -28 -29 -30 -31
leaf_value=-0.05125548343041833 -0.18277654955258937 0.0056086693607385876 0.013378436774813774 -0.040515242485285402 0.034344761029882799 0.015194158286452342 0.0020210608093880222 -0.07684315990143116 -0.016100764063497166 -0.196580431572485 0.016511601752709434 0.13558313873704991 -0.010328240336726798 -0.0074167186342990873 -0.040443828309693897 0.11753708118864842 0.24321949894542993 -0.062633686984525927 -0.1868816245828574 -0.17780690777855779 0.036809245856614041 0.070826570225474825 0.074071754173997514 0.029172914233909386 0.19323936811265077 0.034355820283282379 0.19671588853897026 -0.0097000345970274741 -0.030099473579859481 -0.092942865509693717
leaf_weight=12.179504351469062 0.57321106269955535 435.69195234103972 94.10531572495529 45.076390793882069 29.473986830329522 5.7875478078494806 23.040345179440919 11.782698899507521 32.436624306766817 0.82625268662377394 61.911898761507473 1.6864711322441497 35.183473821053894 597.81118238813247 0.4658578063031189 2.3795980472350484 0.98332314619801764 4.1978961951381271 0.72706331094377574 0.63839941442711179 26.379857788728259 4.1112558794593488 4.918249251528322 9.5635784694295563 1.213141027255914 51.558746834295562 0.75584871668252063 42.059829170540525 11.807465295029031 4.7558486500238351
leaf_count=28178 2 4868 1322 35848 320 101 320 178 4141 27 1790 67 4377 33563 255 21 195 212 12 8 879 316 72 182 16 3544 7 1647 637 61
internal_value=0 6.74405e-05 -0.00209237 -0.00402592 0.00913785 0.00362292 -0.0189832 -0.0465265 -0.00341491 0.00703254 -0.00557954 0.00807907 -0.0075773 -0.00957367 -0.0345178 0.0151706 0.152032 0.011486 -0.00763472 0.0118425 0.013686 -0.00183733 0.00672726 0.00457861 0.047642 0.00134176 -0.0214921 0.00956085 0.0223454 -0.0259267
internal_weight=0 1553.51 1117.82 953.628 164.19 134.716 40.6106 17.5702 941.448 161.582 779.866 160.756 711.377 645.064 46.5256 68.4894 1.44918 66.1098 598.538 66.313 65.6746 39.2947 159.069 154.151 10.7767 143.374 37.9483 105.426 63.3662 37.1925
internal_count=123166 123164 118296 116055 2241 1921 599 279 87877 10401 77476 10374 75453 69873 36298 2023 450 2002 33575 5580 5572 4693 10307 10235 198 10037 4209 5828 4181 4202
is_linear=0
shrinkage=0.1


Tree=89
num_leaves=31
num_cat=0
split_feature=7 21 14 5 0 13 18 7 16 16 12 20 24 15 7 13 0 3 13 11 4 16 17 6 3 1 14 7 16 16
split_gain=2.1595 2.09494 2.32243 2.03913 2.73147 3.10476 2.59502 2.67891 4.10213 3.30972 2.99334 5.23038 3.49827 4.77869 2.81863 2.57362 2.50215 2.42302 2.39253 2.23586 2.5073 2.23298 2.3987 2.29122 2.27813 2.50652 2.21261 2.17184 2.17112 3.34387
threshold=11.500000000000002 1.5000000000000002 3.5000000000000004 1.0000000180025095e-35 23.500000000000004 10.500000000000002 4.5000000000000009 1.5000000000000002 74.15000000000002 70.450000000000017 9.5000000000000018 391.50000000000006 1.0000000180025095e-35 27.500000000000004 1.0000000180025095e-35 7.5000000000000009 23.500000000000004 12.500000000000002 11.500000000000002 2.5000000000000004 1.5000000000000002 55.100000000000009 1.0000000180025095e-35 1.0000000180025095e-35 3.5000000000000004 9.5000000000000018 13.500000000000002 1.0000000180025095e-35 74.700000000000017 75.850000000000009
decision_type=2 2 2 2 2 2 2 2 2 2 2 2 2 2 2 2 2 2 2 2 2 2 2 2 2 2 2 2 2 2
left_child=3 2 -2 6 5 28 7 8 9 21 12 -12 15 -14 -15 16 -10 18 -17 20 -8 24 23 26 -1 -26 -23 -22 -5 -30
right_child=1 -3 -4 4 -6 -7 19 -9 10 -11 11 -13 13 14 -16 17 -18 -19 -20 -21 27 22 -24 -25 25 -27 -28 -29 29 -31
leaf_value=0.083153715394933936 -0.099589302397134205 -0.0099410421566199659 0.058471951366651842 -0.00072237104459564128 0.039487510263444978 -0.11417264374775948 0.0087885567630892527 -0.0027303697177439739 -0.031006014855303084 0.041201178583430441 -0.082697732121813569 0.093465741965060259 -0.095920219414458482 -0.12034415353908323 0.081886079400741343 0.016100316540064562 -0.13832333267572539 0.097428959266929613 -0.11338078881844474 -0.20441212068437184 0.16779714554933692 -0.13262289691955156 0.0052636669871266549 0.042392711965133986 0.024595449811148733 -0.13581079230304846 -0.043089854284390307 0.041081796276149149 0.0444296615490649 0.006491302976787048
leaf_weight=4.2980194836862875 0.9869298409835271 9.2088245150534913 16.000189478561879 441.48601484868874 20.74644631225965 2.2685381824066999 69.755454689794988 664.94667858044795 36.8150446514029 15.895170137818807 2.6714745257377208 4.5660404468362685 17.047109495603994 0.92452376219443921 2.7076807252087747 7.3034393014072503 2.308822120394324 2.7849749369488555 1.7736259494922704 0.46715942963692114 1.6927930780329896 3.7510276760191408 13.225662554407561 2.2252451281685799 3.9351143511346436 1.294652661954842 10.449273390163169 6.7305249713654121 27.505125882521725 149.5502588995052
leaf_count=2618 29 207 267 25797 218 69 13190 50012 9772 1980 76 65 2442 13 34 787 47 45 92 19 34 2730 1269 417 759 93 727 190 1600 7568
internal_value=0 0.0284674 0.0492888 -0.000490894 0.00379409 0.00260128 -0.00362348 -0.00532962 -0.0182301 0.00271405 -0.0328491 0.0284412 -0.0390388 -0.0737308 0.0304114 -0.0249681 -0.0373391 0.0158345 -0.00919983 0.0137083 0.0150117 -0.0129004 -0.0264333 -0.0519554 0.029215 -0.0151138 -0.0667401 0.0665472 0.00302955 0.0123849
internal_weight=0 26.1959 16.9871 1519.13 641.556 620.81 877.57 798.924 133.977 55.0742 78.9027 7.23751 71.6652 20.6793 3.6322 50.9859 39.1239 11.862 9.07707 78.6459 78.1788 39.179 29.6512 16.4255 9.52779 5.22977 14.2003 8.42332 618.541 177.055
internal_count=123166 503 296 122663 35252 35034 87411 73978 23966 10593 13373 141 13232 2489 47 10743 9819 924 879 13433 13414 8613 5143 3874 3470 852 3457 224 34965 9168
is_linear=0
shrinkage=0.1


Tree=90
num_leaves=31
num_cat=0
split_feature=8 22 17 21 0 16 6 1 25 16 15 17 11 7 7 6 3 21 1 14 22 13 0 3 3 2 2 20 19 7
split_gain=1.96923 2.9502 2.85592 2.16399 1.95537 2.91639 3.44058 3.31825 3.80716 5.32762 2.66033 2.29542 3.97932 2.39959 2.29287 2.24896 2.21554 2.08553 2.89692 5.08295 3.01122 2.66865 2.58163 2.71885 2.56911 2.73356 3.43185 3.28791 2.88452 2.59231
threshold=6.5000000000000009 -53.499999999999993 2.5000000000000004 1.5000000000000002 15.500000000000002 49.400000000000006 26.500000000000004 10.500000000000002 1.0000000180025095e-35 50.600000000000009 22.500000000000004 1.0000000180025095e-35 1.0000000180025095e-35 2.5000000000000004 4.5000000000000009 5.5000000000000009 1.0000000180025095e-35 1.0000000180025095e-35 16.500000000000004 16.500000000000004 23.500000000000004 1.5000000000000002 12.500000000000002 2.5000000000000004 7.5000000000000009 35.500000000000007 26.500000000000004 393.50000000000006 3.5000000000000004 13.500000000000002
decision_type=2 2 2 2 2 2 2 2 2 2 2 2 2 2 2 2 2 2 2 2 2 2 2 2 2 2 2 2 2 2
left_child=1 -1 4 -4 17 6 16 11 15 -10 -11 14 -13 -14 -7 -9 -6 18 -2 22 -21 -19 23 -20 25 26 -23 28 -28 -29
right_child=2 -3 3 -5 5 7 -8 8 9 10 -12 12 13 -15 -16 -17 -18 21 19 20 -22 24 -24 -25 -26 -27 27 29 -30 -31
leaf_value=-0.073353236743179881 -0.022880848681941707 -0.0016820652403193707 0.097253218475416681 -0.15539092497806431 -0.18237576861493812 -0.076461270092679279 -0.26829233630357224 0.021483970717975573 -1.6853326523696595 -0.10150601137511379 0.0012373698208943567 0.059670452897400306 0.058430315978530073 -0.08653105636614114 -0.0099712102594285909 0.13396373975182607 0.078145361165310137 0.042649914803557502 0.0023919674302404804 -0.063777303516770578 0.010507695472428309 0.024311412763117133 -0.0059149966460729821 0.073730430910796022 0.110386372129456 0.072962390922991685 0.017337053179732095 -0.088917789551839099 -0.055696432320884559 0.1433230902090854
leaf_weight=5.7719021218149456 69.759000713041132 1159.7784278349197 4.8649418604909433 0.3644246112089603 0.33638398675247749 8.9529744408500864 0.30798275698907751 106.25679361844959 0.019606685265897705 3.920051237306323 7.0570728569291532 8.1016192995593865 1.5500301728025068 4.3369724180083722 12.327887901818029 1.8078425242565561 11.035277505987322 20.441624150238113 8.0843960835209163 12.24785507869092 9.8415946578606945 19.10916800556879 12.962860542582346 15.751409615317241 2.0621274085715404 4.3495619404129675 15.2860045779089 9.4214504115952842 8.3685307609557622 0.5064655542373665
leaf_count=12403 1909 104762 52 7 8 156 5 1112 2 60 81 75 16 58 190 11 132 440 152 169 90 501 124 172 14 51 171 111 130 2
internal_value=0 -0.00203699 0.00625728 0.0796469 0.00523168 0.0133268 0.0615068 0.00968061 0.0176613 -0.0383951 -0.0354534 -0.0172604 0.0142053 -0.0483632 -0.0379439 0.0233657 0.0704389 -0.00122333 -0.00909346 0.00723912 -0.0306808 0.0115049 0.0300016 0.0495345 0.000733067 -0.00323107 -0.00952065 -0.0287719 -0.00850082 -0.0770702
internal_weight=0 1165.55 379.432 5.22937 374.203 166.01 11.6796 154.331 119.061 10.9967 10.9771 35.2695 13.9886 5.887 21.2809 108.065 11.3717 208.192 128.647 58.8881 22.0894 79.5449 36.7987 23.8358 59.1033 57.0412 52.6916 33.5825 23.6545 9.92792
internal_count=123166 117165 6001 59 5942 1906 145 1761 1266 143 141 495 149 74 346 1123 140 4036 2616 707 259 1420 448 324 980 966 915 414 301 113
is_linear=0
shrinkage=0.1


Tree=91
num_leaves=31
num_cat=0
split_feature=6 14 9 18 8 0 20 16 22 6 15 15 13 5 2 15 6 1 1 4 5 22 17 14 15 16 2 15 7 13
split_gain=2.61307 4.53473 3.86641 4.14272 3.57813 3.01225 3.57162 2.88984 2.7939 3.52772 2.77343 2.95498 2.58513 2.45895 3.69443 2.84767 2.57518 2.37264 4.45794 3.03288 2.94727 2.32482 2.96013 2.29903 2.29858 2.29009 2.88242 2.20251 2.16529 2.43492
threshold=3.5000000000000004 9.5000000000000018 18.500000000000004 5.5000000000000009 3.5000000000000004 13.500000000000002 177.50000000000003 88.550000000000011 83.500000000000014 1.0000000180025095e-35 1.0000000180025095e-35 28.500000000000004 3.5000000000000004 1.0000000180025095e-35 16.500000000000004 8.5000000000000018 1.0000000180025095e-35 21.500000000000004 18.500000000000004 4.5000000000000009 1.5000000000000002 8.5000000000000018 2.5000000000000004 8.5000000000000018 20.500000000000004 68.250000000000014 24.500000000000004 15.500000000000002 1.5000000000000002 7.5000000000000009
decision_type=2 2 2 2 2 2 2 2 2 2 2 2 2 2 2 2 2 2 2 2 2 2 2 2 2 2 2 2 2 2
left_child=5 -2 3 4 25 6 10 8 -8 24 17 -12 -13 14 -7 16 -16 18 19 20 -1 22 27 -23 -10 26 -3 -17 -25 -30
right_child=1 2 -4 -5 -6 13 7 -9 9 -11 11 12 -14 -15 15 21 -18 -19 -20 -21 -22 23 -24 28 -26 -27 -28 -29 29 -31
leaf_value=-0.037374896987832661 -0.00039188651273226413 -0.050129189676820785 0.14729969853002464 0.11475773308834199 -0.012949380539765704 -0.15978902457189181 -0.0023272084279580838 0.0321792316823711 0.0062898748169766669 -0.17738485256709419 -0.027353516375033735 0.12176420631464187 -0.1069898112928785 0.0085015109549266745 0.047444211034795583 -0.054951326885798318 -0.16961229652562043 -0.13481142505216323 0.1403716015633647 0.1019568179130924 0.084903978785167866 -0.054654325938853769 0.10334940596971109 -0.01386982287438626 -0.082493373835389544 0.078796230242601892 0.12681309722983908 -0.010912498237918542 0.0035232153267089721 0.033779176192898518
leaf_weight=11.288125010500162 72.758897671423256 3.546157128320373 3.1693351259455076 5.2477677465758452 16.868182247195364 1.4814808273995357 340.51855622519139 23.362088373386882 7.4521534171863077 1.8278630957756821 131.27107829735024 2.3430058043450113 0.62601639423519362 378.64300187914523 15.502038752683802 12.281319392395288 0.56656729453243393 1.0071014306740824 2.7530400750110848 2.5918699894100419 2.3881574803701815 7.06074237624125 2.1696877231443059 61.674652251091175 4.7906884747790173 10.875868047336551 1.2434789491817353 150.81608614506558 236.92884840502666 29.962581246145419
leaf_count=4433 8847 243 16 98 395 288 36080 4091 730 48 45318 17 7 7134 435 1876 13 10 25 17 260 163 34 1889 79 480 12 5679 3930 519
internal_value=0 0.01459 0.0412088 0.0323092 0.0190101 -0.00116072 -0.00712083 -0.00188714 -0.0041316 -0.0477988 -0.0199432 -0.0251222 0.0735316 0.00237527 -0.002099 -0.0016471 0.039791 0.0147696 0.0226894 0.00277416 -0.0160225 -0.00297642 -0.012685 0.00180422 -0.0284515 0.0534232 -0.00419167 -0.0142286 0.00301749 0.0069199
internal_weight=0 113.71 40.9508 37.7815 32.5337 1429.31 532.22 377.951 354.589 14.0707 154.268 134.24 2.96902 897.087 518.444 516.963 16.0686 20.0283 19.0212 16.2682 13.6763 500.894 165.267 335.627 12.2428 15.6655 4.78964 163.097 328.566 266.891
internal_count=123166 10091 1244 1228 1130 113075 91115 41028 36937 857 50087 45342 24 21960 14826 14538 448 4745 4735 4710 4693 14090 7589 6501 809 735 255 7555 6338 4449
is_linear=0
shrinkage=0.1


Tree=92
num_leaves=31
num_cat=0
split_feature=9 4 3 19 22 0 7 15 18 25 9 9 11 3 18 3 22 25 22 9 2 22 8 1 12 4 25 20 8 20
split_gain=1.96934 1.72959 1.67453 1.66314 2.0875 3.59558 2.73305 2.25967 1.76955 2.68093 3.03678 1.96332 1.6451 2.14832 1.75492 1.8473 1.61966 1.64925 1.58162 1.9818 3.23849 1.6826 2.28914 2.09014 1.77318 1.55392 2.26885 1.61316 1.54876 1.53885
threshold=2.5000000000000004 7.5000000000000009 4.5000000000000009 4.5000000000000009 17.500000000000004 10.500000000000002 6.5000000000000009 16.500000000000004 2.5000000000000004 1.0000000180025095e-35 18.500000000000004 9.5000000000000018 1.0000000180025095e-35 7.5000000000000009 1.0000000180025095e-35 3.5000000000000004 16.500000000000004 1.0000000180025095e-35 -43.499999999999993 19.500000000000004 38.500000000000007 -10.499999999999998 9.5000000000000018 10.500000000000002 5.5000000000000009 2.5000000000000004 1.0000000180025095e-35 653.50000000000011 13.500000000000002 367.50000000000006
decision_type=2 2 2 2 2 2 2 2 2 2 2 2 2 2 2 2 2 2 2 2 2 2 2 2 2 2 2 2 2 2
left_child=2 3 -1 18 5 -5 12 -8 -6 10 11 -10 13 16 -14 -16 17 -7 25 28 21 22 -21 24 -23 27 -27 -2 -20 -9
right_child=1 -3 -4 4 8 6 7 29 9 -11 -12 -13 14 -15 15 -17 -18 -19 19 20 -22 23 -24 -25 -26 26 -28 -29 -30 -31
leaf_value=-0.10256634070126221 -0.0522312242997508 0.10378734299719078 -0.019235766106621185 -0.10494198222527421 0.041858126005062439 0.020180438087113672 -0.14077066610716241 -0.0063529599324193709 0.12548449559387861 0.12791946207351124 0.079007800908378056 -0.10512900576207879 0.02338366315396866 0.20981442248674176 -0.15740877830541156 -0.034126108348310973 -0.17034284079425407 -0.11633267810420592 -0.00064190425223694975 0.0066135854529611937 0.10847514941120924 -0.19789446395102214 -0.12788465070148952 0.03087099088839463 0.048757219114909822 -0.033686865665025809 0.16707035177813623 0.083054735328129917 -0.17708506088046744 0.087250740601143351
leaf_weight=3.0304032431064334 13.455169887395641 1.6149520725011814 11.807126466310022 3.1445076877917044 30.391092169767944 9.8626260737837583 0.57885493613139161 2.371644169368663 0.40724926913389836 1.1221733782440422 1.5608354564756153 3.9476611175341532 2.1572048927773713 0.50759607274085361 2.0530795164195297 2.979084773309296 0.53477540798485357 0.97222792205866504 1396.7859297598566 4.0426988203544196 3.978458657860755 0.75659611541778093 1.8420153707265852 23.092976400163025 0.47410421259701252 1.4555177262864156 0.91798646960978647 0.94317999642862638 0.49765546433627506 6.7697615227662027
leaf_count=12205 14572 36 4785 188 349 169 19 34 6 9 16 64 47 4 52 52 5 17 89643 53 53 11 29 226 6 295 46 98 6 71
internal_value=0 0.000354088 -0.0362551 0.00024402 0.015371 -0.00341153 0.00767906 0.0508334 0.0313946 -0.0137888 -0.0406698 -0.0835632 -0.0143213 0.00853196 -0.0520761 -0.0844244 -0.000454274 0.00793091 -0.000480451 -0.000122742 0.0236649 0.0124953 -0.0354866 0.0241038 -0.102877 -0.0310108 0.0439588 -0.0433692 -0.000704746 0.0629662
internal_weight=0 1519.22 14.8375 1517.6 69.3604 31.9314 28.7869 9.72026 37.429 7.03792 5.91575 4.35491 19.0666 11.8772 7.18937 5.03216 11.3696 10.8349 1448.24 1431.47 34.1868 30.2084 5.88471 24.3237 1.2307 16.7719 2.3735 14.3983 1397.28 9.14141
internal_count=123166 106176 16990 106140 1102 658 470 124 444 95 86 70 346 195 151 104 191 186 105038 90027 378 325 82 243 17 15011 341 14670 89649 105
is_linear=0
shrinkage=0.1


Tree=93
num_leaves=31
num_cat=0
split_feature=14 12 5 22 10 5 16 9 5 4 2 8 4 15 22 21 15 15 20 11 14 7 14 1 16 1 14 3 22 20
split_gain=1.80213 2.69179 3.07153 2.34852 2.83962 3.52416 2.53767 2.2269 2.1985 1.91419 1.8508 2.02092 1.79429 2.63499 2.48232 2.60062 2.46417 2.10983 2.07214 4.58478 2.57177 3.44752 4.40683 2.39584 2.3895 2.36222 3.05629 2.33296 2.9479 2.28293
threshold=18.500000000000004 11.500000000000002 4.5000000000000009 43.500000000000007 3.5000000000000004 2.5000000000000004 78.850000000000009 2.5000000000000004 3.5000000000000004 3.5000000000000004 38.500000000000007 1.5000000000000002 3.5000000000000004 20.500000000000004 47.500000000000007 3.5000000000000004 10.500000000000002 6.5000000000000009 299.50000000000006 1.5000000000000002 10.500000000000002 3.5000000000000004 5.5000000000000009 6.5000000000000009 64.600000000000009 5.5000000000000009 7.5000000000000009 9.5000000000000018 18.500000000000004 205.50000000000003
decision_type=2 2 2 2 2 2 2 2 2 2 2 2 2 2 2 2 2 2 2 2 2 2 2 2 2 2 2 2 2 2
left_child=1 2 7 4 5 6 -3 -1 -2 -6 12 -12 -9 14 15 18 -17 -16 20 -20 21 22 23 -14 -21 26 -24 28 -28 -30
right_child=8 3 -4 -5 9 -7 -8 10 -10 -11 11 -13 13 -15 17 16 -18 -19 19 24 -22 -23 25 -25 -26 -27 27 -29 29 -31
leaf_value=-0.057118307192001228 0.0049755712004209904 0.032471229995411972 -0.1163499588502746 0.042436682818109264 -0.098623051657970834 -0.12319660333445598 -0.065557246016414106 -0.004400923263818874 0.10368388663016358 0.14790810488941442 -0.57339864428337772 0.072177726410801696 0.012271362786686259 0.11636949242431596 -0.10321249816812322 0.045756924512941582 -0.15439588444893751 -0.0095624562883008454 0.050285887498593453 0.068373208601344201 0.045462133451564468 0.050352340946585729 -0.064157869628115066 0.15489142727096403 -0.098440489785487306 -0.10172398877273525 0.084360555093467904 -0.14233108170009878 0.024384387624374747 -0.13205697704444905
leaf_weight=7.5138604542717067 426.70791158996144 8.4827064919882122 2.3906566052173721 24.73580873888568 0.38524574658367727 2.7529366566232047 3.8345049420331625 900.67027289186672 2.2684097886085501 1.726015582680702 0.049075845628975823 4.06304642977193 16.170443782772058 2.1949481728952369 2.5816708784841458 0.95490163005888407 1.7285511337686328 35.281608974561095 30.412570463260636 1.1433646418154229 13.240846076980231 9.5795635462272895 10.463489954534458 1.27040577988373 3.4490767868701369 5.34323788495385 4.6186705206055159 0.86580837331712324 2.5555770434439182 1.4689940870739517
leaf_count=16507 8074 133 96 334 9 56 60 95864 18 11 1 50 267 27 44 15 13 510 327 9 124 138 192 9 33 99 78 10 31 27
internal_value=0 -0.00214406 -0.00312873 0.0227094 -0.00569165 -0.0209081 0.00195372 -0.00287232 0.00549754 0.102923 -0.00248343 0.0644731 -0.00274716 0.00764537 0.00595441 0.0139851 -0.0831719 -0.0159479 0.0165772 0.0362225 0.00609048 -0.00387039 -0.0160189 0.0226599 -0.0569094 -0.042666 -0.0268663 0.0141683 0.0298452 -0.0327177
internal_weight=0 1099.93 1058.01 41.9172 17.1814 15.0701 12.3172 1055.62 428.976 2.11126 1048.11 4.11212 1043.99 143.324 141.129 103.266 2.68345 37.8633 100.582 35.005 65.577 52.3362 42.7566 17.4408 4.59244 25.3158 19.9725 9.50905 8.64324 4.02457
internal_count=123166 115074 114471 603 269 249 193 114375 8092 20 97868 51 97817 1953 1926 1372 28 554 1344 369 975 851 713 276 42 437 338 146 136 58
is_linear=0
shrinkage=0.1


Tree=94
num_leaves=31
num_cat=0
split_feature=4 2 15 16 22 21 7 3 15 12 9 9 6 12 14 2 14 12 21 15 20 6 0 20 0 13 10 16 7 16
split_gain=2.11705 2.32387 2.32297 2.47914 2.43772 2.98792 2.69307 3.05031 3.01689 2.80129 2.57811 2.37365 2.27871 2.87355 2.22712 2.29051 2.22927 2.22378 2.59959 3.18024 2.59136 2.13211 4.86607 4.15697 3.20417 2.90984 3.09714 2.18129 2.08337 3.89712
threshold=4.5000000000000009 24.500000000000004 17.500000000000004 98.550000000000011 -7.4999999999999991 2.5000000000000004 9.5000000000000018 4.5000000000000009 14.500000000000002 7.5000000000000009 6.5000000000000009 5.5000000000000009 22.500000000000004 12.500000000000002 1.5000000000000002 14.500000000000002 2.5000000000000004 8.5000000000000018 1.0000000180025095e-35 16.500000000000004 507.50000000000006 1.0000000180025095e-35 20.500000000000004 401.50000000000006 10.500000000000002 1.0000000180025095e-35 1.0000000180025095e-35 83.500000000000014 6.5000000000000009 63.100000000000009
decision_type=2 2 2 2 2 2 2 2 2 2 2 2 2 2 2 2 2 2 2 2 2 2 2 2 2 2 2 2 2 2
left_child=1 12 4 21 -3 6 9 8 -8 11 -11 -6 28 -14 15 -2 -16 18 -12 20 -20 -4 23 24 25 -23 27 -27 -1 -30
right_child=14 2 3 -5 5 -7 7 -9 -10 10 17 -13 13 -15 16 -17 -18 -19 19 -21 -22 22 -24 -25 -26 26 -28 -29 29 -31
leaf_value=-0.011703491434994717 -0.019368456142392906 -0.018224373566663708 -0.0017857393650072392 -0.18191145256936556 0.07446779668909595 -0.063139096882307497 -0.07973640333244128 0.11932754558849522 0.060376210212456122 -0.10256651658692298 0.12224985363576496 0.0046232491208109353 0.0092667777952020816 0.18470843085895527 -0.13104569632937782 0.1558305499072499 0.014973971548329032 0.023304525760696825 -0.14382358478396559 0.096857110009669761 0.078127641517462168 -0.10072724015055595 0.08955144315504289 0.051827435053616491 -0.018960629944992702 0.13899450859058263 -0.043596822890183635 -0.1097279772561463 -0.030277518963864793 0.028937724166768965
leaf_weight=369.89082794758309 1.1287643238902085 22.71324450978409 722.49983079953381 0.75122320611262594 5.1059574323589905 4.529418318765237 2.1201516236178559 5.4975890405476093 5.5848489974159747 1.1539460455533141 6.8430161126889306 103.43402339905151 56.260647567300794 0.94933746918104489 1.06160263204947 2.201896645128727 69.101613008184358 14.162831736495717 1.4111734278267252 2.9415875941049308 0.83865193277597416 1.0562113410196605 8.0578324035741371 15.561225676574393 39.85803879865307 4.3554594573179202 1.5597521798117666 0.38366087632311963 16.391627156477398 34.520302297491355
leaf_count=96027 9 1353 12485 30 117 64 29 32 47 26 50 1558 3942 4 14 11 778 166 23 23 6 40 68 199 576 40 27 15 1964 3443
internal_value=0 -0.000840127 0.00197111 -0.000334474 0.0123537 0.0168746 0.0193054 0.0624236 0.021822 0.0151163 0.0437178 0.00790889 -0.00654725 0.012178 0.0165574 0.0964554 0.0127646 0.0501614 0.0817682 0.0284076 -0.0610884 -0.000162535 0.0163944 0.00700385 -0.0077698 0.0528746 0.078631 0.118859 -0.00909303 0.00987276
internal_weight=0 1448.43 970.42 794.083 176.336 153.623 149.094 13.2026 7.705 135.891 27.3512 108.54 478.013 57.21 73.4939 3.33066 70.1632 26.1973 12.0344 5.19141 2.24983 793.332 70.8322 62.7743 47.2131 7.35508 6.29887 4.73912 420.803 50.9119
internal_count=123166 122354 16974 13480 3494 2141 2077 108 76 1969 294 1675 105380 3946 812 20 792 268 102 52 29 13450 965 897 698 122 82 55 101434 5407
is_linear=0
shrinkage=0.1


Tree=95
num_leaves=31
num_cat=0
split_feature=4 8 11 14 22 7 1 9 6 4 14 20 3 3 22 17 18 19 3 7 20 12 12 7 7 13 15 7 8 22
split_gain=1.7605 2.60549 2.97409 2.90487 2.61617 1.98887 2.72699 3.11527 2.70858 2.45982 3.07609 3.08855 2.4168 2.11646 2.69008 2.08455 2.05125 3.28151 1.92167 1.9952 1.91304 2.63079 2.79868 2.14543 3.02801 3.99463 3.91882 2.74424 2.19535 2.59557
threshold=1.5000000000000002 3.5000000000000004 1.5000000000000002 20.500000000000004 128.50000000000003 6.5000000000000009 4.5000000000000009 9.5000000000000018 20.500000000000004 3.5000000000000004 14.500000000000002 666.50000000000011 2.5000000000000004 11.500000000000002 10.500000000000002 1.0000000180025095e-35 4.5000000000000009 1.0000000180025095e-35 1.5000000000000002 1.5000000000000002 563.50000000000011 12.500000000000002 8.5000000000000018 1.5000000000000002 6.5000000000000009 3.5000000000000004 21.500000000000004 1.0000000180025095e-35 10.500000000000002 50.500000000000007
decision_type=2 2 2 2 2 2 2 2 2 2 2 2 2 2 2 2 2 2 2 2 2 2 2 2 2 2 2 2 2 2
left_child=20 5 -3 -4 -5 8 -7 -8 9 10 13 12 -12 -2 -15 -13 17 -10 19 -11 -1 22 -22 27 25 26 -25 -24 29 -26
right_child=1 2 3 4 -6 6 7 -9 16 18 11 15 -14 14 -16 -17 -18 -19 -20 -21 21 -23 23 24 28 -27 -28 -29 -30 -31
leaf_value=-0.0039342203253033585 -0.028763571042320902 0.021783826917337684 -0.030578900011161855 0.088725166836712374 -0.33957115800875731 -0.07141760310654037 0.087273625482936851 -0.0052397009844625999 0.071741799458033578 0.054844976450937361 -0.078032266628169894 0.068760488660875863 0.011446145005420558 -0.16592077288893303 0.091448047719321982 -0.20424297316525825 0.1507487537696876 -0.12289877959672413 0.0073770571175389632 -0.13463825354762379 0.0024595490791422129 -0.075809382937021372 -0.087671300603647334 -0.12263019485358272 0.10945324334119849 0.042995088016475419 0.011492565826810318 0.11104513557605378 -0.1042269200514969 -0.083192626782972595
leaf_weight=910.42067955915013 78.477362211446007 129.34767031832871 20.641910800317422 3.2098838235251601 0.14925050362944592 2.1802783399953141 8.6416965133530521 6.2886750588659188 3.754889333198661 0.79037642086041104 3.1770252220385364 0.37017168151214619 60.531867358577074 0.47597957585821804 2.7670258195721544 1.1442425753921268 1.8396608156981527 1.1258990322530733 142.09893611657026 1.8716394150396807 98.047972661710446 3.5798174060764714 0.79021962871774931 3.8979624762432703 6.7755734543316049 10.796353626530616 4.9383988484041765 5.7644310154646519 0.63356299139559258 0.77988109411671747
leaf_count=104500 9976 1777 275 42 3 135 225 97 89 11 71 9 1027 13 29 13 26 35 2060 28 2304 45 15 68 47 119 56 55 7 9
internal_value=0 0.00509201 0.0157849 -0.0165447 0.0696954 -0.000104694 0.0330514 0.048307 -0.00200575 -0.00345179 -0.0125662 0.00362901 0.00698405 -0.0254921 0.0536737 -0.137512 0.0607604 0.0268422 0.00580009 -0.078379 -0.00228164 0.00878086 0.0110676 0.0356193 0.0234935 0.00218702 -0.0476727 0.0870882 0.0745747 0.0895682
internal_weight=0 468.884 153.349 24.001 3.35913 315.536 17.1106 14.9304 298.425 291.705 146.944 65.2233 63.7089 81.7204 3.24301 1.51441 6.72045 4.88079 144.761 2.66202 1046.42 136.004 132.424 34.3764 27.8217 19.6327 8.83636 6.55465 8.18902 7.55545
internal_count=123166 15941 2097 320 45 13844 457 322 13387 13237 11138 1120 1098 10018 42 22 150 124 2099 39 107225 2725 2680 376 306 243 124 70 63 56
is_linear=0
shrinkage=0.1


Tree=96
num_leaves=31
num_cat=0
split_feature=9 18 14 5 19 18 20 12 22 9 3 8 9 10 13 22 16 14 9 7 12 14 8 20 25 4 3 14 20 16
split_gain=2.25742 1.52805 1.50127 2.94811 2.00862 2.80466 2.38845 2.26107 2.00699 1.90854 1.78685 2.01298 3.15296 2.93168 2.83304 4.66922 4.02545 3.03552 3.849 2.92852 3.72232 2.85209 2.77527 2.73298 3.32469 2.6531 2.41937 4.5083 4.23577 3.72194
threshold=24.500000000000004 2.5000000000000004 18.500000000000004 3.5000000000000004 4.5000000000000009 2.5000000000000004 813.50000000000011 4.5000000000000009 76.500000000000014 18.500000000000004 11.500000000000002 6.5000000000000009 9.5000000000000018 1.5000000000000002 1.5000000000000002 23.500000000000004 79.750000000000014 17.500000000000004 17.500000000000004 1.5000000000000002 9.5000000000000018 16.500000000000004 10.500000000000002 475.50000000000006 1.0000000180025095e-35 2.5000000000000004 1.5000000000000002 15.500000000000002 299.50000000000006 65.300000000000026
decision_type=2 2 2 2 2 2 2 2 2 2 2 2 2 2 2 2 2 2 2 2 2 2 2 2 2 2 2 2 2 2
left_child=2 -2 10 4 -4 6 7 -6 -5 -9 11 25 -13 14 19 16 17 -16 -19 21 23 -14 -18 -21 -25 -1 27 -17 29 -28
right_child=1 -3 3 8 5 -7 -8 9 -10 -11 -12 12 13 -15 15 26 22 18 -20 20 -22 -23 -24 24 -26 -27 28 -29 -30 -31
leaf_value=-0.0094388343042040232 0.097547672313693601 -0.070735599000945337 0.0028721918720421035 0.14756951395669216 -0.093595544662195662 -0.10008688534086495 -0.19576775565661914 0.082267799327232161 -0.096280145173670298 -0.083674284768839216 0.024115424265932748 0.067606545860627684 0.026179926620585721 0.037434151419952801 -0.010024118598119865 0.07747622169924244 -0.052196481729350402 -0.12540794142510359 0.066814669457635326 0.0067611889456666227 0.076828119627212088 0.16000659760438182 -0.16981009731405566 -0.10053966348443986 0.10712738785238073 0.0033092018797958398 0.044534812465060254 -0.14117199187157217 0.019406806869181933 -0.075895158153397924
leaf_weight=528.7695629226946 3.6383414599113157 0.63353547267615784 404.12271981608274 2.2240805886685844 0.88155943714081964 1.2956135056447227 0.3723825756460436 11.467930772239921 0.39790647476911534 0.73767020367086011 25.244432846909604 7.6497320054659204 4.3247905781463478 22.212004861823516 74.52860716378018 9.442201494734034 8.7372508350363187 4.7665522417155435 1.3330108439549802 86.680196527708176 7.25049627223052 2.5206674244254827 2.6042767601902588 4.6025575456733341 0.92604381528508373 236.17240458531705 3.4416217515245071 1.0476515851914872 40.265545419068076 10.089570731506681
leaf_count=103645 38 9 7907 13 9 17 5 118 5 12 593 297 128 287 1510 125 206 84 13 1672 77 10 23 66 14 5645 48 12 422 156
internal_value=0 0.0725906 -0.000206168 0.00485705 0.00419538 0.0404356 0.0539622 0.061068 0.110563 0.0722388 -0.00217747 -0.00280521 0.00425172 0.00254985 -0.000401275 -0.00896907 -0.0234215 -0.015575 -0.0833992 0.0121924 0.00783806 0.0754582 -0.0792033 0.00241329 -0.0657553 -0.00550294 0.0117069 0.0556392 0.00314049 -0.0452641
internal_weight=0 4.27188 1504.11 421.5 418.878 14.7552 13.4595 13.0872 2.62199 12.2056 1082.61 1057.36 292.423 284.773 262.561 156.256 91.9697 80.6282 6.09956 106.305 99.4593 6.84546 11.3415 92.2088 5.5286 764.942 64.2866 10.4899 53.7967 13.5312
internal_count=123166 47 123119 8086 8068 161 144 139 18 130 115033 114440 5150 4853 4566 2599 1836 1607 97 1967 1829 138 229 1752 80 109290 763 137 626 204
is_linear=0
shrinkage=0.1


Tree=97
num_leaves=31
num_cat=0
split_feature=4 2 1 22 20 1 22 12 14 16 20 20 22 3 8 25 15 21 15 10 14 10 1 21 16 16 0 14 13 2
split_gain=1.88221 2.75126 2.67151 2.66856 2.26007 2.43721 3.67414 3.43852 3.13053 2.70895 2.26307 3.2764 2.92538 2.89236 3.27138 3.12701 4.16032 2.56255 2.52196 2.24448 2.18888 2.39282 2.14178 2.03639 2.10412 2.02564 2.0055 2.82504 2.16218 1.95096
threshold=1.0000000180025095e-35 34.500000000000007 15.500000000000002 -19.499999999999996 593.50000000000011 13.500000000000002 17.500000000000004 10.500000000000002 18.500000000000004 80.700000000000003 401.50000000000006 389.50000000000006 8.5000000000000018 5.5000000000000009 3.5000000000000004 1.0000000180025095e-35 20.500000000000004 2.5000000000000004 23.500000000000004 1.0000000180025095e-35 15.500000000000002 1.5000000000000002 16.500000000000004 1.0000000180025095e-35 87.700000000000017 79.250000000000014 19.500000000000004 24.500000000000004 3.5000000000000004 26.500000000000004
decision_type=2 2 2 2 2 2 2 2 2 2 2 2 2 2 2 2 2 2 2 2 2 2 2 2 2 2 2 2 2 2
left_child=4 26 3 -3 10 6 -6 -7 -9 25 11 13 -12 14 15 -1 19 -16 -14 -17 21 -20 -4 24 -11 -8 27 -2 -29 -28
right_child=1 2 22 -5 5 7 9 8 -10 23 12 -13 18 -15 17 16 -18 -19 20 -21 -22 -23 -24 -25 -26 -27 29 28 -30 -31
leaf_value=-0.048608708792682476 0.0004867376366094584 -0.11906493787659166 0.09722617694246298 0.0036919221964079284 -0.028177297280919247 0.060570792935159816 0.032984990451330805 -1.7355137211334584 -0.082941975276568269 -0.11372814355580133 -0.03300203292853477 0.04060714256840095 0.0036455968011827964 0.0071047772742411502 -0.0018965483909401826 -0.060488944312718486 0.072499290028567448 -0.075414514194380555 -0.14906776150149265 0.015173833087583312 -0.020591397196632041 0.11304172525727728 0.028014928013841891 0.13111941513460351 0.022751429973560326 0.1300283770488703 0.055212364476912558 -0.095526553444037487 0.04338737856678801 0.010247323516232577
leaf_weight=37.205783317367718 703.71281212683425 2.0348616149276504 5.016342901159077 13.649632248561826 21.620605801641432 15.44316544692265 17.457050428987721 0.011548396199940636 1.5494283605366943 2.7808585426173513 61.36568950092817 17.425949303511061 82.674889813014488 151.44730025865192 175.64353323705427 8.8737673780512427 5.7029215563488824 4.8727045273690228 2.4418965033255513 7.0238579484944799 35.750160189665621 0.40623404085636128 41.141543539939448 0.64591877860948432 1.9024174547084838 2.4532275808742261 11.392487763642746 5.1528007625602177 1.4318159174654281 63.065719833070034
leaf_count=24042 40235 30 47 147 857 167 250 1 23 90 4528 920 2657 15037 8748 16794 258 241 21 6161 437 3 437 5 46 23 194 78 24 665
internal_value=0 0.00311374 0.023421 -0.0122342 -0.00402641 0.0138444 0.00207667 0.046274 -0.095168 0.0279928 -0.0059581 -0.00181831 -0.0152105 -0.00371022 -0.0105541 -0.0310384 -0.000774434 -0.00388103 -0.00620775 -0.0270598 -0.0273129 -0.111683 0.0355367 -0.0353312 -0.0582881 0.0449421 0.00151344 -0.000123305 -0.0653199 0.0171272
internal_weight=0 846.598 61.8424 15.6845 654.699 63.8642 46.8601 17.0041 1.56098 25.2395 590.835 408.196 182.639 390.77 239.323 58.8063 21.6005 180.516 121.273 15.8976 38.5983 2.84813 46.1579 5.32919 4.68328 19.9103 784.756 710.297 6.58462 74.4582
internal_count=123166 41857 661 177 81309 1462 1271 191 24 414 79847 72201 7646 71281 56244 47255 23213 8989 3118 22955 461 24 484 141 136 273 41196 40337 102 859
is_linear=0
shrinkage=0.1


Tree=98
num_leaves=31
num_cat=0
split_feature=3 5 7 22 20 0 15 8 22 23 2 4 15 6 22 16 18 18 22 16 14 0 2 6 9 3 10 3 18 10
split_gain=1.38607 3.42873 2.66572 2.60341 2.6088 2.84009 2.50088 2.40522 3.01765 2.1396 2.13607 2.08663 1.98216 1.95442 3.98022 3.2279 2.07345 1.93854 1.91975 2.27875 2.48756 2.48419 2.16733 2.96578 1.86758 2.45589 1.84581 1.95355 1.84567 1.92093
threshold=8.5000000000000018 2.5000000000000004 1.5000000000000002 25.500000000000004 389.50000000000006 23.500000000000004 27.500000000000004 3.5000000000000004 -23.499999999999996 1.0000000180025095e-35 40.500000000000007 6.5000000000000009 9.5000000000000018 22.500000000000004 28.500000000000004 54.250000000000007 1.5000000000000002 1.5000000000000002 14.500000000000002 80.700000000000003 21.500000000000004 18.500000000000004 19.500000000000004 1.5000000000000002 4.5000000000000009 4.5000000000000009 1.0000000180025095e-35 12.500000000000002 1.5000000000000002 5.5000000000000009
decision_type=2 2 2 2 2 2 2 2 2 2 2 2 2 2 2 2 2 2 2 2 2 2 2 2 2 2 2 2 2 2
left_child=7 2 10 18 5 6 28 8 -1 -8 26 13 -3 -10 15 -15 -16 -17 -4 20 22 -22 23 -20 25 -13 -2 -28 29 -5
right_child=1 12 3 4 -6 -7 9 -9 11 -11 -12 24 -14 14 16 17 -18 -19 19 -21 21 -23 -24 -25 -26 -27 27 -29 -30 -31
leaf_value=-0.045777738330073849 -0.039716828334237168 -0.038777484018545152 0.01451201792882016 -0.028724602731179438 -0.024726840987332896 0.12174626886342399 0.10076140185582963 0.0023945246706222945 -0.0066510548844429225 -0.2850247995689858 0.16384243294991663 -1.4749309114644247 0.068897129168533064 -0.16062889582507198 -0.011775433399779557 0.09051217379812182 0.095594236551356404 -0.023255870030378569 -0.094930642473363358 0.0064297132605770219 -0.11043885593518854 0.075225999262558227 0.12106124930839877 0.13453988678983692 0.12113249797236912 -0.074907527076268299 -0.014008434260052525 0.038577147355664629 0.022704376813248842 0.19769018983756115
leaf_weight=18.778871313553736 20.211394099840618 1.9785594049153576 48.1495869157161 16.781493696675174 29.063055635029741 2.329347630031406 3.6119399410672481 749.06363485771158 489.29100071880885 0.1497194655239581 0.67646656092256208 0.013003946281968992 12.579973696236264 1.3975931777986286 2.3597501753047236 1.9616722421687862 7.5630915979927522 6.3328024363872828 1.2219115476109466 7.4884567011067693 1.2878281642333598 1.6363020148128269 8.3780140619492141 1.0448394274644668 2.1521671172231436 0.34351870510727167 33.914339513813047 8.9235108432985708 17.165472924127243 0.38327428512275119
leaf_count=28395 1099 91 1876 412 463 16 31 20035 66296 2 5 1 200 224 152 155 375 635 53 187 19 20 108 12 35 8 1534 183 538 6
internal_value=0 0.00739038 0.00401908 0.011798 -0.00187551 0.0145547 0.00799985 -0.00125349 -0.00640744 0.0854066 -0.0129107 -0.00496178 0.0542637 -0.00541026 0.0255412 -0.0200384 0.0700607 0.00365067 0.0255262 0.0507112 0.0751494 -0.00654342 0.0975906 0.0108418 0.0860151 -0.125973 -0.0148071 -0.00305438 -0.000481815 -0.023669
internal_weight=0 216.975 202.417 138.691 69.4843 40.4212 38.0919 1279.26 530.193 3.76166 63.7257 511.415 14.5585 508.906 19.6149 9.69207 9.92284 8.29447 69.2069 21.0574 13.5689 2.92413 10.6448 2.26675 2.50869 0.356523 63.0492 42.8379 34.3302 17.1648
internal_count=123166 6855 6564 3743 1468 1005 989 116311 96276 33 2821 67881 291 67837 1541 1014 527 790 2275 399 212 39 173 65 44 9 2816 1717 956 418
is_linear=0
shrinkage=0.1


Tree=99
num_leaves=31
num_cat=0
split_feature=6 0 13 4 7 1 8 6 22 16 14 18 0 13 0 14 9 1 22 18 22 22 22 7 0 5 9 8 14 22
split_gain=1.50386 1.80621 1.94364 1.74173 1.8951 1.81741 1.61524 1.6061 3.00589 2.09609 1.945 1.9137 1.90265 1.86896 1.75056 1.50667 1.85874 3.7698 2.29694 2.24388 3.53915 3.3573 2.19953 1.78786 2.81776 1.9617 1.82967 1.66405 1.60199 1.56499
threshold=59.500000000000007 6.5000000000000009 6.5000000000000009 1.5000000000000002 2.5000000000000004 2.5000000000000004 8.5000000000000018 35.500000000000007 22.500000000000004 54.250000000000007 8.5000000000000018 2.5000000000000004 12.500000000000002 7.5000000000000009 11.500000000000002 25.500000000000004 11.500000000000002 15.500000000000002 128.50000000000003 2.5000000000000004 1.5000000000000002 -3.4999999999999996 24.500000000000004 3.5000000000000004 13.500000000000002 1.0000000180025095e-35 7.5000000000000009 5.5000000000000009 32.500000000000007 -48.499999999999993
decision_type=2 2 2 2 2 2 2 2 2 2 2 2 2 2 2 2 2 2 2 2 2 2 2 2 2 2 2 2 2 2
left_child=1 2 3 6 5 -5 -1 15 9 12 -10 14 -9 -11 -12 29 17 19 28 21 -21 -17 -23 24 -19 -26 -25 -22 -18 -3
right_child=-2 7 -4 4 -6 -7 -8 8 10 13 11 -13 -14 -15 -16 16 18 23 -20 20 27 22 -24 26 25 -27 -28 -29 -30 -31
leaf_value=-0.056664414128230513 0.099959299373639496 -0.038832419660536042 0.085459105194271953 -0.064957151044884823 -0.058227848994787758 0.073994853226672652 0.050443701583595804 -0.16152598043126254 0.093642487117579054 0.020091423860531421 0.11376669849991244 -0.0853962500605049 0.016342620382503881 -0.23494716680744632 -0.089830357339153635 0.070253199643581357 -0.02683843588150597 -0.10728013044960148 -0.58749990390046103 -0.13029680598769866 0.052786745553884844 -0.092569560003966891 -0.012606877475328722 -0.062049030710210042 0.05310036182076653 0.13041694673938187 0.050312517559235562 0.18546334118403768 0.12258292094338814 -0.00042241303521758672
leaf_weight=17.291284996945489 1.5035650501376938 10.690845133197625 1.5087618457062024 1.2185924026383625 2.8792260693284106 4.1364358998091575 1.532779622444649 1.4774091411545698 7.4268670183373597 10.198394433729842 1.6761866015731364 1.4362648897804318 1.0142610425828023 0.29566523898392993 0.56454901862889517 3.7558427014737417 10.82169011398218 0.78726796344563155 0.070988258346916022 0.91958072780107514 4.3810634112451226 4.6873070551082554 12.926989346160552 2.1596139417088116 7.3911492057377455 5.9021018118364736 4.4057571954326704 1.2054115831851957 0.7684727758169182 1364.7768361591186
leaf_count=32580 26 9682 967 605 1043 1233 46 123 108 302 17 24 22 4 9 78 109 21 2 25 47 53 149 34 85 42 58 2 6 75664
internal_value=0 -0.000100984 -0.0250035 -0.0311628 0.00719768 0.0423749 -0.047943 0.000386357 0.0259934 -0.00667115 0.0641938 0.00471279 -0.0891227 0.0129058 0.0624708 -4.33172e-05 0.0154439 0.0240592 -0.0204046 7.14715e-05 0.051491 -0.015583 -0.0338856 0.0564476 0.0765418 0.0874283 0.0133523 0.0814148 -0.0169312 -0.000720955
internal_weight=0 1488.31 28.5671 27.0583 8.23425 5.35503 18.8241 1459.74 24.0896 12.9857 11.1039 3.677 2.49167 10.4941 2.24074 1435.65 60.1832 48.5221 11.6612 27.8762 6.50606 21.3701 17.6143 20.6459 14.0805 13.2933 6.56537 5.58647 11.5902 1375.47
internal_count=123166 123140 36474 35507 2881 1838 32626 86666 609 451 158 50 145 306 26 86057 711 594 117 354 74 280 202 240 148 127 92 49 115 85346
is_linear=0
shrinkage=0.1


end of trees

feature_importances:
team_margin=367
goals=295
disposals=271
hitouts=191
tackles=178
metres_gained=171
contested_possessions=170
marks=145
kicks=122
disposal_efficiency=122
contested_marks=105
clearances=103
uncontested_possessions=97
intercepts=96
effective_disposals=92
handballs=81
score_involvements=78
one_percenters=76
centre_clearances=57
behinds=39
marks_inside_50=37
goal_assists=36
tackles_inside_50=26
position_forward=15
position_defender=13
position_midfield=9
position_ruck=8

parameters:
[boosting: gbdt]
[objective: lambdarank]
[metric: ndcg]
[tree_learner: serial]
[device_type: cpu]
[data_sample_strategy: bagging]
[data: ]
[valid: ]
[num_iterations: 100]
[learning_rate: 0.1]
[num_leaves: 31]
[num_threads: 8]
[seed: 0]
[deterministic: 0]
[force_col_wise: 0]
[force_row_wise: 0]
[histogram_pool_size: -1]
[max_depth: -1]
[min_data_in_leaf: 1]
[min_sum_hessian_in_leaf: 0.001]
[bagging_fraction: 1]
[pos_bagging_fraction: 1]
[neg_bagging_fraction: 1]
[bagging_freq: 0]
[bagging_seed: 3]
[feature_fraction: 1]
[feature_fraction_bynode: 1]
[feature_fraction_seed: 2]
[extra_trees: 0]
[extra_seed: 6]
[early_stopping_round: 0]
[early_stopping_min_delta: 0]
[first_metric_only: 0]
[max_delta_step: 0]
[lambda_l1: 0]
[lambda_l2: 0]
[linear_lambda: 0]
[min_gain_to_split: 0]
[drop_rate: 0.1]
[max_drop: 50]
[skip_drop: 0.5]
[xgboost_dart_mode: 0]
[uniform_drop: 0]
[drop_seed: 4]
[top_rate: 0.2]
[other_rate: 0.1]
[min_data_per_group: 100]
[max_cat_threshold: 32]
[cat_l2: 10]
[cat_smooth: 10]
[max_cat_to_onehot: 4]
[top_k: 20]
[monotone_constraints: ]
[monotone_constraints_method: basic]
[monotone_penalty: 0]
[feature_contri: ]
[forcedsplits_filename: ]
[refit_decay_rate: 0.9]
[cegb_tradeoff: 1]
[cegb_penalty_split: 0]
[cegb_penalty_feature_lazy: ]
[cegb_penalty_feature_coupled: ]
[path_smooth: 0]
[interaction_constraints: ]
[verbosity: 1]
[saved_feature_importance_type: 0]
[use_quantized_grad: 0]
[num_grad_quant_bins: 4]
[quant_train_renew_leaf: 0]
[stochastic_rounding: 1]
[linear_tree: 0]
[max_bin: 255]
[max_bin_by_feature: ]
[min_data_in_bin: 3]
[bin_construct_sample_cnt: 200000]
[data_random_seed: 1]
[is_enable_sparse: 1]
[enable_bundle: 1]
[use_missing: 1]
[zero_as_missing: 0]
[feature_pre_filter: 1]
[pre_partition: 0]
[two_round: 0]
[header: 0]
[label_column: ]
[weight_column: ]
[group_column: ]
[ignore_column: ]
[categorical_feature: ]
[forcedbins_filename: ]
[precise_float_parser: 0]
[parser_config_file: ]
[objective_seed: 5]
[num_class: 1]
[is_unbalance: 0]
[scale_pos_weight: 1]
[sigmoid: 1]
[boost_from_average: 1]
[reg_sqrt: 0]
[alpha: 0.9]
[fair_c: 1]
[poisson_max_delta_step: 0.7]
[tweedie_variance_power: 1.5]
[lambdarank_truncation_level: 30]
[lambdarank_norm: 1]
[label_gain: ]
[lambdarank_position_bias_regularization: 0]
[eval_at: 1,2,3,4,5]
[multi_error_top_k: 1]
[auc_mu_weights: ]
[num_machines: 1]
[local_listen_port: 12400]
[time_out: 120]
[machine_list_filename: ]
[machines: ]
[gpu_platform_id: -1]
[gpu_device_id: -1]
[gpu_use_dp: 0]
[num_gpu: 1]

end of parameters

pandas_categorical:[]
